167782;Абіюч, у сирому вигляді
171687;Сік ацероли, у сирому вигляді
171686;Ацерола, (вест-індійська вишня), у сирому вигляді
173191;Алкогольний напій, вино, столове, червоний, Barbera
173208;Алкогольний напій, вино, столове, червоний, Burgundy
174834;Алкогольний напій, вино, столове, червоний, Cabernet Franc
174833;Алкогольний напій, вино, столове, червоний, Cabernet Sauvignon
174840;Алкогольний напій, вино, столове, червоний, Carignane
173194;Алкогольний напій, вино, столове, червоний, Claret
171872;Алкогольний напій, вино, столове, червоний, Gamay
174838;Алкогольний напій, вино, столове, червоний, Lemberger
171925;Алкогольний напій, вино, столове, червоний, Merlot
174109;Алкогольний напій, вино, столове, червоний, Mouvedre
173193;Алкогольний напій, вино, столове, червоний, Petite Sirah
174835;Алкогольний напій, вино, столове, червоний, Pinot Noir
174839;Алкогольний напій, вино, столове, червоний, Sangiovese
174836;Алкогольний напій, вино, столове, червоний, Syrah
173192;Алкогольний напій, вино, столове, червоний, Zinfandel
168749;Алкогольний напій, пиво, легкий
169572;Алкогольний напій, пиво, легкий, BUD LIGHT
168748;Алкогольний напій, пиво, легкий, BUDWEISER SELECT
174145;Алкогольний напій, пиво, легкий, вищий алкохол
169575;Алкогольний напій, пиво, легкий, низький карб
168747;Алкогольний напій, пиво, звичайний, BUDWEISER
168746;Алкогольний напій, пиво, звичайний, усі
173168;Алкогольний напій, крем де менте, 72 міцність у градусах міцність proof
169573;Алкогольний напій, дейквірі, консервований
169574;Алкогольний напій, дейквірі, приготований за рецептом
173664;Алкогольний напій, дистильований, усі (джин, ром, горілка, віскі) 100 міцність у градусах міцність proof
174815;Алкогольний напій, дистильований, усі (джин, ром, горілка, віскі) 80 міцність у градусах міцність proof
171919;Алкогольний напій, дистильований, усі (джин, ром, горілка, віскі) 86 міцність у градусах міцність proof
171920;Алкогольний напій, дистильований, усі (джин, ром, горілка, віскі) 90 міцність у градусах міцність proof
173663;Алкогольний напій, дистильований, усі (джин, ром, горілка, віскі) 94 міцність у градусах міцність proof
174817;Алкогольний напій, дистильований, ром, 80 міцність у градусах міцність proof
174818;Алкогольний напій, дистильований, горілка, 80 міцність у градусах міцність proof
174819;Алкогольний напій, дистильований, віскі, 86 міцність у градусах міцність proof
175098;Алкогольний напій, лікер, кава з вершки, 34 міцність у градусах міцність proof
175097;Алкогольний напій, лікер, кава, 53 міцність у градусах міцність proof
173665;Алкогольний напій, лікер, кава, 63 міцність у градусах міцність proof
174141;Алкогольний напій, малт пиво, твердий лимонад
168750;Алкогольний напій, піна колада, консервований
168752;Алкогольний напій, піна колада, приготований за рецептом
167723;Алкогольний напій, рис (саке)
168753;Алкогольний напій, теквіла сунрісе, консервований
173662;Алкогольний напій, віскі кислий
174810;Алкогольний напій, віскі кислий, консервований
174812;Алкогольний напій, віскі кислий, приготований з ітем 14028
173164;Алкогольний напій, віскі кислий, приготований з водою, віскі і порошок суміш
169070;Алкогольний напій, вино, кукінг
175112;Алкогольний напій, вино, десерт, сухий
173176;Алкогольний напій, вино, десерт, солодкий
169071;Алкогольний напій, вино, легкий
173185;Алкогольний напій, вино, столове, усі
173190;Алкогольний напій, вино, столове, червоний
174837;Алкогольний напій, вино, столове, білий
174110;Алкогольний напій, вино, столове, білий, Chardonnay
173195;Алкогольний напій, вино, столове, білий, Chenin Blanc
173196;Алкогольний напій, вино, столове, білий, Фуме Бланк
174843;Алкогольний напій, вино, столове, білий, Gewurztraminer
173198;Алкогольний напій, вино, столове, білий, Муллер Турго
174849;Алкогольний напій, вино, столове, білий, Muscat
174848;Алкогольний напій, вино, столове, білий, Пінот Бланк
174841;Алкогольний напій, вино, столове, білий, Pinot Gris (Грігіо)
173200;Алкогольний напій, вино, столове, білий, Riesling
173201;Алкогольний напій, вино, столове, білий, Sauvignon Blanc
174845;Алкогольний напій, вино, столове, білий, Semillon
173202;Алкогольний напій, вино, столове, білий, лате харвест
174844;Алкогольний напій, вино, столове, білий, лате харвест, Gewurztraminer
171906;Алкогольні напої, пиво, вищий алкохол
171908;Алкогольні напої, вино, росе
168384;Алфалфа насіння, пророщений, у сирому вигляді
170683;Амарант зерно, після приготування
170682;Амарант зерно, не приготовлений
168492;Листя амаранту, після приготування, відварений, відціджений, із сіллю
169202;Листя амаранту, після приготування, відварений, відціджений, без солі
168385;Листя амаранту, у сирому вигляді
167590;Андрі’с, Без глютену М’який Готова страва Булочка
172345;Анімал жир, бекон грісе
167771;Яблуко сік, консервований або бутильований, без підсолоджувачів, з з доданою аскорбіновою кислотою
167800;Яблуко сік, консервований або бутильований, без підсолоджувачів, з з доданою аскорбіновою кислотою, кальцій, і потассіум
173933;Яблуко сік, консервований або бутильований, без підсолоджувачів, без з доданою аскорбіновою кислотою
173935;Яблуко сік, заморожений концентрат, без підсолоджувачів, розведений з 3 об’єм вода без з доданою аскорбіновою кислотою
167775;Яблуко сік, заморожений концентрат, без підсолоджувачів, розведений з 3 об’єм вода, з з доданою аскорбіновою кислотою
168188;Яблуко сік, заморожений концентрат, без підсолоджувачів, нерозведений, з з доданою аскорбіновою кислотою
173934;Яблуко сік, заморожений концентрат, без підсолоджувачів, нерозведений, без з доданою аскорбіновою кислотою
173930;Яблука, консервований, підсолоджений, нарізаний скибками, відціджений, підігрітий
171690;Яблука, зневоднений (з низьким вмістом вологи), оброблений сірчистим газом, тушкований
173931;Яблука, зневоднений (з низьким вмістом вологи), оброблений сірчистим газом, не приготовлений
171693;Яблука, сушений, оброблений сірчистим газом, тушкований, з додаванням цукру
174931;Хліб, начинка, суха суміш, приготований
171692;Яблука, сушений, оброблений сірчистим газом, тушкований, без додавання цукру
171691;Яблука, сушений, оброблений сірчистим газом, не приготовлений
173932;Яблука, заморожений, без підсолоджувачів, підігрітий (Включає харчові продукти для USDA'с Харчовий продукт Розподіл Програма)
171694;Яблука, заморожений, без підсолоджувачів, без підігрівання (Включає харчові продукти для USDA'с Харчовий продукт Розподіл Програма)
167793;Яблука, у сирому вигляді, фуджі, зі шкіркою (Включає харчові продукти для USDA'с Харчовий продукт Розподіл Програма)
168204;Яблука, у сирому вигляді, гала, зі шкіркою (Включає харчові продукти для USDA'с Харчовий продукт Розподіл Програма)
168202;Яблука, у сирому вигляді, золотистий делікіаус, зі шкіркою
168203;Яблука, у сирому вигляді, гранни сміт, зі шкіркою (Включає харчові продукти для USDA'с Харчовий продукт Розподіл Програма)
168201;Яблука, у сирому вигляді, червоний делікіаус, зі шкіркою (Включає харчові продукти для USDA'с Харчовий продукт Розподіл Програма)
171688;Яблука, у сирому вигляді, зі шкіркою (Включає харчові продукти для USDA'с Харчовий продукт Розподіл Програма)
171689;Яблука, у сирому вигляді, без шкірки
173928;Яблука, у сирому вигляді, без шкірки, після приготування, відварений
173929;Яблука, у сирому вигляді, без шкірки, після приготування, для мікрохвильової печі
167773;Яблучне пюре, консервований, підсолоджений, із сіллю
171696;Яблучне пюре, консервований, підсолоджений, без солі
167772;Яблучне пюре, консервований, без підсолоджувачів, з з доданою аскорбіновою кислотою
171695;Яблучне пюре, консервований, без підсолоджувачів, без з доданою аскорбіновою кислотою (Включає харчові продукти для USDA'с Харчовий продукт Розподіл Програма)
171704;Абрикос нектар, консервований, з з доданою аскорбіновою кислотою
171701;Абрикоси, консервований, додатковий у густому сиропі, без шкірки, тверда частина та рідина
173938;Абрикоси, консервований, у дуже легкому сиропі, зі шкіркою, тверда частина та рідина (Включає харчові продукти для USDA'с Харчовий продукт Розподіл Програма)
171699;Абрикоси, консервований, у густому сиропі, зі шкіркою, тверда частина та рідина
171700;Абрикоси, консервований, у густому сиропі, без шкірки, тверда частина та рідина
167768;Абрикоси, консервований, високої жирності сироп, відціджений
173937;Абрикоси, консервований, у фруктовому соку, зі шкіркою, тверда частина та рідина
173939;Абрикоси, консервований, у легкому сиропі, зі шкіркою, тверда частина та рідина
171698;Абрикоси, консервований, у воді, зі шкіркою, тверда частина та рідина
173936;Абрикоси, консервований, у воді, без шкірки, тверда частина та рідина
173940;Абрикоси, зневоднений (низький-волога), оброблений сірчистим газом, тушкований
171702;Абрикоси, зневоднений (низький-волога), оброблений сірчистим газом, не приготовлений
173943;Абрикоси, сушений, оброблений сірчистим газом, тушкований, з додаванням цукру
173942;Абрикоси, сушений, оброблений сірчистим газом, тушкований, без додавання цукру
173941;Абрикоси, сушений, оброблений сірчистим газом, не приготовлений
171703;Абрикоси, заморожений, підсолоджений
171697;Абрикоси, у сирому вигляді
175071;ARCHWAY HOME STYLE COOKIES, Шоколад Чипс Лід або морозиво Бокс
173245;ARCHWAY HOME STYLE COOKIES, Кокос Макарун
173246;ARCHWAY HOME STYLE COOKIES, Фінік З начинкою Вівсяна каша
173247;ARCHWAY HOME STYLE COOKIES, Дуч Какао
173248;ARCHWAY HOME STYLE COOKIES, Фрости Лимон
173249;ARCHWAY HOME STYLE COOKIES, Ікед Меляса
175072;ARCHWAY HOME STYLE COOKIES, Ікед Вівсяна каша
175073;ARCHWAY HOME STYLE COOKIES, Меляса
175074;ARCHWAY HOME STYLE COOKIES, Вівсяна каша
175075;ARCHWAY HOME STYLE COOKIES, Вівсяна каша Родзинки
173250;ARCHWAY HOME STYLE COOKIES, Традиційний Меляса
173251;ARCHWAY HOME STYLE COOKIES, Традиційний Віндмілл Печиво
173252;ARCHWAY HOME STYLE COOKIES, Арахісова паста
173253;ARCHWAY HOME STYLE COOKIES, Малина З начинкою
175077;ARCHWAY HOME STYLE COOKIES, Зі зниженим вмістом жиру Імбир Снапс
175076;ARCHWAY HOME STYLE COOKIES, Полуниця З начинкою
175070;ARCHWAY HOME STYLE COOKIES, Без цукру Вівсяна каша
168493;Стрілолист, після приготування, відварений, відціджений, із сіллю
169204;Стрілолист, після приготування, відварений, відціджений, без солі
169203;Стрілолист, у сирому вигляді
170684;Арроурут борошно
168490;Арроурут, у сирому вигляді
169311;Артишоки, (глобе або французький), після приготування, відварений, відціджений, із сіллю
168386;Артишоки, (глобе або французький), після приготування, відварений, відціджений, без солі
169312;Артишоки, (глобе або французький), заморожений, після приготування, відварений, відціджений, із сіллю
168388;Артишоки, (глобе або французький), заморожений, після приготування, відварений, відціджений, без солі
168387;Артишоки, (глобе або французький), заморожений, не приготовлений
169205;Артишоки, (глобе або французький), у сирому вигляді
175078;Штучний Чорниця або лохина Муффін Суміш, сухий
169387;Аругула, у сирому вигляді
169207;Спаржа, консервований, відціджена тверда частина
169314;Спаржа, консервований, без додавання солі, тверда частина та рідина
169206;Спаржа, консервований, стандартне консервування, тверда частина та рідина
168390;Спаржа, після приготування, відварений, відціджений
169313;Спаржа, після приготування, відварений, відціджений, із сіллю
168494;Спаржа, заморожений, після приготування, відварений, відціджений, із сіллю
169209;Спаржа, заморожений, після приготування, відварений, відціджений, без солі
169208;Спаржа, заморожений, не приготовлений
168389;Спаржа, у сирому вигляді
171706;Авокадо, у сирому вигляді, Каліфорнійський
171707;Авокадо, у сирому вигляді, Флоріда
171705;Авокадо, у сирому вигляді, усі категорія Промисловий різновиди
169783;BANQUET, Салісбури Стейк З підливою, фаміли розмір, заморожений, не приготовлений
171001;Дитяче харчування, Молодий або малий MUM MUM Рис Бісквіти або американські булочки
173487;Дитяче харчування, GERBER, 2нд Харчові продукти, яблуко, морква і гарбузові, органічний
172254;Дитяче харчування, GERBER, 3рд Харчові продукти, яблуко, манго і ківі
169792;Дитяче харчування, GERBER, Банан з помаранчевий асорті
171371;Дитяче харчування, GERBER, GRADUATES Ліл Бісквіти або американські булочки Ванільний Пшениця
171000;Дитяче харчування, Багатозерновий цілий зерно каша або зерновий продукт, сухий збагачений
171398;Дитяче харчування, Перекус, GERBER, GRADUATES, LIL CRUNCHIES, печений цілий зерно кукурудза перекус
167690;Дитяче харчування, яблуко йогурт десерт, протертий
171351;Дитяче харчування, яблуко-банан сік
173517;Дитяче харчування, яблука з шинка, протертий
173511;Дитяче харчування, яблука, дікес, для дітей раннього віку
169047;Дитяче харчування, печений продукт, фінгер снеки каша або зерновий продукт збагачений
167733;Дитяче харчування, банан яблуко десерт, протертий
168090;Дитяче харчування, банан сік з з низьким вмістом жиру йогурт
167732;Дитяче харчування, банан без тапіока, протертий
170999;Дитяче харчування, банан з змішаний берріс, протертий
173519;Дитяче харчування, напій, GERBER, GRADUATES, Фрукти SPLASHERS
173518;Дитяче харчування, морква і яловичина, протертий
169871;Дитяче харчування, морква, для дітей раннього віку
173509;Дитяче харчування, каша або зерновий продукт, Вівсяна каша, сухий, GERBER, SINGLE Зерно, збагачений
171358;Дитяче харчування, каша або зерновий продукт, ячмінь, сухий збагачений
172296;Дитяче харчування, каша або зерновий продукт, ячмінь, приготований із незбираним молоком
169048;Дитяче харчування, каша або зерновий продукт, бурий рис, сухий, розчинний
171366;Дитяче харчування, каша або зерновий продукт, яйце иолкс і бекон, для дітей старшого немовлячого віку
173528;Дитяче харчування, каша або зерновий продукт, високий білок, приготований із незбираним молоком
170973;Дитяче харчування, каша або зерновий продукт, високий білок, з яблуко і помаранчевий, сухий
173533;Дитяче харчування, каша або зерновий продукт, високий білок, з яблуко і помаранчевий, приготований із незбираним молоком
170964;Дитяче харчування, каша або зерновий продукт, змішаний, сухий збагачений
173529;Дитяче харчування, каша або зерновий продукт, змішаний, приготований із незбираним молоком
170967;Дитяче харчування, каша або зерновий продукт, змішаний, з яблучне пюре і банани, для дітей старшого немовлячого віку, збагачений
170966;Дитяче харчування, каша або зерновий продукт, змішаний, з яблучне пюре і банани, протертий
170965;Дитяче харчування, каша або зерновий продукт, змішаний, з банани, сухий
173530;Дитяче харчування, каша або зерновий продукт, змішаний, з банани, приготований із незбираним молоком
173532;Дитяче харчування, каша або зерновий продукт, змішаний, з медом, приготований із незбираним молоком
171360;Дитяче харчування, каша або зерновий продукт, вівсяна каша, сухий збагачений
173531;Дитяче харчування, каша або зерновий продукт, вівсяна каша, приготований із незбираним молоком
171363;Дитяче харчування, каша або зерновий продукт, вівсяна каша, з яблучне пюре і банани, для дітей старшого немовлячого віку, збагачений
171362;Дитяче харчування, каша або зерновий продукт, вівсяна каша, з яблучне пюре і банани, протертий
171361;Дитяче харчування, каша або зерновий продукт, вівсяна каша, з банани, сухий
172297;Дитяче харчування, каша або зерновий продукт, вівсяна каша, з банани, приготований із незбираним молоком
170968;Дитяче харчування, каша або зерновий продукт, вівсяна каша, з медом, сухий
172298;Дитяче харчування, каша або зерновий продукт, вівсяна каша, з медом, приготований із незбираним молоком
167731;Дитяче харчування, каша або зерновий продукт, рис з груші і яблуко, сухий, розчинний збагачений
170969;Дитяче харчування, каша або зерновий продукт, рис, сухий збагачений
172299;Дитяче харчування, каша або зерновий продукт, рис, приготований із незбираним молоком
170970;Дитяче харчування, каша або зерновий продукт, рис, з яблучне пюре і банани, протертий
170974;Дитяче харчування, каша або зерновий продукт, рис, з банани, сухий
173534;Дитяче харчування, каша або зерновий продукт, рис, з банани, приготований із незбираним молоком
172300;Дитяче харчування, каша або зерновий продукт, рис, з медом, приготований із незбираним молоком
171359;Дитяче харчування, каша або зерновий продукт, цільнозерновий пшеничний, з яблука, сухий збагачений
171364;Дитяче харчування, каша або зерновий продукт, з яйце иолкс, для дітей старшого немовлячого віку
170971;Дитяче харчування, каша або зерновий продукт, з яйце иолкс, протертий
171365;Дитяче харчування, каша або зерновий продукт, з яйця, протертий
170978;Дитяче харчування, вишня або черешня кобблер, для дітей старшого немовлячого віку
171368;Дитяче харчування, печиво, молодий або малий, фрукти
170975;Дитяче харчування, печиво
171369;Дитяче харчування, печиво, арроурут
172317;Дитяче харчування, кукурудза і батат, протертий
170972;Дитяче харчування, крекери, овочевий
169872;Дитяче харчування, десерт, банан пудинг, протертий
168135;Дитяче харчування, десерт, банан йогурт, протертий
168134;Дитяче харчування, десерт, чорниця або лохина йогурт, протертий
171373;Дитяче харчування, десерт, вишня або черешня ванільний пудинг, для дітей старшого немовлячого віку
170979;Дитяче харчування, десерт, вишня або черешня ванільний пудинг, протертий
171380;Дитяче харчування, десерт, заварний крем пудинг, ванільний, для дітей старшого немовлячого віку
171379;Дитяче харчування, десерт, заварний крем пудинг, ванільний, протертий
170977;Дитяче харчування, десерт, дуч яблуко, для дітей старшого немовлячого віку
170976;Дитяче харчування, десерт, дуч яблуко, протертий
171377;Дитяче харчування, десерт, фрукти десерт, без аскорбінова кислота, для дітей старшого немовлячого віку
170983;Дитяче харчування, десерт, фрукти десерт, без аскорбінова кислота, протертий
171374;Дитяче харчування, десерт, фрукти пудинг, помаранчевий, протертий
170982;Дитяче харчування, десерт, фрукти пудинг, ананас, протертий
171376;Дитяче харчування, десерт, персик кобблер, для дітей старшого немовлячого віку
171375;Дитяче харчування, десерт, персик кобблер, протертий
170981;Дитяче харчування, десерт, персик мелба, для дітей старшого немовлячого віку
170980;Дитяче харчування, десерт, персик мелба, протертий
168133;Дитяче харчування, десерт, персик йогурт
171378;Дитяче харчування, десерт, тропічний фрукти, для дітей старшого немовлячого віку
172287;Дитяче харчування, готова страва, яблука і курятина, протертий
172260;Дитяче харчування, готова страва, яловичина і рис, для дітей раннього віку
173489;Дитяче харчування, готова страва, яловичина лазанья, для дітей раннього віку
173516;Дитяче харчування, готова страва, яловичина локшина, для дітей старшого немовлячого віку
172258;Дитяче харчування, готова страва, яловичина локшина, протертий
172261;Дитяче харчування, готова страва, яловичина з овочами
172288;Дитяче харчування, готова страва, броколі і курятина, для дітей старшого немовлячого віку
169054;Дитяче харчування, готова страва, курятина і рис
172264;Дитяче харчування, готова страва, курятина локшина, для дітей старшого немовлячого віку
172263;Дитяче харчування, готова страва, курятина локшина, протертий
173496;Дитяче харчування, готова страва, курятина суп, протертий
173497;Дитяче харчування, готова страва, курятина рагу, для дітей раннього віку
172270;Дитяче харчування, готова страва, макарони із сиром, для дітей старшого немовлячого віку
173503;Дитяче харчування, готова страва, макарони із сиром, протертий
173491;Дитяче харчування, готова страва, макарони і помідор і яловичина, для дітей старшого немовлячого віку
173490;Дитяче харчування, готова страва, макарони і помідор і яловичина, протертий
168125;Дитяче харчування, готова страва, макарони, яловичина і томатний соус, для дітей раннього віку
172281;Дитяче харчування, готова страва, змішаний овочевий, для дітей старшого немовлячого віку
173514;Дитяче харчування, готова страва, змішаний овочевий, протертий
172266;Дитяче харчування, готова страва, макаронні вироби з овочами
173492;Дитяче харчування, готова страва, спагеті і помідор і м’ясо, для дітей старшого немовлячого віку
173493;Дитяче харчування, готова страва, спагеті і помідор і м’ясо, для дітей раннього віку
173521;Дитяче харчування, готова страва, батат і курятина, протертий
173500;Дитяче харчування, готова страва, індичатина і рис, для дітей старшого немовлячого віку
172269;Дитяче харчування, готова страва, індичатина і рис, протертий
172286;Дитяче харчування, готова страва, індичатина, рис, і овочі, для дітей раннього віку
173495;Дитяче харчування, готова страва, овочі і яловичина, для дітей старшого немовлячого віку
173494;Дитяче харчування, готова страва, овочі і яловичина, протертий
173513;Дитяче харчування, готова страва, овочі і курятина, для дітей старшого немовлячого віку
173488;Дитяче харчування, готова страва, овочі і думплінгс і яловичина, для дітей старшого немовлячого віку
172256;Дитяче харчування, готова страва, овочі і думплінгс і яловичина, протертий
172262;Дитяче харчування, готова страва, овочі і баранина, для дітей старшого немовлячого віку
172268;Дитяче харчування, готова страва, овочі і локшина і індичатина, для дітей старшого немовлячого віку
172267;Дитяче харчування, готова страва, овочі і локшина і індичатина, протертий
173502;Дитяче харчування, готова страва, овочі і індичатина, для дітей старшого немовлячого віку
173501;Дитяче харчування, готова страва, овочі і індичатина, протертий
173498;Дитяче харчування, готова страва, овочі курятина, протертий
172265;Дитяче харчування, готова страва, овочі, локшина і курятина, для дітей старшого немовлячого віку
173499;Дитяче харчування, готова страва, овочі, локшина і курятина, протертий
172252;Дитяче харчування, фінгер снеки, GERBER, GRADUATES, Повітряні снеки, яблуко і кориця
171388;Дитяче харчування, збагачений каша або зерновий продукт батончик, фрукти начинка
170952;Дитяче харчування, фрукти і овочевий, яблуко і батат
171341;Дитяче харчування, фрукти десерт, манго з тапіока
168140;Дитяче харчування, фрукти супреме десерт
170958;Дитяче харчування, фрукти, яблуко і чорниця або лохина, для дітей старшого немовлячого віку
170957;Дитяче харчування, фрукти, яблуко і чорниця або лохина, протертий
171346;Дитяче харчування, фрукти, яблуко і малина, для дітей старшого немовлячого віку
171345;Дитяче харчування, фрукти, яблуко і малина, протертий
170948;Дитяче харчування, фрукти, яблучне пюре і абрикоси, для дітей старшого немовлячого віку
170947;Дитяче харчування, фрукти, яблучне пюре і абрикоси, протертий
170950;Дитяче харчування, фрукти, яблучне пюре і вишні або черешні, для дітей старшого немовлячого віку
170949;Дитяче харчування, фрукти, яблучне пюре і вишні або черешні, протертий
171344;Дитяче харчування, фрукти, яблучне пюре і ананас, для дітей старшого немовлячого віку
171343;Дитяче харчування, фрукти, яблучне пюре і ананас, протертий
170951;Дитяче харчування, фрукти, яблучне пюре з банан, для дітей старшого немовлячого віку
172278;Дитяче харчування, фрукти, яблучне пюре, для дітей старшого немовлячого віку
173512;Дитяче харчування, фрукти, яблучне пюре, протертий
170942;Дитяче харчування, фрукти, абрикос з тапіока, для дітей старшого немовлячого віку
172279;Дитяче харчування, фрукти, абрикос з тапіока, протертий
170998;Дитяче харчування, фрукти, банан і полуниця, для дітей старшого немовлячого віку
170953;Дитяче харчування, фрукти, банани і ананас з тапіока, для дітей старшого немовлячого віку
170954;Дитяче харчування, фрукти, банани і ананас з тапіока, протертий
170956;Дитяче харчування, фрукти, банани з яблука і груші, протертий
172282;Дитяче харчування, фрукти, банани з тапіока, для дітей старшого немовлячого віку
171335;Дитяче харчування, фрукти, банани з тапіока, протертий
171348;Дитяче харчування, фрукти, гуава і папая з тапіока, протертий
171350;Дитяче харчування, фрукти, папая і яблучне пюре з тапіока, протертий
171337;Дитяче харчування, фрукти, персики, для дітей старшого немовлячого віку
171336;Дитяче харчування, фрукти, персики, протертий
171347;Дитяче харчування, фрукти, груші і ананас, для дітей старшого немовлячого віку
168820;Меляса
170955;Дитяче харчування, фрукти, груші і ананас, протертий
170943;Дитяче харчування, фрукти, груші, для дітей старшого немовлячого віку
171338;Дитяче харчування, фрукти, груші, протертий
170945;Дитяче харчування, фрукти, сливи з тапіока, без аскорбінова кислота, для дітей старшого немовлячого віку
170944;Дитяче харчування, фрукти, сливи з тапіока, без аскорбінова кислота, протертий
171339;Дитяче харчування, фрукти, чорнослив з тапіока, без аскорбінова кислота, для дітей старшого немовлячого віку
170946;Дитяче харчування, фрукти, чорнослив з тапіока, без аскорбінова кислота, протертий
169874;Дитяче харчування, фрукти, тутті фрутті, для дітей старшого немовлячого віку
169873;Дитяче харчування, фрукти, тутті фрутті, протертий
168144;Дитяче харчування, виноград сік, без цукор, консервований
169049;Дитяче харчування, зелений квасоля і індичатина, протертий
172273;Дитяче харчування, зелений квасоля, дікес, для дітей раннього віку
173478;Дитяче харчування, сік трітс, фруктове асорті, для дітей раннього віку
170959;Дитяче харчування, сік, яблуко
167729;Дитяче харчування, сік, яблуко - вишня або черешня
171381;Дитяче харчування, сік, яблуко і виноград
171352;Дитяче харчування, сік, яблуко і персик
171353;Дитяче харчування, сік, яблуко і пруне
170985;Дитяче харчування, сік, яблуко, з кальцій
169042;Дитяче харчування, сік, яблуко-батат
170984;Дитяче харчування, сік, фрукти пунш, з кальцій
171357;Дитяче харчування, сік, змішаний фрукти
171354;Дитяче харчування, сік, помаранчевий
171355;Дитяче харчування, сік, помаранчевий і яблуко
170960;Дитяче харчування, сік, помаранчевий і яблуко і банан
170961;Дитяче харчування, сік, помаранчевий і абрикос
170962;Дитяче харчування, сік, помаранчевий і банан
170963;Дитяче харчування, сік, помаранчевий і ананас
169043;Дитяче харчування, сік, помаранчевий-морква
167718;Дитяче харчування, сік, груша
171356;Дитяче харчування, сік, пруне і помаранчевий
172259;Дитяче харчування, макарони із сиром, для дітей раннього віку
170989;Дитяче харчування, пюреподібний чедер картопля і броколі, тоддлерс
167720;Дитяче харчування, м’ясо, яловичина з овочами, для дітей раннього віку
172244;Дитяче харчування, м’ясо, яловичина, для дітей старшого немовлячого віку
173479;Дитяче харчування, м’ясо, яловичина, протертий
172249;Дитяче харчування, м’ясо, курятина палички, для дітей старшого немовлячого віку
172248;Дитяче харчування, м’ясо, курятина, для дітей старшого немовлячого віку
173483;Дитяче харчування, м’ясо, курятина, протертий
173480;Дитяче харчування, м’ясо, шинка, для дітей старшого немовлячого віку
172247;Дитяче харчування, м’ясо, шинка, протертий
173482;Дитяче харчування, м’ясо, баранина, для дітей старшого немовлячого віку
173481;Дитяче харчування, м’ясо, баранина, протертий
173486;Дитяче харчування, м’ясо, м’ясо палички, для дітей старшого немовлячого віку
172246;Дитяче харчування, м’ясо, свинина, протертий
173484;Дитяче харчування, м’ясо, індичатина палички, для дітей старшого немовлячого віку
172251;Дитяче харчування, м’ясо, індичатина, для дітей старшого немовлячого віку
172250;Дитяче харчування, м’ясо, індичатина, протертий
172245;Дитяче харчування, м’ясо, телятина, протертий
168091;Дитяче харчування, змішаний фруктовий сік з з низьким вмістом жиру йогурт
167726;Дитяче харчування, змішаний фрукти йогурт, протертий
171367;Дитяче харчування, вівсяна каша каша або зерновий продукт із фруктами, сухий, розчинний, для дітей раннього віку збагачений
171349;Дитяче харчування, персики, дікес, для дітей раннього віку
171342;Дитяче харчування, груші, дікес, для дітей раннього віку
169865;Дитяче харчування, горох і бурий рис
170940;Дитяче харчування, горох, дікес, для дітей раннього віку
172285;Дитяче харчування, сливи, банани і рис, протертий
173508;Дитяче харчування, картопля, для дітей раннього віку
171370;Дитяче харчування, прецелі
171340;Дитяче харчування, чорнослив, без вітамін к, протертий
172257;Дитяче харчування, равіолі, з сирною начинкою, з томатним соусом
167728;Дитяче харчування, рис і яблука, сухий
168975;Дитяче харчування, рис каша або зерновий продукт, сухий, EARTHS BEST Органічний Цілий Зерно, збагачений лише із залізом
173485;Дитяче харчування, перекус, GERBER GRADUATE Фрукти Смужки, Справжній Фрукти Батончики
173520;Дитяче харчування, перекус, GERBER, GRADUATES, Йогурт MELTS
172255;Дитяче харчування, асорті тропічних фруктів
169864;Дитяче харчування, овочевий і бурий рис, протертий
173510;Дитяче харчування, овочевий, мускатний гарбуз гарбузові і кукурудза
173504;Дитяче харчування, овочевий, зелений квасоля і картопля
173505;Дитяче харчування, овочі, буряк, протертий
173507;Дитяче харчування, овочі, морква, для дітей старшого немовлячого віку
173506;Дитяче харчування, овочі, морква, протертий
171334;Дитяче харчування, овочі, кукурудза, крімед, для дітей старшого немовлячого віку
172280;Дитяче харчування, овочі, кукурудза, крімед, протертий
172284;Дитяче харчування, овочі, гарден овочевий, протертий
172272;Дитяче харчування, овочі, зелений квасоля, для дітей старшого немовлячого віку
172271;Дитяче харчування, овочі, зелений квасоля, протертий
172283;Дитяче харчування, овочі, суміш овочі для дітей старшого немовлячого віку
173515;Дитяче харчування, овочі, суміш овочі протертий
170939;Дитяче харчування, овочі, горох, протертий
170941;Дитяче харчування, овочі, шпинат, крімед, протертий
172275;Дитяче харчування, овочі, гарбузові, для дітей старшого немовлячого віку
172274;Дитяче харчування, овочі, гарбузові, протертий
172276;Дитяче харчування, овочі, батат протертий
172277;Дитяче харчування, овочі, батат, для дітей старшого немовлячого віку
172253;Дитяче харчування, вода, бутильований, GERBER, без доданий флуоріде
170987;Дитяче харчування, йогурт, із незбираного молока, із фруктами, багатозерновий каша або зерновий продукт і доданий DHA збагачений
170990;Дитяче харчування, йогурт, із незбираного молока, із фруктами, багатозерновий каша або зерновий продукт і доданий залізо збагачений
174602;Бекон і яловичина палички
169893;Бекон бітс, без м’яса
172439;Бекон, без м’яса
168382;Бекон, пре-нарізаний скибками, знижений/зі зниженим вмістом натрію, не приготовлений
171640;Бекон, індичатина, зі зниженим вмістом натрію
171639;Бекон, індичатина, приготований у мікрохвильовій печі
174592;Бекон, індичатина, не приготовлений
172664;Бейгли, кориця-родзинки
172665;Бейгли, кориця-родзинки, підсмажений
174901;Бейгли, яйце
171852;Бейгли, багатозерновий
172666;Бейгли, овес висівки
174899;Бейгли, без добавок, збагачений, з кальцій пропіонат (включає цибуля, поппи, кунжут)
174900;Бейгли, без добавок, збагачений, з кальцій пропіонат (включає цибуля, поппи, кунжут), підсмажений
175049;Бейгли, без добавок, збагачений, без кальцій пропіонат (включає цибуля, поппи, кунжут)
175050;Бейгли, без добавок, незбагачений, з кальцій пропіонат (включає цибуля, поппи, кунжут)
175051;Бейгли, без добавок, незбагачений, без кальцій пропіонат(включає цибуля, поппи, кунжут)
167533;Бейгли, пшениця
174092;Бейгли, цілий зерно білий
169584;Шоколад для випічки, MARS SNACKFOOD US, М&М’с Молочний шоколад Міні Для випічки Бітс
169581;Шоколад для випічки, MARS SNACKFOOD US, М&М’с Напівсолодкий шоколад Міні Для випічки Бітс
167999;Шоколад для випічки, мексиканський, квадратики
167567;Шоколад для випічки, без підсолоджувачів, рідкий
167568;Шоколад для випічки, без підсолоджувачів, квадратики
168495;Момордика, ліфи тіпс, після приготування, відварений, відціджений, із сіллю
168392;Момордика, ліфи тіпс, після приготування, відварений, відціджений, без солі
168391;Момордика, ліфи тіпс, у сирому вигляді
168496;Момордика, подс, після приготування, відварений, відціджений, із сіллю
168394;Момордика, подс, після приготування, відварений, відціджений, без солі
168393;Момордика, подс, у сирому вигляді
169212;Пагони бамбука, консервований, відціджена тверда частина
168497;Пагони бамбука, після приготування, відварений, відціджений, із сіллю
169211;Пагони бамбука, після приготування, відварений, відціджений, без солі
169210;Пагони бамбука, у сирому вигляді
173945;Банани, зневоднений, або банан порошок
173944;Банани, у сирому вигляді
167806;Баобаб порошок
171601;Барбекю буханець або рулет, свинина, яловичина
169739;Ячмінь борошно або страва або борошно грубого помелу
169740;Ячмінь малт борошно
170283;Ячмінь, хуллед
170285;Ячмінь, пірлед, після приготування
170284;Ячмінь, пірлед, у сирому вигляді
172232;Базилік, свіжий
173789;Квасоля, адзукі, зрілий насіння, після приготування, відварений, із сіллю
173729;Квасоля, адзукі, зріле насіння, консервований, підсолоджений
173728;Квасоля, адзукі, зріле насіння, після приготування, відварений, без солі
173727;Квасоля, адзукі, зріле насіння, у сирому вигляді
168128;Квасоля, печений, консервований, без додавання солі
175182;Квасоля, печений, консервований, без добавок або вегетаріанський
175183;Квасоля, печений, консервований, з яловичиною
175184;Квасоля, печений, консервований, з франкс
175185;Квасоля, печений, консервований, зі свининою
173732;Квасоля, печений, консервований, зі свининою і солодкий соус
173733;Квасоля, печений, консервований, зі свининою і томатний соус
173731;Квасоля, печений, домашнього приготування
175188;Квасоля, чорна туртле, зріле насіння, консервований
175239;Квасоля, чорна туртле, зріле насіння, після приготування, відварений, із сіллю
175187;Квасоля, чорна туртле, зріле насіння, після приготування, відварений, без солі
175186;Квасоля, чорна туртле, зріле насіння, у сирому вигляді
175238;Квасоля, чорна, зріле насіння, консервований, зі зниженим вмістом натрію
175237;Квасоля, чорна, зріле насіння, після приготування, відварений, із сіллю
173735;Квасоля, чорна, зріле насіння, після приготування, відварений, без солі
173734;Квасоля, чорна, зріле насіння, у сирому вигляді
169065;Квасоля, чилі, барбекю, ранч стиль, після приготування
173737;Квасоля, журавлина (роман), зріле насіння, консервований
175240;Квасоля, журавлина (роман), зріле насіння, після приготування, відварений, із сіллю
173736;Квасоля, журавлина (роман), зріле насіння, після приготування, відварений, без солі
175189;Квасоля, журавлина (роман), зріле насіння, у сирому вигляді
168574;Квасоля, фава, у под, у сирому вигляді
175241;Квасоля, французька, зріле насіння, після приготування, відварений, із сіллю
173739;Квасоля, французька, зріле насіння, після приготування, відварений, без солі
173738;Квасоля, французька, зріле насіння, у сирому вигляді
175192;Квасоля, гріт північний, зріле насіння, консервований
173791;Квасоля, гріт північний, зріле насіння, консервований, зі зниженим вмістом натрію
173790;Квасоля, гріт північний, зріле насіння, після приготування, відварений, із сіллю
175191;Квасоля, гріт північний, зріле насіння, після приготування, відварений, без солі
175190;Квасоля, гріт північний, зріле насіння, у сирому вигляді (Включає харчові продукти для USDA'с Харчовий продукт Розподіл Програма)
173741;Квасоля, червона, усі типи, зріле насіння, консервований
173792;Квасоля, червона, усі типи, зріле насіння, після приготування, відварений, із сіллю
173740;Квасоля, червона, усі типи, зріле насіння, після приготування, відварений, без солі
175193;Квасоля, червона, усі типи, зріле насіння, у сирому вигляді
173793;Квасоля, червона, каліфорнійський червоний, зріле насіння, після приготування, відварений, із сіллю
173743;Квасоля, червона, каліфорнійський червоний, зріле насіння, після приготування, відварений, без солі
173742;Квасоля, червона, каліфорнійський червоний, зріле насіння, у сирому вигляді
169315;Квасоля, червона, зріле насіння, пророщений, після приготування, відварений, відціджений, із сіллю
168395;Квасоля, червона, зріле насіння, пророщений, після приготування, відварений, відціджений, без солі
169213;Квасоля, червона, зріле насіння, пророщений, у сирому вигляді
174285;Квасоля, червона, червоний, зріле насіння, консервований, відціджена тверда частина
175243;Квасоля, червона, червоний, зріле насіння, консервований, відціджена тверда частина, промитий водопровідною водою
175245;Квасоля, червона, червоний, зріле насіння, консервований, тверда частина і рідкий, зі зниженим вмістом натрію
175195;Квасоля, червона, червоний, зріле насіння, консервований, тверда частина та рідина
175242;Квасоля, червона, червоний, зріле насіння, після приготування, відварений, із сіллю
175194;Квасоля, червона, червоний, зріле насіння, після приготування, відварений, без солі
173744;Квасоля, червона, червоний, зріле насіння, у сирому вигляді
175244;Квасоля, червона, ройал червоний, зріле насіння, після приготування, відварений із сіллю
175197;Квасоля, червона, ройал червоний, зріле насіння, після приготування, відварений, без солі
175196;Квасоля, червона, ройал червоний, зріле насіння, у сирому вигляді
169885;Квасоля, рідина після тушкування червона квасоля
170079;Квасоля, маш, зріле насіння, пророщений, консервований, відціджена тверда частина
173747;Квасоля, біла дрібна, зріле насіння, консервований
173794;Квасоля, біла дрібна, зріле насіння, після приготування, відварений, із сіллю
173746;Квасоля, біла дрібна, зріле насіння, після приготування, відварений, без солі
173745;Квасоля, біла дрібна, зріле насіння, у сирому вигляді
168500;Квасоля, біла дрібна, зріле насіння, пророщений, після приготування, відварений, відціджений, із сіллю
169140;Квасоля, біла дрібна, зріле насіння, пророщений, після приготування, відварений, відціджений, без солі
169139;Квасоля, біла дрібна, зріле насіння, пророщений, у сирому вигляді
173795;Квасоля, рожева, зріле насіння, після приготування, відварений, із сіллю
175198;Квасоля, рожева, зріле насіння, після приготування, відварений, без солі
173748;Квасоля, рожева, зріле насіння, у сирому вигляді
174286;Квасоля, пінто, консервований, відціджена тверда частина
168501;Квасоля, пінто, незріле насіння, заморожений, після приготування, відварений, відціджений, із сіллю
169959;Квасоля, пінто, незріле насіння, заморожений, після приготування, відварений, відціджений, без солі
169958;Квасоля, пінто, незріле насіння, заморожений, не приготовлений
173797;Квасоля, пінто, зріле насіння, консервований, відціджена тверда частина, промитий водопровідною водою
175201;Квасоля, пінто, зріле насіння, консервований, тверда частина та рідина
175247;Квасоля, пінто, зріле насіння, консервований, тверда частина та рідина, зі зниженим вмістом натрію
173796;Квасоля, пінто, зріле насіння, після приготування, відварений, із сіллю
175200;Квасоля, пінто, зріле насіння, після приготування, відварений, без солі
175199;Квасоля, пінто, зріле насіння, у сирому вигляді (Включає харчові продукти для USDA'с Харчовий продукт Розподіл Програма)
169319;Квасоля, пінто, зріле насіння, пророщений, після приготування, відварений, відціджений, із сіллю
170087;Квасоля, пінто, зріле насіння, пророщений, після приготування, відварений, відціджений, без солі
170086;Квасоля, пінто, зріле насіння, пророщений, у сирому вигляді
169960;Квасоля, шеллі, консервований, тверда частина та рідина
175246;Квасоля, малий білий, зріле насіння, після приготування, відварений, із сіллю
173750;Квасоля, малий білий, зріле насіння, після приготування, відварений, без солі
173749;Квасоля, малий білий, зріле насіння, у сирому вигляді
169144;Квасоля, стручковий, консервований, усі стилес, приправлений, тверда частина та рідина
168505;Квасоля, стручковий, зелений, консервований, без додавання солі, відціджена тверда частина
168502;Квасоля, стручковий, зелений, консервований, без додавання солі, тверда частина та рідина
169143;Квасоля, стручковий, зелений, консервований, стандартне консервування, відціджена тверда частина
169142;Квасоля, стручковий, зелений, консервований, стандартне консервування, тверда частина та рідина
169321;Квасоля, стручковий, зелений, після приготування, відварений, відціджений, із сіллю
169141;Квасоля, стручковий, зелений, після приготування, відварений, відціджений, без солі
169964;Квасоля, стручковий, зелений, заморожений, усі стилес, приготований у мікрохвильовій печі
169962;Квасоля, стручковий, зелений, заморожений, усі стилес, не приготовлений (Включає харчові продукти для USDA'с Харчовий продукт Розподіл Програма)
169963;Квасоля, стручковий, зелений, заморожений, після приготування, відварений, відціджений без солі
169325;Квасоля, стручковий, зелений, заморожений, після приготування, відварений, відціджений, із сіллю
169965;Квасоля, стручковий, зелений, приготований у мікрохвильовій печі
169961;Квасоля, стручковий, зелений, у сирому вигляді
169375;Квасоля, стручковий, жовтий, консервований, без додавання солі, відціджена тверда частина
168504;Квасоля, стручковий, жовтий, консервований, без додавання солі, тверда частина та рідина
169374;Квасоля, стручковий, жовтий, консервований, стандартне консервування, відціджена тверда частина
168503;Квасоля, стручковий, жовтий, консервований, стандартне консервування, тверда частина та рідина
169323;Квасоля, стручковий, жовтий, після приготування, відварений, відціджений, із сіллю
169322;Квасоля, стручковий, жовтий, після приготування, відварений, відціджений, без солі
169324;Квасоля, стручковий, жовтий, заморожений, усі стилес, не приготовлений
169327;Квасоля, стручковий, жовтий, заморожений, після приготування, відварений, відціджений, із сіллю
169326;Квасоля, стручковий, жовтий, заморожений, після приготування, відварений, відціджений, без солі
169320;Квасоля, стручковий, жовтий, у сирому вигляді
175204;Квасоля, біла, зріле насіння, консервований
175249;Квасоля, біла, зріле насіння, після приготування, відварений, із сіллю
175203;Квасоля, біла, зріле насіння, після приготування, відварений, без солі
175202;Квасоля, біла, зріле насіння, у сирому вигляді
175248;Квасоля, жовта, зріле насіння, після приготування, відварений, із сіллю
173752;Квасоля, жовта, зріле насіння, після приготування, відварений, без солі
173751;Квасоля, жовта, зріле насіння, у сирому вигляді
172093;Яловичина Для тушкування Пиріг, заморожений основна готова страва, приготований
174013;Яловичина суміш, лише відокремлюване пісне м’ясо, жир обрізано до 1/8 дюйма, категорія Choice, після приготування
172090;Яловичина макарони з томатним соусом, заморожений основна готова страва, зі зниженим вмістом жиру
173330;Яловичина рагу, консервований основна готова страва
171730;Яловичина, Австралійський, імпортований, WAGYU, зовнішній жир, Австралійська оцінка мармуровості 4/5, у сирому вигляді
173967;Яловичина, Австралійський, імпортований, WAGYU, зовнішній жир, Австралійська оцінка мармуровості 9, у сирому вигляді
171732;Яловичина, Австралійський, імпортований, WAGYU, корейка, вирізка стейк/ростбіф або запечений відруб, без кістки, відокремлювані пісне м’ясо та жир, Австралійська оцінка мармуровості 4/5, у сирому вигляді
171742;Яловичина, Австралійський, імпортований, WAGYU, корейка, вирізка стейк/ростбіф або запечений відруб, без кістки, відокремлювані пісне м’ясо та жир, Австралійська оцінка мармуровості 9, у сирому вигляді
173966;Яловичина, Австралійський, імпортований, WAGYU, корейка, вирізка стейк/ростбіф або запечений відруб, без кістки, лише відокремлюване пісне м’ясо, Австралійська оцінка мармуровості 4/5, у сирому вигляді
173973;Яловичина, Австралійський, імпортований, WAGYU, корейка, вирізка стейк/ростбіф або запечений відруб, без кістки, лише відокремлюване пісне м’ясо, Австралійська оцінка мармуровості 9, у сирому вигляді
173978;Яловичина, Австралійський, імпортований, WAGYU, корейка, стейк із верхньої частини корейки/ростбіф або запечений відруб, без кістки, відокремлювані пісне м’ясо та жир, Австралійська оцінка мармуровості 4/5, у сирому вигляді
173974;Яловичина, Австралійський, імпортований, WAGYU, корейка, стейк із верхньої частини корейки/ростбіф або запечений відруб, без кістки, лише відокремлюване пісне м’ясо, Австралійська оцінка мармуровості 4/5, у сирому вигляді
171736;Яловичина, Австралійський, імпортований, WAGYU, корейка, стейк із верхньої частини корейки/ростбіф або запечений відруб, без кістки, лише відокремлюване пісне м’ясо, Австралійська оцінка мармуровості 9, у сирому вигляді
173979;Яловичина, Австралійський, імпортований, WAGYU, корейка, стейк із верхньої частини корейки/ростбіф або запечений відруб, відокремлювані пісне м’ясо та жир, Австралійська оцінка мармуровості 9, у сирому вигляді
171740;Яловичина, Австралійський, імпортований, WAGYU, реберна частина, малий край реберна частина стейк/ростбіф або запечений відруб, без кістки, відокремлювані пісне м’ясо та жир, Австралійська оцінка мармуровості 4/5, у сирому вигляді
171741;Яловичина, Австралійський, імпортований, WAGYU, реберна частина, малий край реберна частина стейк/ростбіф або запечений відруб, без кістки, відокремлювані пісне м’ясо та жир, Австралійська оцінка мармуровості 9, у сирому вигляді
171737;Яловичина, Австралійський, імпортований, WAGYU, реберна частина, малий край реберна частина стейк/ростбіф або запечений відруб, без кістки, лише відокремлюване пісне м’ясо, Австралійська оцінка мармуровості 4/5, у сирому вигляді
171738;Яловичина, Австралійський, імпортований, WAGYU, реберна частина, малий край реберна частина стейк/ростбіф або запечений відруб, без кістки, лише відокремлюване пісне м’ясо, Австралійська оцінка мармуровості 9, у сирому вигляді
171731;Яловичина, Австралійський, імпортований, WAGYU, міжм’язовий жир, Австралійська оцінка мармуровості 4/5, у сирому вигляді
173968;Яловичина, Австралійський, імпортований, WAGYU, міжм’язовий жир, Австралійська оцінка мармуровості 9, у сирому вигляді
171728;Яловичина, Австралійський, імпортований, трав’яної відгодівлі, зовнішній жир, у сирому вигляді
173068;Яловичина, Австралійський, імпортований, трав’яної відгодівлі, мелений, 85% пісний / 15% жир, у сирому вигляді
173969;Яловичина, Австралійський, імпортований, трав’яної відгодівлі, корейка, вирізка стейк/ростбіф або запечений відруб, без кістки, відокремлювані пісне м’ясо та жир, у сирому вигляді
173965;Яловичина, Австралійський, імпортований, трав’яної відгодівлі, корейка, вирізка стейк/ростбіф або запечений відруб, без кістки, лише відокремлюване пісне м’ясо, у сирому вигляді
171733;Яловичина, Австралійський, імпортований, трав’яної відгодівлі, корейка, стейк із верхньої частини корейки/ростбіф або запечений відруб, без кістки, відокремлювані пісне м’ясо та жир, у сирому вигляді
173970;Яловичина, Австралійський, імпортований, трав’яної відгодівлі, корейка, стейк із верхньої частини корейки/ростбіф або запечений відруб, без кістки, лише відокремлюване пісне м’ясо, у сирому вигляді
171739;Яловичина, Австралійський, імпортований, трав’яної відгодівлі, корейка, верхня філейна частина верхня частина-без стейк/ростбіф або запечений відруб, без кістки, відокремлювані пісне м’ясо та жир, у сирому вигляді
171734;Яловичина, Австралійський, імпортований, трав’яної відгодівлі, корейка, верхня філейна частина верхня частина-без стейк/ростбіф або запечений відруб, без кістки, лише відокремлюване пісне м’ясо, у сирому вигляді
173975;Яловичина, Австралійський, імпортований, трав’яної відгодівлі, реберна частина, стейк рібай/ростбіф або запечений відруб із жировою кромкою, без кістки, відокремлювані пісне м’ясо та жир, у сирому вигляді
172686;Хліб, пшениця
171735;Яловичина, Австралійський, імпортований, трав’яної відгодівлі, реберна частина, стейк рібай/ростбіф або запечений відруб із жировою кромкою, без кістки, лише відокремлюване пісне м’ясо, у сирому вигляді
173976;Яловичина, Австралійський, імпортований, трав’яної відгодівлі, тазостегнова частина, нижня частина стегна стейк/ростбіф або запечений відруб, без кістки, відокремлювані пісне м’ясо та жир, у сирому вигляді
173971;Яловичина, Австралійський, імпортований, трав’яної відгодівлі, тазостегнова частина, нижня частина стегна стейк/ростбіф або запечений відруб, без кістки, лише відокремлюване пісне м’ясо, у сирому вигляді
173977;Яловичина, Австралійський, імпортований, трав’яної відгодівлі, тазостегнова частина, верхня частина стегна верхня частина-без стейк/ростбіф або запечений відруб, без кістки, відокремлювані пісне м’ясо та жир, у сирому вигляді
173972;Яловичина, Австралійський, імпортований, трав’яної відгодівлі, тазостегнова частина, верхня частина стегна верхня частина-без стейк/ростбіф або запечений відруб, без кістки, лише відокремлюване пісне м’ясо, у сирому вигляді
171729;Яловичина, Австралійський, імпортований, трав’яної відгодівлі, міжм’язовий жир, у сирому вигляді
173097;Яловичина, Новозеландський, імпортований, болар лопаткова частина, відокремлювані пісне м’ясо та жир, після приготування, швидкий запечений
173098;Яловичина, Новозеландський, імпортований, болар лопаткова частина, відокремлювані пісне м’ясо та жир, у сирому вигляді
174715;Яловичина, Новозеландський, імпортований, болар лопаткова частина, лише відокремлюване пісне м’ясо, після приготування, швидкий запечений
174716;Яловичина, Новозеландський, імпортований, болар лопаткова частина, лише відокремлюване пісне м’ясо, у сирому вигляді
174739;Яловичина, Новозеландський, імпортований, грудинка навел край, відокремлювані пісне м’ясо та жир, після приготування, тушкований
174740;Яловичина, Новозеландський, імпортований, грудинка навел край, відокремлювані пісне м’ясо та жир, у сирому вигляді
174717;Яловичина, Новозеландський, імпортований, грудинка навел край, лише відокремлюване пісне м’ясо, після приготування, тушкований
174718;Яловичина, Новозеландський, імпортований, грудинка навел край, лише відокремлюване пісне м’ясо, у сирому вигляді
174741;Яловичина, Новозеландський, імпортований, грудинка гострий край, відокремлювані пісне м’ясо та жир, після приготування, тушкований
174742;Яловичина, Новозеландський, імпортований, грудинка гострий край, відокремлювані пісне м’ясо та жир, у сирому вигляді
173073;Яловичина, Новозеландський, імпортований, грудинка гострий край, лише відокремлюване пісне м’ясо, після приготування, тушкований
173074;Яловичина, Новозеландський, імпортований, грудинка гострий край, лише відокремлюване пісне м’ясо, у сирому вигляді
173099;Яловичина, Новозеландський, імпортований, шийно-лопатковий відруб біля рібаю булочка, відокремлювані пісне м’ясо та жир, після приготування, тушкований
173100;Яловичина, Новозеландський, імпортований, шийно-лопатковий відруб біля рібаю булочка, відокремлювані пісне м’ясо та жир, у сирому вигляді
173076;Яловичина, Новозеландський, імпортований, шийно-лопатковий відруб біля рібаю булочка, лише відокремлюване пісне м’ясо, після приготування, тушкований
173075;Яловичина, Новозеландський, імпортований, шийно-лопатковий відруб біля рібаю булочка, лише відокремлюване пісне м’ясо, у сирому вигляді
173101;Яловичина, Новозеландський, імпортований, кубе булочка, відокремлювані пісне м’ясо та жир, після приготування, швидкий запечений
173102;Яловичина, Новозеландський, імпортований, кубе булочка, відокремлювані пісне м’ясо та жир, у сирому вигляді
174719;Яловичина, Новозеландський, імпортований, кубе булочка, лише відокремлюване пісне м’ясо, після приготування, швидкий запечений
174720;Яловичина, Новозеландський, імпортований, кубе булочка, лише відокремлюване пісне м’ясо, у сирому вигляді
174743;Яловичина, Новозеландський, імпортований, оковиток тазостегнова частина, відокремлювані пісне м’ясо та жир, після приготування, повільний запечений
174744;Яловичина, Новозеландський, імпортований, оковиток тазостегнова частина, відокремлювані пісне м’ясо та жир, у сирому вигляді
174721;Яловичина, Новозеландський, імпортований, оковиток тазостегнова частина, лише відокремлюване пісне м’ясо, після приготування, повільний запечений
174722;Яловичина, Новозеландський, імпортований, оковиток тазостегнова частина, лише відокремлюване пісне м’ясо, у сирому вигляді
174745;Яловичина, Новозеландський, імпортований, пашина, відокремлювані пісне м’ясо та жир, після приготування, тушкований
174746;Яловичина, Новозеландський, імпортований, пашина, відокремлювані пісне м’ясо та жир, у сирому вигляді
173077;Яловичина, Новозеландський, імпортований, пашина, лише відокремлюване пісне м’ясо, після приготування, тушкований
173078;Яловичина, Новозеландський, імпортований, пашина, лише відокремлюване пісне м’ясо, у сирому вигляді
174747;Яловичина, Новозеландський, імпортований, плоский, відокремлювані пісне м’ясо та жир, після приготування, тушкований
173103;Яловичина, Новозеландський, імпортований, плоский, відокремлювані пісне м’ясо та жир, у сирому вигляді
173079;Яловичина, Новозеландський, імпортований, плоский, лише відокремлюване пісне м’ясо, після приготування, тушкований
173080;Яловичина, Новозеландський, імпортований, плоский, лише відокремлюване пісне м’ясо, у сирому вигляді
173104;Яловичина, Новозеландський, імпортований, задній шін, відокремлювані пісне м’ясо та жир, після приготування, тушкований
173105;Яловичина, Новозеландський, імпортований, задній шін, відокремлювані пісне м’ясо та жир, у сирому вигляді
174724;Яловичина, Новозеландський, імпортований, задній шін, лише відокремлюване пісне м’ясо, після приготування, тушкований
174725;Яловичина, Новозеландський, імпортований, задній шін, лише відокремлюване пісне м’ясо, у сирому вигляді
174726;Яловичина, Новозеландський, імпортований, внутрішня частина, у сирому вигляді
173082;Яловичина, Новозеландський, імпортований, інтермускулар жир, після приготування
173083;Яловичина, Новозеландський, імпортований, інтермускулар жир, у сирому вигляді
173085;Яловичина, Новозеландський, імпортований, горіх стегна, після приготування, швидкий смажений
174730;Яловичина, Новозеландський, імпортований, мануфактурінг яловичина, після приготування, відварений
173086;Яловичина, Новозеландський, імпортований, мануфактурінг яловичина, у сирому вигляді
173106;Яловичина, Новозеландський, імпортований, устриця лопаткова частина, відокремлювані пісне м’ясо та жир, після приготування, тушкований
174735;Яловичина, Новозеландський, імпортований, устриця лопаткова частина, відокремлювані пісне м’ясо та жир, у сирому вигляді
173087;Яловичина, Новозеландський, імпортований, устриця лопаткова частина, лише відокремлюване пісне м’ясо, після приготування, тушкований
173088;Яловичина, Новозеландський, імпортований, устриця лопаткова частина, лише відокремлюване пісне м’ясо, у сирому вигляді
173089;Яловичина, Новозеландський, імпортований, ребра приготований, після приготування, швидкий запечений
174731;Яловичина, Новозеландський, імпортований, ребра приготований, у сирому вигляді
174748;Яловичина, Новозеландський, імпортований, огузок кентре, відокремлювані пісне м’ясо та жир, після приготування, швидкий смажений
174750;Яловичина, Новозеландський, імпортований, огузок кентре, відокремлювані пісне м’ясо та жир, у сирому вигляді
174732;Яловичина, Новозеландський, імпортований, огузок кентре, лише відокремлюване пісне м’ясо, після приготування, швидкий смажений
174749;Яловичина, Новозеландський, імпортований, огузок кентре, лише відокремлюване пісне м’ясо, у сирому вигляді
174751;Яловичина, Новозеландський, імпортований, стріплойн, відокремлювані пісне м’ясо та жир, після приготування, швидкий смажений
173107;Яловичина, Новозеландський, імпортований, стріплойн, відокремлювані пісне м’ясо та жир, у сирому вигляді
174733;Яловичина, Новозеландський, імпортований, стріплойн, лише відокремлюване пісне м’ясо, після приготування, швидкий смажений
174734;Яловичина, Новозеландський, імпортований, стріплойн, лише відокремлюване пісне м’ясо, у сирому вигляді
173090;Яловичина, Новозеландський, імпортований, підшкірний жир, після приготування
173091;Яловичина, Новозеландський, імпортований, підшкірний жир, у сирому вигляді
173092;Яловичина, Новозеландський, імпортований, зобна або підшлункова залоза, після приготування, відварений
173093;Яловичина, Новозеландський, імпортований, зобна або підшлункова залоза, у сирому вигляді
173108;Яловичина, Новозеландський, імпортований, вирізка, відокремлювані пісне м’ясо та жир, після приготування, швидкий смажений
173109;Яловичина, Новозеландський, імпортований, вирізка, відокремлювані пісне м’ясо та жир, у сирому вигляді
173094;Яловичина, Новозеландський, імпортований, вирізка, лише відокремлюване пісне м’ясо, після приготування, швидкий смажений
174736;Яловичина, Новозеландський, імпортований, вирізка, лише відокремлюване пісне м’ясо, у сирому вигляді
174728;Яловичина, Новозеландський, імпортований, субпродукти та побічні продукти печінка, після приготування, відварений
173081;Яловичина, Новозеландський, імпортований, субпродукти та побічні продукти, серце, після приготування, відварений
174723;Яловичина, Новозеландський, імпортований, субпродукти та побічні продукти, серце, у сирому вигляді
173084;Яловичина, Новозеландський, імпортований, субпродукти та побічні продукти, нирка, після приготування, відварений
174727;Яловичина, Новозеландський, імпортований, субпродукти та побічні продукти, нирка, у сирому вигляді
174729;Яловичина, Новозеландський, імпортований, субпродукти та побічні продукти, печінка, у сирому вигляді
174737;Яловичина, Новозеландський, імпортований, субпродукти та побічні продукти, язик, після приготування, відварений
174738;Яловичина, Новозеландський, імпортований, субпродукти та побічні продукти, язик, у сирому вигляді
173095;Яловичина, Новозеландський, імпортований, субпродукти та побічні продукти, тріпе після приготування, відварений
173096;Яловичина, Новозеландський, імпортований, субпродукти та побічні продукти, тріпе не приготовлений, у сирому вигляді
168118;Яловичина, варена ковбаса болонья, зі зниженим вмістом натрію
169558;Яловичина, нижня філейна частина, відруб трі-тіп для запікання, відокремлювані пісне м’ясо та жир, жир обрізано до 0 дюймів, усі категорії якості, після приготування, запечений
168734;Яловичина, нижня філейна частина, відруб трі-тіп для запікання, відокремлювані пісне м’ясо та жир, жир обрізано до 0 дюймів, усі категорії якості, у сирому вигляді
168735;Яловичина, нижня філейна частина, відруб трі-тіп для запікання, відокремлювані пісне м’ясо та жир, жир обрізано до 0 дюймів, категорія Choice, після приготування, запечений
168736;Яловичина, нижня філейна частина, відруб трі-тіп для запікання, відокремлювані пісне м’ясо та жир, жир обрізано до 0 дюймів, категорія Choice, у сирому вигляді
168737;Яловичина, нижня філейна частина, відруб трі-тіп для запікання, відокремлювані пісне м’ясо та жир, жир обрізано до 0 дюймів, категорія Select, після приготування, запечений
169559;Яловичина, нижня філейна частина, відруб трі-тіп для запікання, відокремлювані пісне м’ясо та жир, жир обрізано до 0 дюймів, категорія Select, у сирому вигляді
174770;Яловичина, нижня філейна частина, відруб трі-тіп для запікання, лише відокремлюване пісне м’ясо, жир обрізано до 0 дюймів, усі категорії якості, у сирому вигляді
174771;Яловичина, нижня філейна частина, відруб трі-тіп для запікання, лише відокремлюване пісне м’ясо, жир обрізано до 0 дюймів, категорія Choice, після приготування, запечений
174772;Яловичина, нижня філейна частина, відруб трі-тіп для запікання, лише відокремлюване пісне м’ясо, жир обрізано до 0 дюймів, категорія Choice, у сирому вигляді
174773;Яловичина, нижня філейна частина, відруб трі-тіп для запікання, лише відокремлюване пісне м’ясо, жир обрізано до 0 дюймів, категорія Select, після приготування, запечений
173124;Яловичина, нижня філейна частина, відруб трі-тіп для запікання, лише відокремлюване пісне м’ясо, жир обрізано до 0 дюймів, категорія Select, у сирому вигляді
168656;Яловичина, грудинка, плоска половина, без кістки лише відокремлюване пісне м’ясо, жир обрізано до 0 дюймів, усі категорії якості, у сирому вигляді
168714;Яловичина, грудинка, плоска половина, без кістки, відокремлювані пісне м’ясо та жир, жир обрізано до 0 дюймів, усі категорії якості, у сирому вигляді
168743;Яловичина, грудинка, плоска половина, без кістки, відокремлювані пісне м’ясо та жир, жир обрізано до 0 дюймів, категорія Choice, у сирому вигляді
169570;Яловичина, грудинка, плоска половина, без кістки, відокремлювані пісне м’ясо та жир, жир обрізано до 0 дюймів, категорія Select, у сирому вигляді
168657;Яловичина, грудинка, плоска половина, без кістки, лише відокремлюване пісне м’ясо, жир обрізано до 0 дюймів, категорія Choice, у сирому вигляді
168658;Яловичина, грудинка, плоска половина, без кістки, лише відокремлюване пісне м’ясо, жир обрізано до 0 дюймів, категорія Select, у сирому вигляді
170613;Яловичина, грудинка, плоска половина, відокремлювані пісне м’ясо та жир, жир обрізано до 0 дюймів, усі категорії якості, після приготування, тушкований
169440;Яловичина, грудинка, плоска половина, відокремлювані пісне м’ясо та жир, жир обрізано до 0 дюймів, категорія Choice, після приготування, тушкований
169555;Яловичина, грудинка, плоска половина, відокремлювані пісне м’ясо та жир, жир обрізано до 0 дюймів, категорія Select, після приготування, тушкований
169488;Яловичина, грудинка, плоска половина, відокремлювані пісне м’ясо та жир, жир обрізано до 1/8 дюйма, усі категорії якості, після приготування, тушкований
168666;Яловичина, грудинка, плоска половина, відокремлювані пісне м’ясо та жир, жир обрізано до 1/8 дюйма, усі категорії якості, у сирому вигляді
173130;Яловичина, грудинка, плоска половина, відокремлювані пісне м’ясо та жир, жир обрізано до 1/8 дюйма, категорія Choice, після приготування, тушкований
173128;Яловичина, грудинка, плоска половина, відокремлювані пісне м’ясо та жир, жир обрізано до 1/8 дюйма, категорія Choice, у сирому вигляді
169432;Яловичина, грудинка, плоска половина, відокремлювані пісне м’ясо та жир, жир обрізано до 1/8 дюйма, категорія Select, після приготування, тушкований
173129;Яловичина, грудинка, плоска половина, відокремлювані пісне м’ясо та жир, жир обрізано до 1/8 дюйма, категорія Select, у сирому вигляді
170210;Яловичина, грудинка, плоска половина, лише відокремлюване пісне м’ясо, жир обрізано до 0 дюймів, усі категорії якості, після приготування, тушкований
170601;Яловичина, грудинка, плоска половина, лише відокремлюване пісне м’ясо, жир обрізано до 0 дюймів, категорія Choice, після приготування, тушкований
169469;Яловичина, грудинка, плоска половина, лише відокремлюване пісне м’ясо, жир обрізано до 0 дюймів, категорія Select, після приготування, тушкований
174047;Яловичина, грудинка, плоска половина, лише відокремлюване пісне м’ясо, жир обрізано до 1/8 дюйма, усі категорії якості, після приготування, тушкований
174048;Яловичина, грудинка, плоска половина, лише відокремлюване пісне м’ясо, жир обрізано до 1/8 дюйма, усі категорії якості, у сирому вигляді
171818;Яловичина, грудинка, плоска половина, лише відокремлюване пісне м’ясо, жир обрізано до 1/8 дюйма, категорія Choice, після приготування, тушкований
174057;Яловичина, грудинка, плоска половина, лише відокремлюване пісне м’ясо, жир обрізано до 1/8 дюйма, категорія Choice, у сирому вигляді
174768;Яловичина, грудинка, плоска половина, лише відокремлюване пісне м’ясо, жир обрізано до 1/8 дюйма, категорія Select, після приготування, тушкований
174766;Яловичина, грудинка, плоска половина, лише відокремлюване пісне м’ясо, жир обрізано до 1/8 дюйма, категорія Select, у сирому вигляді
170211;Яловичина, грудинка, гостра половина, відокремлювані пісне м’ясо та жир, жир обрізано до 0 дюймів, усі категорії якості, після приготування, тушкований
169490;Яловичина, грудинка, гостра половина, відокремлювані пісне м’ясо та жир, жир обрізано до 1/8 дюйма, усі категорії якості, після приготування, тушкований
169489;Яловичина, грудинка, гостра половина, відокремлювані пісне м’ясо та жир, жир обрізано до 1/8 дюйма, усі категорії якості, у сирому вигляді
170212;Яловичина, грудинка, гостра половина, лише відокремлюване пісне м’ясо, жир обрізано до 0 дюймів, усі категорії якості, після приготування, тушкований
170611;Яловичина, грудинка, цілий, відокремлювані пісне м’ясо та жир, жир обрізано до 0 дюймів, усі категорії якості, після приготування, тушкований
168665;Яловичина, грудинка, цілий, відокремлювані пісне м’ясо та жир, жир обрізано до 1/8 дюйма, усі категорії якості, після приготування, тушкований
168664;Яловичина, грудинка, цілий, відокремлювані пісне м’ясо та жир, жир обрізано до 1/8 дюйма, усі категорії якості, у сирому вигляді
168607;Яловичина, грудинка, цілий, лише відокремлюване пісне м’ясо, усі категорії якості, у сирому вигляді
170612;Яловичина, грудинка, цілий, лише відокремлюване пісне м’ясо, жир обрізано до 0 дюймів, усі категорії якості, після приготування, тушкований
169430;Яловичина, тушка, відокремлювані пісне м’ясо та жир, категорія Choice, у сирому вигляді
169431;Яловичина, тушка, відокремлювані пісне м’ясо та жир, категорія Select, у сирому вигляді
170607;Яловичина, подрібнений, солений або в’ялений, копчений
171227;Яловичина, шийно-лопатковий відруб біля рібаю Ребра по-сільському, без кістки, відокремлювані пісне м’ясо та жир, жир обрізано до 0 дюймів, усі категорії якості, після приготування, тушкований
170831;Яловичина, шийно-лопатковий відруб біля рібаю Ребра по-сільському, без кістки, відокремлювані пісне м’ясо та жир, жир обрізано до 0 дюймів, усі категорії якості, у сирому вигляді
170829;Яловичина, шийно-лопатковий відруб біля рібаю Ребра по-сільському, без кістки, відокремлювані пісне м’ясо та жир, жир обрізано до 0 дюймів, категорія Choice, після приготування, тушкований
170832;Яловичина, шийно-лопатковий відруб біля рібаю Ребра по-сільському, без кістки, відокремлювані пісне м’ясо та жир, жир обрізано до 0 дюймів, категорія Choice, у сирому вигляді
170830;Яловичина, шийно-лопатковий відруб біля рібаю Ребра по-сільському, без кістки, відокремлювані пісне м’ясо та жир, жир обрізано до 0 дюймів, категорія Select, після приготування, тушкований
170833;Яловичина, шийно-лопатковий відруб біля рібаю Ребра по-сільському, без кістки, відокремлювані пісне м’ясо та жир, жир обрізано до 0 дюймів, категорія Select, у сирому вигляді
170799;Яловичина, шийно-лопатковий відруб біля рібаю Ребра по-сільському, без кістки, лише відокремлюване пісне м’ясо, жир обрізано до 0 дюймів, усі категорії якості, після приготування, тушкований
171195;Яловичина, шийно-лопатковий відруб біля рібаю Ребра по-сільському, без кістки, лише відокремлюване пісне м’ясо, жир обрізано до 0 дюймів, усі категорії якості, у сирому вигляді
170797;Яловичина, шийно-лопатковий відруб біля рібаю Ребра по-сільському, без кістки, лише відокремлюване пісне м’ясо, жир обрізано до 0 дюймів, категорія Choice, після приготування, тушкований
174034;Яловичина, фарш, 85% пісного м’яса / 15% жиру, крихта, після приготування, пательня-підрум’янений
170800;Яловичина, шийно-лопатковий відруб біля рібаю Ребра по-сільському, без кістки, лише відокремлюване пісне м’ясо, жир обрізано до 0 дюймів, категорія Choice, у сирому вигляді
170798;Яловичина, шийно-лопатковий відруб біля рібаю Ребра по-сільському, без кістки, лише відокремлюване пісне м’ясо, жир обрізано до 0 дюймів, категорія Select, після приготування, тушкований
171194;Яловичина, шийно-лопатковий відруб біля рібаю Ребра по-сільському, без кістки, лише відокремлюване пісне м’ясо, жир обрізано до 0 дюймів, категорія Select, у сирому вигляді
170820;Яловичина, шийно-лопатковий відруб для запікання, без кістки, Ростбіф Амеріка’с Яловичина, відокремлювані пісне м’ясо та жир, жир обрізано до 0 дюймів, усі категорії якості, після приготування, запечений
168660;Яловичина, шийно-лопатковий відруб для запікання, без кістки, Ростбіф Амеріка’с Яловичина, відокремлювані пісне м’ясо та жир, жир обрізано до 0 дюймів, усі категорії якості, у сирому вигляді
171215;Яловичина, шийно-лопатковий відруб для запікання, без кістки, Ростбіф Амеріка’с Яловичина, відокремлювані пісне м’ясо та жир, жир обрізано до 0 дюймів, категорія Choice, після приготування, запечений
168661;Яловичина, шийно-лопатковий відруб для запікання, без кістки, Ростбіф Амеріка’с Яловичина, відокремлювані пісне м’ясо та жир, жир обрізано до 0 дюймів, категорія Choice, у сирому вигляді
171216;Яловичина, шийно-лопатковий відруб для запікання, без кістки, Ростбіф Амеріка’с Яловичина, відокремлювані пісне м’ясо та жир, жир обрізано до 0 дюймів, категорія Select, після приготування, запечений
168662;Яловичина, шийно-лопатковий відруб для запікання, без кістки, Ростбіф Амеріка’с Яловичина, відокремлювані пісне м’ясо та жир, жир обрізано до 0 дюймів, категорія Select, у сирому вигляді
168674;Яловичина, шийно-лопатковий відруб для запікання, без кістки, Ростбіф Амеріка’с Яловичина, лише відокремлюване пісне м’ясо, жир обрізано до 0 дюймів, усі категорії якості, після приготування, запечений
169565;Яловичина, шийно-лопатковий відруб для запікання, без кістки, Ростбіф Амеріка’с Яловичина, лише відокремлюване пісне м’ясо, жир обрізано до 0 дюймів, усі категорії якості, у сирому вигляді
169496;Яловичина, шийно-лопатковий відруб для запікання, без кістки, Ростбіф Амеріка’с Яловичина, лише відокремлюване пісне м’ясо, жир обрізано до 0 дюймів, категорія Choice, після приготування, запечений
169566;Яловичина, шийно-лопатковий відруб для запікання, без кістки, Ростбіф Амеріка’с Яловичина, лише відокремлюване пісне м’ясо, жир обрізано до 0 дюймів, категорія Choice, у сирому вигляді
169497;Яловичина, шийно-лопатковий відруб для запікання, без кістки, Ростбіф Амеріка’с Яловичина, лише відокремлюване пісне м’ясо, жир обрізано до 0 дюймів, категорія Select, після приготування, запечений
168742;Яловичина, шийно-лопатковий відруб для запікання, без кістки, Ростбіф Амеріка’с Яловичина, лише відокремлюване пісне м’ясо, жир обрізано до 0 дюймів, категорія Select, у сирому вигляді
171228;Яловичина, стейк із шийно-лопаткової частини, без кістки, відокремлювані пісне м’ясо та жир, жир обрізано до 0 дюймів, усі категорії якості, після приготування, приготований на грилі
171231;Яловичина, стейк із шийно-лопаткової частини, без кістки, відокремлювані пісне м’ясо та жир, жир обрізано до 0 дюймів, усі категорії якості, у сирому вигляді
171229;Яловичина, стейк із шийно-лопаткової частини, без кістки, відокремлювані пісне м’ясо та жир, жир обрізано до 0 дюймів, категорія Choice, після приготування, приготований на грилі
170834;Яловичина, стейк із шийно-лопаткової частини, без кістки, відокремлювані пісне м’ясо та жир, жир обрізано до 0 дюймів, категорія Choice, у сирому вигляді
171230;Яловичина, стейк із шийно-лопаткової частини, без кістки, відокремлювані пісне м’ясо та жир, жир обрізано до 0 дюймів, категорія Select, після приготування, приготований на грилі
170835;Яловичина, стейк із шийно-лопаткової частини, без кістки, відокремлювані пісне м’ясо та жир, жир обрізано до 0 дюймів, категорія Select, у сирому вигляді
170801;Яловичина, стейк із шийно-лопаткової частини, без кістки, лише відокремлюване пісне м’ясо, жир обрізано до 0 дюймів, усі категорії якості, після приготування, приготований на грилі
170804;Яловичина, стейк із шийно-лопаткової частини, без кістки, лише відокремлюване пісне м’ясо, жир обрізано до 0 дюймів, усі категорії якості, у сирому вигляді
171196;Яловичина, стейк із шийно-лопаткової частини, без кістки, лише відокремлюване пісне м’ясо, жир обрізано до 0 дюймів, категорія Choice, після приготування, приготований на грилі
170802;Яловичина, стейк із шийно-лопаткової частини, без кістки, лише відокремлюване пісне м’ясо, жир обрізано до 0 дюймів, категорія Choice, у сирому вигляді
171197;Яловичина, стейк із шийно-лопаткової частини, без кістки, лише відокремлюване пісне м’ясо, жир обрізано до 0 дюймів, категорія Select, після приготування, приготований на грилі
170803;Яловичина, стейк із шийно-лопаткової частини, без кістки, лише відокремлюване пісне м’ясо, жир обрізано до 0 дюймів, категорія Select, у сирому вигляді
171203;Яловичина, шийно-лопаткова частина для рагу, відокремлювані пісне м’ясо та жир, усі категорії якості, після приготування, тушкований
171206;Яловичина, шийно-лопаткова частина для рагу, відокремлювані пісне м’ясо та жир, усі категорії якості, у сирому вигляді
171205;Яловичина, шийно-лопаткова частина для рагу, відокремлювані пісне м’ясо та жир, категорія Choice, після приготування, тушкований
170810;Яловичина, шийно-лопаткова частина для рагу, відокремлювані пісне м’ясо та жир, категорія Choice, у сирому вигляді
171204;Яловичина, шийно-лопаткова частина для рагу, відокремлювані пісне м’ясо та жир, категорія Select, після приготування, тушкований
170809;Яловичина, шийно-лопаткова частина для рагу, відокремлювані пісне м’ясо та жир, категорія Select, у сирому вигляді
170213;Яловичина, шийно-лопаткова частина, плечовий відруб відруб для тушкування, відокремлювані пісне м’ясо та жир, жир обрізано до 0 дюймів, усі категорії якості, після приготування, тушкований
170614;Яловичина, шийно-лопаткова частина, плечовий відруб відруб для тушкування, відокремлювані пісне м’ясо та жир, жир обрізано до 0 дюймів, категорія Select, після приготування, тушкований
168667;Яловичина, шийно-лопаткова частина, плечовий відруб відруб для тушкування, відокремлювані пісне м’ясо та жир, жир обрізано до 1/8 дюйма, усі категорії якості, після приготування, тушкований
169491;Яловичина, шийно-лопаткова частина, плечовий відруб відруб для тушкування, відокремлювані пісне м’ясо та жир, жир обрізано до 1/8 дюйма, усі категорії якості, у сирому вигляді
168669;Яловичина, шийно-лопаткова частина, плечовий відруб відруб для тушкування, відокремлювані пісне м’ясо та жир, жир обрізано до 1/8 дюйма, категорія Choice, після приготування, тушкований
168668;Яловичина, шийно-лопаткова частина, плечовий відруб відруб для тушкування, відокремлювані пісне м’ясо та жир, жир обрізано до 1/8 дюйма, категорія Choice, у сирому вигляді
169492;Яловичина, шийно-лопаткова частина, плечовий відруб відруб для тушкування, відокремлювані пісне м’ясо та жир, жир обрізано до 1/8 дюйма, категорія Select, після приготування, тушкований
168670;Яловичина, шийно-лопаткова частина, плечовий відруб відруб для тушкування, відокремлювані пісне м’ясо та жир, жир обрізано до 1/8 дюйма, категорія Select, у сирому вигляді
170615;Яловичина, шийно-лопаткова частина, плечовий відруб відруб для тушкування, лише відокремлюване пісне м’ясо, жир обрізано до 0 дюймів, категорія Choice, після приготування, тушкований
170616;Яловичина, шийно-лопаткова частина, плечовий відруб відруб для тушкування, лише відокремлюване пісне м’ясо, жир обрізано до 0 дюймів, категорія Select, після приготування, тушкований
174050;Яловичина, шийно-лопаткова частина, плечовий відруб відруб для тушкування, лише відокремлюване пісне м’ясо, жир обрізано до 1/8 дюйма, усі категорії якості, після приготування, тушкований
174051;Яловичина, шийно-лопаткова частина, плечовий відруб відруб для тушкування, лише відокремлюване пісне м’ясо, жир обрізано до 1/8 дюйма, усі категорії якості, у сирому вигляді
171817;Яловичина, шийно-лопаткова частина, плечовий відруб відруб для тушкування, лише відокремлюване пісне м’ясо, жир обрізано до 1/8 дюйма, категорія Choice, після приготування, тушкований
174056;Яловичина, шийно-лопаткова частина, плечовий відруб відруб для тушкування, лише відокремлюване пісне м’ясо, жир обрізано до 1/8 дюйма, категорія Choice, у сирому вигляді
174767;Яловичина, шийно-лопаткова частина, плечовий відруб відруб для тушкування, лише відокремлюване пісне м’ясо, жир обрізано до 1/8 дюйма, категорія Select, після приготування, тушкований
174765;Яловичина, шийно-лопаткова частина, плечовий відруб відруб для тушкування, лише відокремлюване пісне м’ясо, жир обрізано до 1/8 дюйма, категорія Select, у сирому вигляді
170617;Яловичина, шийно-лопаткова частина, лопатковий відруб для запікання, відокремлювані пісне м’ясо та жир, жир обрізано до 0 дюймів, усі категорії якості, після приготування, тушкований
169494;Яловичина, шийно-лопаткова частина, лопатковий відруб для запікання, відокремлювані пісне м’ясо та жир, жир обрізано до 1/8 дюйма, усі категорії якості, після приготування, тушкований
169493;Яловичина, шийно-лопаткова частина, лопатковий відруб для запікання, відокремлювані пісне м’ясо та жир, жир обрізано до 1/8 дюйма, усі категорії якості, у сирому вигляді
168671;Яловичина, шийно-лопаткова частина, лопатковий відруб для запікання, відокремлювані пісне м’ясо та жир, жир обрізано до 1/8 дюйма, категорія Choice, після приготування, тушкований
169495;Яловичина, шийно-лопаткова частина, лопатковий відруб для запікання, відокремлювані пісне м’ясо та жир, жир обрізано до 1/8 дюйма, категорія Choice, у сирому вигляді
168673;Яловичина, шийно-лопаткова частина, лопатковий відруб для запікання, відокремлювані пісне м’ясо та жир, жир обрізано до 1/8 дюйма, категорія Select, після приготування, тушкований
168672;Яловичина, шийно-лопаткова частина, лопатковий відруб для запікання, відокремлювані пісне м’ясо та жир, жир обрізано до 1/8 дюйма, категорія Select, у сирому вигляді
170215;Яловичина, шийно-лопаткова частина, лопатковий відруб для запікання, лише відокремлюване пісне м’ясо, жир обрізано до 0 дюймів, усі категорії якості, після приготування, тушкований
174027;Яловичина, шийно-лопаткова частина, м’якуш ростбіф або запечений відруб, відокремлювані пісне м’ясо та жир, жир обрізано до 0 дюймів, усі категорії якості, після приготування, запечений
174023;Яловичина, шийно-лопаткова частина, м’якуш ростбіф або запечений відруб, відокремлювані пісне м’ясо та жир, жир обрізано до 0 дюймів, категорія Choice, після приготування, запечений
171784;Яловичина, шийно-лопаткова частина, м’якуш ростбіф або запечений відруб, відокремлювані пісне м’ясо та жир, жир обрізано до 0 дюймів, категорія Select, після приготування, запечений
174019;Яловичина, шийно-лопаткова частина, м’якуш ростбіф або запечений відруб, лише відокремлюване пісне м’ясо, жир обрізано до 0 дюймів, усі категорії якості, після приготування, запечений
169553;Яловичина, шийно-лопаткова частина, м’якуш ростбіф або запечений відруб, лише відокремлюване пісне м’ясо, жир обрізано до 0 дюймів, категорія Choice, після приготування, запечений
168730;Яловичина, шийно-лопаткова частина, м’якуш ростбіф або запечений відруб, лише відокремлюване пісне м’ясо, жир обрізано до 0 дюймів, категорія Select, після приготування, запечений
171780;Яловичина, шийно-лопаткова частина, м’якуш ростбіф або запечений відруб, лише відокремлюване пісне м’ясо, жир обрізано до 1/4 дюйма, усі категорії якості, після приготування, запечений
174018;Яловичина, шийно-лопаткова частина, м’якуш ростбіф або запечений відруб, лише відокремлюване пісне м’ясо, жир обрізано до 1/4 дюйма, усі категорії якості, у сирому вигляді
171782;Яловичина, шийно-лопаткова частина, м’якуш стейк, лише відокремлюване пісне м’ясо, жир обрізано до 1/4 дюйма, усі категорії якості, після приготування, тушкований
170821;Яловичина, шийно-лопаткова частина, стейк із псевдовирізки, без кістки, відокремлювані пісне м’ясо та жир, жир обрізано до 0 дюймів, усі категорії якості, після приготування, тушкований
170824;Яловичина, шийно-лопаткова частина, стейк із псевдовирізки, без кістки, відокремлювані пісне м’ясо та жир, жир обрізано до 0 дюймів, усі категорії якості, у сирому вигляді
170822;Яловичина, шийно-лопаткова частина, стейк із псевдовирізки, без кістки, відокремлювані пісне м’ясо та жир, жир обрізано до 0 дюймів, категорія Choice, після приготування, тушкований
171220;Яловичина, шийно-лопаткова частина, стейк із псевдовирізки, без кістки, відокремлювані пісне м’ясо та жир, жир обрізано до 0 дюймів, категорія Choice, у сирому вигляді
170823;Яловичина, шийно-лопаткова частина, стейк із псевдовирізки, без кістки, відокремлювані пісне м’ясо та жир, жир обрізано до 0 дюймів, категорія Select, після приготування, тушкований
171221;Яловичина, шийно-лопаткова частина, стейк із псевдовирізки, без кістки, відокремлювані пісне м’ясо та жир, жир обрізано до 0 дюймів, категорія Select, у сирому вигляді
170806;Яловичина, шийно-лопаткова частина, стейк із псевдовирізки, без кістки, лише відокремлюване пісне м’ясо, жир обрізано до 0 дюймів, усі категорії якості, після приготування, тушкований
171202;Яловичина, шийно-лопаткова частина, стейк із псевдовирізки, без кістки, лише відокремлюване пісне м’ясо, жир обрізано до 0 дюймів, усі категорії якості, у сирому вигляді
171201;Яловичина, шийно-лопаткова частина, стейк із псевдовирізки, без кістки, лише відокремлюване пісне м’ясо, жир обрізано до 0 дюймів, категорія Choice, після приготування, тушкований
170807;Яловичина, шийно-лопаткова частина, стейк із псевдовирізки, без кістки, лише відокремлюване пісне м’ясо, жир обрізано до 0 дюймів, категорія Choice, у сирому вигляді
170805;Яловичина, шийно-лопаткова частина, стейк із псевдовирізки, без кістки, лише відокремлюване пісне м’ясо, жир обрізано до 0 дюймів, категорія Select, після приготування, тушкований
170808;Яловичина, шийно-лопаткова частина, стейк із псевдовирізки, без кістки, лише відокремлюване пісне м’ясо, жир обрізано до 0 дюймів, категорія Select, у сирому вигляді
171783;Яловичина, шийно-лопаткова частина, стейк із псевдовирізки, відокремлювані пісне м’ясо та жир, жир обрізано до 0 дюймів, USDA категорія Choice, після приготування, підсмажений під грилем
174020;Яловичина, шийно-лопаткова частина, стейк із псевдовирізки, відокремлювані пісне м’ясо та жир, жир обрізано до 0 дюймів, USDA категорія Select, після приготування, підсмажений під грилем
174025;Яловичина, шийно-лопаткова частина, стейк із псевдовирізки, відокремлювані пісне м’ясо та жир, жир обрізано до 0 дюймів, усі категорії якості, після приготування, підсмажений під грилем
174016;Яловичина, шийно-лопаткова частина, стейк із псевдовирізки, лише відокремлюване пісне м’ясо, жир обрізано до 0 дюймів, усі категорії якості, після приготування, підсмажений під грилем
169561;Яловичина, шийно-лопаткова частина, стейк із псевдовирізки, лише відокремлюване пісне м’ясо, жир обрізано до 0 дюймів, категорія Choice, після приготування, підсмажений під грилем
169562;Яловичина, шийно-лопаткова частина, стейк із псевдовирізки, лише відокремлюване пісне м’ясо, жир обрізано до 0 дюймів, категорія Select, після приготування, підсмажений під грилем
171850;Хліб, пшениця, пророщений
171222;Яловичина, шийно-лопаткова частина, короткі ребра, без кістки, відокремлювані пісне м’ясо та жир, жир обрізано до 0 дюймів, усі категорії якості, після приготування, тушкований
170826;Яловичина, шийно-лопаткова частина, короткі ребра, без кістки, відокремлювані пісне м’ясо та жир, жир обрізано до 0 дюймів, усі категорії якості, у сирому вигляді
171223;Яловичина, шийно-лопаткова частина, короткі ребра, без кістки, відокремлювані пісне м’ясо та жир, жир обрізано до 0 дюймів, категорія Choice, після приготування, тушкований
170827;Яловичина, шийно-лопаткова частина, короткі ребра, без кістки, відокремлювані пісне м’ясо та жир, жир обрізано до 0 дюймів, категорія Choice, у сирому вигляді
170825;Яловичина, шийно-лопаткова частина, короткі ребра, без кістки, відокремлювані пісне м’ясо та жир, жир обрізано до 0 дюймів, категорія Select, після приготування, тушкований
170828;Яловичина, шийно-лопаткова частина, короткі ребра, без кістки, відокремлювані пісне м’ясо та жир, жир обрізано до 0 дюймів, категорія Select, у сирому вигляді
169569;Яловичина, шийно-лопаткова частина, короткі ребра, без кістки, лише відокремлюване пісне м’ясо, жир обрізано до 0 дюймів, усі категорії якості, після приготування, тушкований
170796;Яловичина, шийно-лопаткова частина, короткі ребра, без кістки, лише відокремлюване пісне м’ясо, жир обрізано до 0 дюймів, усі категорії якості, у сирому вигляді
169567;Яловичина, шийно-лопаткова частина, короткі ребра, без кістки, лише відокремлюване пісне м’ясо, жир обрізано до 0 дюймів, категорія Choice, після приготування, тушкований
170783;Яловичина, шийно-лопаткова частина, короткі ребра, без кістки, лише відокремлюване пісне м’ясо, жир обрізано до 0 дюймів, категорія Choice, у сирому вигляді
169568;Яловичина, шийно-лопаткова частина, короткі ребра, без кістки, лише відокремлюване пісне м’ясо, жир обрізано до 0 дюймів, категорія Select, після приготування, тушкований
171193;Яловичина, шийно-лопаткова частина, короткі ребра, без кістки, лише відокремлюване пісне м’ясо, жир обрізано до 0 дюймів, категорія Select, у сирому вигляді
173366;Яловичина, шийно-лопаткова частина, плечовий м’якуш, плечова частина ніжний, медалліон, відокремлювані пісне м’ясо та жир, жир обрізано до 0 дюймів, усі категорії якості, після приготування, приготований на грилі
173365;Яловичина, шийно-лопаткова частина, плечовий м’якуш, плечова частина ніжний, медалліон, відокремлювані пісне м’ясо та жир, жир обрізано до 0 дюймів, усі категорії якості, у сирому вигляді
173355;Яловичина, шийно-лопаткова частина, плечовий м’якуш, плечова частина ніжний, медалліон, відокремлювані пісне м’ясо та жир, жир обрізано до 0 дюймів, категорія Choice, після приготування, приготований на грилі
172122;Яловичина, шийно-лопаткова частина, плечовий м’якуш, плечова частина ніжний, медалліон, відокремлювані пісне м’ясо та жир, жир обрізано до 0 дюймів, категорія Choice, у сирому вигляді
172136;Яловичина, шийно-лопаткова частина, плечовий м’якуш, плечова частина ніжний, медалліон, відокремлювані пісне м’ясо та жир, жир обрізано до 0 дюймів, категорія Select, після приготування, приготований на грилі
173356;Яловичина, шийно-лопаткова частина, плечовий м’якуш, плечова частина ніжний, медалліон, відокремлювані пісне м’ясо та жир, жир обрізано до 0 дюймів, категорія Select, у сирому вигляді
172133;Яловичина, шийно-лопаткова частина, плечовий м’якуш, плечова частина верхній і центральний стейки, відокремлювані пісне м’ясо та жир, жир обрізано до 0 дюймів, усі категорії якості, після приготування, приготований на грилі
172132;Яловичина, шийно-лопаткова частина, плечовий м’якуш, плечова частина верхній і центральний стейки, відокремлювані пісне м’ясо та жир, жир обрізано до 0 дюймів, усі категорії якості, у сирому вигляді
173358;Яловичина, шийно-лопаткова частина, плечовий м’якуш, плечова частина верхній і центральний стейки, відокремлювані пісне м’ясо та жир, жир обрізано до 0 дюймів, категорія Choice, після приготування, приготований на грилі
173357;Яловичина, шийно-лопаткова частина, плечовий м’якуш, плечова частина верхній і центральний стейки, відокремлювані пісне м’ясо та жир, жир обрізано до 0 дюймів, категорія Choice, у сирому вигляді
172124;Яловичина, шийно-лопаткова частина, плечовий м’якуш, плечова частина верхній і центральний стейки, відокремлювані пісне м’ясо та жир, жир обрізано до 0 дюймів, категорія Select, після приготування, приготований на грилі
172123;Яловичина, шийно-лопаткова частина, плечовий м’якуш, плечова частина верхній і центральний стейки, відокремлювані пісне м’ясо та жир, жир обрізано до 0 дюймів, категорія Select, у сирому вигляді
173368;Яловичина, шийно-лопаткова частина, плечовий м’якуш, верхня лопаткова частина, стейк, відокремлювані пісне м’ясо та жир, жир обрізано до 0 дюймів, усі категорії якості, після приготування, приготований на грилі
172134;Яловичина, шийно-лопаткова частина, плечовий м’якуш, верхня лопаткова частина, стейк, відокремлювані пісне м’ясо та жир, жир обрізано до 0 дюймів, усі категорії якості, у сирому вигляді
172126;Яловичина, шийно-лопаткова частина, плечовий м’якуш, верхня лопаткова частина, стейк, відокремлювані пісне м’ясо та жир, жир обрізано до 0 дюймів, категорія Choice, після приготування, приготований на грилі
172125;Яловичина, шийно-лопаткова частина, плечовий м’якуш, верхня лопаткова частина, стейк, відокремлювані пісне м’ясо та жир, жир обрізано до 0 дюймів, категорія Choice, у сирому вигляді
173360;Яловичина, шийно-лопаткова частина, плечовий м’якуш, верхня лопаткова частина, стейк, відокремлювані пісне м’ясо та жир, жир обрізано до 0 дюймів, категорія Select, після приготування, приготований на грилі
173359;Яловичина, шийно-лопаткова частина, плечовий м’якуш, верхня лопаткова частина, стейк, відокремлювані пісне м’ясо та жир, жир обрізано до 0 дюймів, категорія Select, у сирому вигляді
174026;Яловичина, шийно-лопаткова частина, верхня лопаткова частина, відокремлювані пісне м’ясо та жир, жир обрізано до 0 дюймів, усі категорії якості, після приготування, підсмажений під грилем
174021;Яловичина, шийно-лопаткова частина, верхня лопаткова частина, відокремлювані пісне м’ясо та жир, жир обрізано до 0 дюймів, категорія Choice, після приготування, підсмажений під грилем
174022;Яловичина, шийно-лопаткова частина, верхня лопаткова частина, відокремлювані пісне м’ясо та жир, жир обрізано до 0 дюймів, категорія Select, після приготування, підсмажений під грилем
174017;Яловичина, шийно-лопаткова частина, верхня лопаткова частина, лише відокремлюване пісне м’ясо, жир обрізано до 0 дюймів, усі категорії якості, після приготування, підсмажений під грилем
168738;Яловичина, шийно-лопаткова частина, верхня лопаткова частина, лише відокремлюване пісне м’ясо, жир обрізано до 0 дюймів, категорія Choice, після приготування, підсмажений під грилем
168739;Яловичина, шийно-лопаткова частина, верхня лопаткова частина, лише відокремлюване пісне м’ясо, жир обрізано до 0 дюймів, категорія Select, після приготування, підсмажений під грилем
170816;Яловичина, шийно-лопаткова частина, підлопаткова частина центральний стейк, без кістки, Денвер Відруб, відокремлювані пісне м’ясо та жир, жир обрізано до 0 дюймів, усі категорії якості, після приготування, приготований на грилі
171213;Яловичина, шийно-лопаткова частина, підлопаткова частина центральний стейк, без кістки, Денвер Відруб, відокремлювані пісне м’ясо та жир, жир обрізано до 0 дюймів, усі категорії якості, у сирому вигляді
171211;Яловичина, шийно-лопаткова частина, підлопаткова частина центральний стейк, без кістки, Денвер Відруб, відокремлювані пісне м’ясо та жир, жир обрізано до 0 дюймів, категорія Choice, після приготування, приготований на грилі
171214;Яловичина, шийно-лопаткова частина, підлопаткова частина центральний стейк, без кістки, Денвер Відруб, відокремлювані пісне м’ясо та жир, жир обрізано до 0 дюймів, категорія Choice, у сирому вигляді
171212;Яловичина, шийно-лопаткова частина, підлопаткова частина центральний стейк, без кістки, Денвер Відруб, відокремлювані пісне м’ясо та жир, жир обрізано до 0 дюймів, категорія Select, після приготування, приготований на грилі
170817;Яловичина, шийно-лопаткова частина, підлопаткова частина центральний стейк, без кістки, Денвер Відруб, відокремлювані пісне м’ясо та жир, жир обрізано до 0 дюймів, категорія Select, у сирому вигляді
170605;Яловичина, шийно-лопаткова частина, підлопаткова частина центральний стейк, без кістки, Денвер Відруб, лише відокремлюване пісне м’ясо, жир обрізано до 0 дюймів, усі категорії якості, після приготування, приготований на грилі
170205;Яловичина, шийно-лопаткова частина, підлопаткова частина центральний стейк, без кістки, Денвер Відруб, лише відокремлюване пісне м’ясо, жир обрізано до 0 дюймів, усі категорії якості, у сирому вигляді
170201;Яловичина, шийно-лопаткова частина, підлопаткова частина центральний стейк, без кістки, Денвер Відруб, лише відокремлюване пісне м’ясо, жир обрізано до 0 дюймів, категорія Choice, після приготування, приготований на грилі
170608;Яловичина, шийно-лопаткова частина, підлопаткова частина центральний стейк, без кістки, Денвер Відруб, лише відокремлюване пісне м’ясо, жир обрізано до 0 дюймів, категорія Choice, у сирому вигляді
170203;Яловичина, шийно-лопаткова частина, підлопаткова частина центральний стейк, без кістки, Денвер Відруб, лише відокремлюване пісне м’ясо, жир обрізано до 0 дюймів, категорія Select, після приготування, приготований на грилі
168653;Яловичина, шийно-лопаткова частина, підлопаткова частина центральний стейк, без кістки, Денвер Відруб, лише відокремлюване пісне м’ясо, жир обрізано до 0 дюймів, категорія Select, у сирому вигляді
170813;Яловичина, шийно-лопаткова частина, підлопаткова частина відруб для тушкування або стейк, без кістки, відокремлювані пісне м’ясо та жир, жир обрізано до 0 дюймів, усі категорії якості, у сирому вигляді
170814;Яловичина, шийно-лопаткова частина, підлопаткова частина відруб для тушкування або стейк, без кістки, відокремлювані пісне м’ясо та жир, жир обрізано до 0 дюймів, категорія Choice, у сирому вигляді
170815;Яловичина, шийно-лопаткова частина, підлопаткова частина відруб для тушкування або стейк, без кістки, відокремлювані пісне м’ясо та жир, жир обрізано до 0 дюймів, категорія Select, у сирому вигляді
169445;Яловичина, шийно-лопаткова частина, підлопаткова частина відруб для тушкування або стейк, без кістки, лише відокремлюване пісне м’ясо, жир обрізано до 0 дюймів, усі категорії якості, у сирому вигляді
169446;Яловичина, шийно-лопаткова частина, підлопаткова частина відруб для тушкування або стейк, без кістки, лише відокремлюване пісне м’ясо, жир обрізано до 0 дюймів, категорія Choice, у сирому вигляді
170603;Яловичина, шийно-лопаткова частина, підлопаткова частина відруб для тушкування або стейк, без кістки, лише відокремлюване пісне м’ясо, жир обрізано до 0 дюймів, категорія Select, у сирому вигляді
171208;Яловичина, шийно-лопаткова частина, підлопаткова частина відруб для тушкування, без кістки, відокремлювані пісне м’ясо та жир, жир обрізано до 0 дюймів, усі категорії якості, після приготування, тушкований
170618;Яловичина, шийно-лопаткова частина, підлопаткова частина відруб для тушкування, без кістки, відокремлювані пісне м’ясо та жир, жир обрізано до 0 дюймів, категорія Choice, після приготування, тушкований
170214;Яловичина, шийно-лопаткова частина, підлопаткова частина відруб для тушкування, без кістки, відокремлювані пісне м’ясо та жир, жир обрізано до 0 дюймів, категорія Select, після приготування, тушкований
169444;Яловичина, шийно-лопаткова частина, підлопаткова частина відруб для тушкування, без кістки, лише відокремлюване пісне м’ясо, жир обрізано до 0 дюймів, усі категорії якості, після приготування, тушкований
170216;Яловичина, шийно-лопаткова частина, підлопаткова частина відруб для тушкування, без кістки, лише відокремлюване пісне м’ясо, жир обрізано до 0 дюймів, категорія Choice, після приготування, тушкований
170217;Яловичина, шийно-лопаткова частина, підлопаткова частина відруб для тушкування, без кістки, лише відокремлюване пісне м’ясо, жир обрізано до 0 дюймів, категорія Select, після приготування, тушкований
171217;Яловичина, шийно-лопаткова частина, підлопаткова частина стейк, без кістки, відокремлювані пісне м’ясо та жир, жир обрізано до 0 дюймів, усі категорії якості, після приготування, тушкований
171218;Яловичина, шийно-лопаткова частина, підлопаткова частина стейк, без кістки, відокремлювані пісне м’ясо та жир, жир обрізано до 0 дюймів, категорія Choice, після приготування, тушкований
171219;Яловичина, шийно-лопаткова частина, підлопаткова частина стейк, без кістки, відокремлювані пісне м’ясо та жир, жир обрізано до 0 дюймів, категорія Select, після приготування, тушкований
171207;Яловичина, шийно-лопаткова частина, підлопаткова частина стейк, без кістки, лише відокремлюване пісне м’ясо, жир обрізано до 0 дюймів, усі категорії якості, після приготування, тушкований
170811;Яловичина, шийно-лопаткова частина, підлопаткова частина стейк, без кістки, лише відокремлюване пісне м’ясо, жир обрізано до 0 дюймів, категорія Choice, після приготування, тушкований
170812;Яловичина, шийно-лопаткова частина, підлопаткова частина стейк, без кістки, лише відокремлюване пісне м’ясо, жир обрізано до 0 дюймів, категорія Select, після приготування, тушкований
170609;Яловичина, суміш обрізаних роздрібних відрубів, відокремлювані пісне м’ясо та жир, жир обрізано до 0 дюймів, усі категорії якості, після приготування
174757;Яловичина, суміш обрізаних роздрібних відрубів, відокремлювані пісне м’ясо та жир, жир обрізано до 0 дюймів, усі категорії якості, у сирому вигляді
170206;Яловичина, суміш обрізаних роздрібних відрубів, відокремлювані пісне м’ясо та жир, жир обрізано до 0 дюймів, категорія Choice, після приготування
174014;Яловичина, суміш обрізаних роздрібних відрубів, відокремлювані пісне м’ясо та жир, жир обрізано до 0 дюймів, категорія Choice, у сирому вигляді
170207;Яловичина, суміш обрізаних роздрібних відрубів, відокремлювані пісне м’ясо та жир, жир обрізано до 0 дюймів, категорія Select, після приготування
171777;Яловичина, суміш обрізаних роздрібних відрубів, відокремлювані пісне м’ясо та жир, жир обрізано до 0 дюймів, категорія Select, у сирому вигляді
169484;Яловичина, суміш обрізаних роздрібних відрубів, відокремлювані пісне м’ясо та жир, жир обрізано до 1/8 дюйма, усі категорії якості, після приготування
169483;Яловичина, суміш обрізаних роздрібних відрубів, відокремлювані пісне м’ясо та жир, жир обрізано до 1/8 дюйма, усі категорії якості, у сирому вигляді
169486;Яловичина, суміш обрізаних роздрібних відрубів, відокремлювані пісне м’ясо та жир, жир обрізано до 1/8 дюйма, категорія Choice, після приготування
169485;Яловичина, суміш обрізаних роздрібних відрубів, відокремлювані пісне м’ясо та жир, жир обрізано до 1/8 дюйма, категорія Choice, у сирому вигляді
168663;Яловичина, суміш обрізаних роздрібних відрубів, відокремлювані пісне м’ясо та жир, жир обрізано до 1/8 дюйма, категорія Select, після приготування
169487;Яловичина, суміш обрізаних роздрібних відрубів, відокремлювані пісне м’ясо та жир, жир обрізано до 1/8 дюйма, категорія Select, у сирому вигляді
170208;Яловичина, суміш обрізаних роздрібних відрубів, лише відокремлюване пісне м’ясо, жир обрізано до 0 дюймів, усі категорії якості, після приготування
174035;Яловичина, фарш, 85% пісного м’яса / 15% жиру, буханець або рулет, після приготування, печений
174760;Яловичина, суміш обрізаних роздрібних відрубів, лише відокремлюване пісне м’ясо, жир обрізано до 0 дюймів, усі категорії якості, у сирому вигляді
170209;Яловичина, суміш обрізаних роздрібних відрубів, лише відокремлюване пісне м’ясо, жир обрізано до 0 дюймів, категорія Choice, після приготування
174015;Яловичина, суміш обрізаних роздрібних відрубів, лише відокремлюване пісне м’ясо, жир обрізано до 0 дюймів, категорія Choice, у сирому вигляді
170610;Яловичина, суміш обрізаних роздрібних відрубів, лише відокремлюване пісне м’ясо, жир обрізано до 0 дюймів, категорія Select, після приготування
171776;Яловичина, суміш обрізаних роздрібних відрубів, лише відокремлюване пісне м’ясо, жир обрізано до 0 дюймів, категорія Select, у сирому вигляді
174759;Яловичина, суміш обрізаних роздрібних відрубів, лише відокремлюване пісне м’ясо, жир обрізано до 1/8 дюйма, усі категорії якості, після приготування
174758;Яловичина, суміш обрізаних роздрібних відрубів, лише відокремлюване пісне м’ясо, жир обрізано до 1/8 дюйма, усі категорії якості, у сирому вигляді
174012;Яловичина, суміш обрізаних роздрібних відрубів, лише відокремлюване пісне м’ясо, жир обрізано до 1/8 дюйма, категорія Choice, у сирому вигляді
171778;Яловичина, суміш обрізаних роздрібних відрубів, лише відокремлюване пісне м’ясо, жир обрізано до 1/8 дюйма, категорія Select, після приготування
171779;Яловичина, суміш обрізаних роздрібних відрубів, лише відокремлюване пісне м’ясо, жир обрізано до 1/8 дюйма, категорія Select, у сирому вигляді
173332;Яловичина, хеш із солонини та картоплі, з картопля, консервований
170198;Яловичина, солений або в’ялений, смужки для сніданку, після приготування
170197;Яловичина, солений або в’ялений, смужки для сніданку, у сирому вигляді або без підігрівання
170200;Яловичина, солений або в’ялений, солонина, грудинка, після приготування
170199;Яловичина, солений або в’ялений, солонина, грудинка, у сирому вигляді
170602;Яловичина, солений або в’ялений, солонина, консервований
170604;Яловичина, солений або в’ялений, сушений
170202;Яловичина, солений або в’ялений, м’ясні консерви для бутербродів, джеллід
170204;Яловичина, солений або в’ялений, пастрамі
168733;Яловичина, пашина, стейк, відокремлювані пісне м’ясо та жир, жир обрізано до 0 дюймів, усі категорії якості, після приготування, підсмажений під грилем
169563;Яловичина, пашина, стейк, відокремлювані пісне м’ясо та жир, жир обрізано до 0 дюймів, усі категорії якості, у сирому вигляді
169434;Яловичина, пашина, стейк, відокремлювані пісне м’ясо та жир, жир обрізано до 0 дюймів, категорія Choice, після приготування, тушкований
169435;Яловичина, пашина, стейк, відокремлювані пісне м’ясо та жир, жир обрізано до 0 дюймів, категорія Choice, після приготування, підсмажений під грилем
169433;Яловичина, пашина, стейк, відокремлювані пісне м’ясо та жир, жир обрізано до 0 дюймів, категорія Choice, у сирому вигляді
169554;Яловичина, пашина, стейк, відокремлювані пісне м’ясо та жир, жир обрізано до 0 дюймів, категорія Select, після приготування, підсмажений під грилем
169564;Яловичина, пашина, стейк, відокремлювані пісне м’ясо та жир, жир обрізано до 0 дюймів, категорія Select, у сирому вигляді
174774;Яловичина, пашина, стейк, лише відокремлюване пісне м’ясо, жир обрізано до 0 дюймів, усі категорії якості, після приготування, підсмажений під грилем
174776;Яловичина, пашина, стейк, лише відокремлюване пісне м’ясо, жир обрізано до 0 дюймів, усі категорії якості, у сирому вигляді
168610;Яловичина, пашина, стейк, лише відокремлюване пісне м’ясо, жир обрізано до 0 дюймів, категорія Choice, після приготування, тушкований
168611;Яловичина, пашина, стейк, лише відокремлюване пісне м’ясо, жир обрізано до 0 дюймів, категорія Choice, після приготування, підсмажений під грилем
168609;Яловичина, пашина, стейк, лише відокремлюване пісне м’ясо, жир обрізано до 0 дюймів, категорія Choice, у сирому вигляді
174775;Яловичина, пашина, стейк, лише відокремлюване пісне м’ясо, жир обрізано до 0 дюймів, категорія Select, після приготування, підсмажений під грилем
174777;Яловичина, пашина, стейк, лише відокремлюване пісне м’ясо, жир обрізано до 0 дюймів, категорія Select, у сирому вигляді
168608;Яловичина, трав’яної відгодівлі, мелений, у сирому вигляді
169429;Яловичина, трав’яної відгодівлі, стріп стейки, лише пісна частина, у сирому вигляді
169473;Яловичина, фарш, 70% пісного м’яса / 30% жиру, крихта, після приготування, пательня-підрум’янений
169474;Яловичина, фарш, 70% пісного м’яса / 30% жиру, буханець або рулет, після приготування, печений
168650;Яловичина, фарш, 70% пісного м’яса / 30% жиру, котлета після приготування, підсмажений на сухій пательні
168651;Яловичина, фарш, 70% пісного м’яса / 30% жиру, котлета, після приготування, підсмажений під грилем
168652;Яловичина, фарш, 70% пісного м’яса / 30% жиру, у сирому вигляді
174040;Яловичина, фарш, 75% пісного м’яса / 25% жиру, крихта, після приготування, пательня-підрум’янений
171801;Яловичина, фарш, 75% пісного м’яса / 25% жиру, буханець або рулет, після приготування, печений
174038;Яловичина, фарш, 75% пісного м’яса / 25% жиру, котлета, після приготування, підсмажений під грилем
174039;Яловичина, фарш, 75% пісного м’яса / 25% жиру, котлета, після приготування, підсмажений на сухій пательні
174037;Яловичина, фарш, 75% пісного м’яса / 25% жиру, у сирому вигляді
171799;Яловичина, фарш, 80% пісного м’яса / 20% жиру, крихта, після приготування, пательня-підрум’янений
171800;Яловичина, фарш, 80% пісного м’яса / 20% жиру, буханець або рулет, після приготування, печений
171797;Яловичина, фарш, 80% пісного м’яса / 20% жиру, котлета, після приготування, підсмажений під грилем
171798;Яловичина, фарш, 80% пісного м’яса / 20% жиру, котлета, після приготування, підсмажений на сухій пательні
174036;Яловичина, фарш, 80% пісного м’яса / 20% жиру, у сирому вигляді
174032;Яловичина, фарш, 85% пісного м’яса / 15% жиру, котлета, після приготування, підсмажений під грилем
174033;Яловичина, фарш, 85% пісного м’яса / 15% жиру, котлета, після приготування, підсмажений на сухій пательні
171796;Яловичина, фарш, 85% пісного м’яса / 15% жиру, у сирому вигляді (Включає харчові продукти для USDA'с Харчовий продукт Розподіл Програма)
171794;Яловичина, фарш, 90% пісного м’яса / 10% жиру, крихта, після приготування, пательня-підрум’янений
171795;Яловичина, фарш, 90% пісного м’яса / 10% жиру, буханець або рулет, після приготування, печений
174031;Яловичина, фарш, 90% пісного м’яса / 10% жиру, котлета, після приготування, підсмажений під грилем
171793;Яловичина, фарш, 90% пісного м’яса / 10% жиру, котлета, після приготування, підсмажений на сухій пательні
174030;Яловичина, фарш, 90% пісного м’яса / 10% жиру, у сирому вигляді
174755;Яловичина, мелений, 93% пісний м’ясо / 7% жир, крихта, після приготування, пательня-підрум’янений
174754;Яловичина, мелений, 93% пісний м’ясо / 7% жир, буханець або рулет, після приготування, печений
174752;Яловичина, мелений, 93% пісний м’ясо / 7% жир, котлета, після приготування, підсмажений під грилем
173110;Яловичина, мелений, 93% пісний м’ясо / 7% жир, у сирому вигляді
174753;Яловичина, мелений, 93% пісний м’ясо /7% жир, котлета, після приготування, підсмажений на сухій пательні
174028;Яловичина, фарш, 95% пісного м’яса / 5% жиру, крихта, після приготування, пательня-підрум’янений
174029;Яловичина, фарш, 95% пісного м’яса / 5% жиру, буханець або рулет, після приготування, печений
171791;Яловичина, фарш, 95% пісного м’яса / 5% жиру, котлета, після приготування, підсмажений під грилем
171792;Яловичина, фарш, 95% пісного м’яса / 5% жиру, котлета, після приготування, підсмажений на сухій пательні
171790;Яловичина, фарш, 95% пісного м’яса / 5% жиру, у сирому вигляді
174756;Яловичина, фарш, 97% пісного м’яса / 3% жиру, крихта, після приготування, пательня-підрум’янений
173114;Яловичина, фарш, 97% пісного м’яса / 3% жиру, буханець або рулет, після приготування, печений
173112;Яловичина, фарш, 97% пісного м’яса / 3% жиру, котлета, після приготування, підсмажений під грилем
173111;Яловичина, фарш, 97% пісного м’яса / 3% жиру, у сирому вигляді
173113;Яловичина, мелений, 97% пісний м’ясо /3% жир, котлета, після приготування, підсмажений на сухій пательні
169447;Яловичина, мелений, котлети, заморожений, після приготування, підсмажений під грилем
172161;Яловичина, мелений, не уточнено жир контент, після приготування
169571;Яловичина, корейка, нижня філейна частина верхня частина окосту, відруб трі-тіп для запікання, лише відокремлюване пісне м’ясо, жир обрізано до 0 дюймів, усі категорії якості, після приготування, запечений
174024;Яловичина, корейка, нижня філейна частина верхня частина окосту, стейк трі-тіп, відокремлювані пісне м’ясо та жир, жир обрізано до 0 дюймів, усі категорії якості, після приготування, підсмажений під грилем
173991;Яловичина, корейка, вирізка ростбіф або запечений відруб, без кістки, відокремлювані пісне м’ясо та жир, жир обрізано до 0 дюймів, усі категорії якості, після приготування, запечений
173987;Яловичина, корейка, вирізка ростбіф або запечений відруб, без кістки, відокремлювані пісне м’ясо та жир, жир обрізано до 0 дюймів, усі категорії якості, у сирому вигляді
171753;Яловичина, корейка, вирізка ростбіф або запечений відруб, без кістки, відокремлювані пісне м’ясо та жир, жир обрізано до 0 дюймів, категорія Choice, після приготування, запечений
171748;Яловичина, корейка, вирізка ростбіф або запечений відруб, без кістки, відокремлювані пісне м’ясо та жир, жир обрізано до 0 дюймів, категорія Choice, у сирому вигляді
171754;Яловичина, корейка, вирізка ростбіф або запечений відруб, без кістки, відокремлювані пісне м’ясо та жир, жир обрізано до 0 дюймів, категорія Select, після приготування, запечений
171749;Яловичина, корейка, вирізка ростбіф або запечений відруб, без кістки, відокремлювані пісне м’ясо та жир, жир обрізано до 0 дюймів, категорія Select, у сирому вигляді
174004;Яловичина, корейка, вирізка ростбіф або запечений відруб, без кістки, лише відокремлюване пісне м’ясо, жир обрізано до 0 дюймів, усі категорії якості, після приготування, запечений
171765;Яловичина, корейка, вирізка ростбіф або запечений відруб, без кістки, лише відокремлюване пісне м’ясо, жир обрізано до 0 дюймів, усі категорії якості, у сирому вигляді
174005;Яловичина, корейка, вирізка ростбіф або запечений відруб, без кістки, лише відокремлюване пісне м’ясо, жир обрізано до 0 дюймів, категорія Choice, після приготування, запечений
174000;Яловичина, корейка, вирізка ростбіф або запечений відруб, без кістки, лише відокремлюване пісне м’ясо, жир обрізано до 0 дюймів, категорія Choice, у сирому вигляді
174001;Яловичина, корейка, вирізка ростбіф або запечений відруб, без кістки, лише відокремлюване пісне м’ясо, жир обрізано до 0 дюймів, категорія Select, у сирому вигляді
174006;Яловичина, корейка, вирізка ростбіф або запечений відруб, лише відокремлюване пісне м’ясо, без кістки, жир обрізано до 0 дюймів, категорія Select, після приготування, запечений
170237;Яловичина, корейка, вирізка стейк, без кістки, відокремлювані пісне м’ясо та жир, жир обрізано до 0 дюймів, усі категорії якості, після приготування, приготований на грилі
173988;Яловичина, корейка, вирізка стейк, без кістки, відокремлювані пісне м’ясо та жир, жир обрізано до 0 дюймів, усі категорії якості, у сирому вигляді
170238;Яловичина, корейка, вирізка стейк, без кістки, відокремлювані пісне м’ясо та жир, жир обрізано до 0 дюймів, категорія Choice, після приготування, приготований на грилі
173989;Яловичина, корейка, вирізка стейк, без кістки, відокремлювані пісне м’ясо та жир, жир обрізано до 0 дюймів, категорія Choice, у сирому вигляді
170640;Яловичина, корейка, вирізка стейк, без кістки, відокремлювані пісне м’ясо та жир, жир обрізано до 0 дюймів, категорія Select, після приготування, приготований на грилі
173990;Яловичина, корейка, вирізка стейк, без кістки, відокремлювані пісне м’ясо та жир, жир обрізано до 0 дюймів, категорія Select, у сирому вигляді
170641;Яловичина, корейка, вирізка стейк, без кістки, лише відокремлюване пісне м’ясо, жир обрізано до 0 дюймів, усі категорії якості, після приготування, приготований на грилі
171767;Яловичина, корейка, вирізка стейк, без кістки, лише відокремлюване пісне м’ясо, жир обрізано до 0 дюймів, усі категорії якості, у сирому вигляді
170642;Яловичина, корейка, вирізка стейк, без кістки, лише відокремлюване пісне м’ясо, жир обрізано до 0 дюймів, категорія Choice, після приготування, приготований на грилі
171768;Яловичина, корейка, вирізка стейк, без кістки, лише відокремлюване пісне м’ясо, жир обрізано до 0 дюймів, категорія Choice, у сирому вигляді
170643;Яловичина, корейка, вирізка стейк, без кістки, лише відокремлюване пісне м’ясо, жир обрізано до 0 дюймів, категорія Select, після приготування, приготований на грилі
171769;Яловичина, корейка, вирізка стейк, без кістки, лише відокремлюване пісне м’ясо, жир обрізано до 0 дюймів, категорія Select, у сирому вигляді
170239;Яловичина, корейка, стейк із верхньої частини корейки, без кістки, без жирової кромки, відокремлювані пісне м’ясо та жир, жир обрізано до 0 дюймів, усі категорії якості, після приготування, приготований на грилі
171750;Яловичина, корейка, стейк із верхньої частини корейки, без кістки, без жирової кромки, відокремлювані пісне м’ясо та жир, жир обрізано до 0 дюймів, усі категорії якості, у сирому вигляді
170240;Яловичина, корейка, стейк із верхньої частини корейки, без кістки, без жирової кромки, відокремлювані пісне м’ясо та жир, жир обрізано до 0 дюймів, категорія Choice, після приготування, приготований на грилі
171751;Яловичина, корейка, стейк із верхньої частини корейки, без кістки, без жирової кромки, відокремлювані пісне м’ясо та жир, жир обрізано до 0 дюймів, категорія Choice, у сирому вигляді
168631;Яловичина, корейка, стейк із верхньої частини корейки, без кістки, без жирової кромки, відокремлювані пісне м’ясо та жир, жир обрізано до 0 дюймів, категорія Select, після приготування, приготований на грилі
171752;Яловичина, корейка, стейк із верхньої частини корейки, без кістки, без жирової кромки, відокремлювані пісне м’ясо та жир, жир обрізано до 0 дюймів, категорія Select, у сирому вигляді
168632;Яловичина, корейка, стейк із верхньої частини корейки, без кістки, без жирової кромки, лише відокремлюване пісне м’ясо, жир обрізано до 0 дюймів, усі категорії якості, після приготування, приготований на грилі
174002;Яловичина, корейка, стейк із верхньої частини корейки, без кістки, без жирової кромки, лише відокремлюване пісне м’ясо, жир обрізано до 0 дюймів, усі категорії якості, у сирому вигляді
169455;Яловичина, корейка, стейк із верхньої частини корейки, без кістки, без жирової кромки, лише відокремлюване пісне м’ясо, жир обрізано до 0 дюймів, категорія Choice, після приготування, приготований на грилі
174003;Яловичина, корейка, стейк із верхньої частини корейки, без кістки, без жирової кромки, лише відокремлюване пісне м’ясо, жир обрізано до 0 дюймів, категорія Choice, у сирому вигляді
169456;Яловичина, корейка, стейк із верхньої частини корейки, без кістки, без жирової кромки, лише відокремлюване пісне м’ясо, жир обрізано до 0 дюймів, категорія Select, після приготування, приготований на грилі
171766;Яловичина, корейка, стейк із верхньої частини корейки, без кістки, без жирової кромки, лише відокремлюване пісне м’ясо, жир обрізано до 0 дюймів, категорія Select, у сирому вигляді
174714;Яловичина, корейка, стейк із верхньої частини корейки, без кістки, із жировою кромкою, відокремлювані пісне м’ясо та жир, жир обрізано до 1/8 дюйма, усі категорії якості, після приготування, приготований на грилі
171775;Яловичина, корейка, стейк із верхньої частини корейки, без кістки, із жировою кромкою, відокремлювані пісне м’ясо та жир, жир обрізано до 1/8 дюйма, усі категорії якості, у сирому вигляді
174712;Яловичина, корейка, стейк із верхньої частини корейки, без кістки, із жировою кромкою, відокремлювані пісне м’ясо та жир, жир обрізано до 1/8 дюйма, категорія Choice, після приготування, приготований на грилі
173072;Яловичина, корейка, стейк із верхньої частини корейки, без кістки, із жировою кромкою, відокремлювані пісне м’ясо та жир, жир обрізано до 1/8 дюйма, категорія Choice, у сирому вигляді
174713;Яловичина, корейка, стейк із верхньої частини корейки, без кістки, із жировою кромкою, відокремлювані пісне м’ясо та жир, жир обрізано до 1/8 дюйма, категорія Select, після приготування, приготований на грилі
171774;Яловичина, корейка, стейк із верхньої частини корейки, без кістки, із жировою кромкою, відокремлювані пісне м’ясо та жир, жир обрізано до 1/8 дюйма, категорія Select, у сирому вигляді
173071;Яловичина, корейка, стейк із верхньої частини корейки, без кістки, із жировою кромкою, лише відокремлюване пісне м’ясо, жир обрізано до 1/8 дюйма, усі категорії якості, після приготування, приготований на грилі
174011;Яловичина, корейка, стейк із верхньої частини корейки, без кістки, із жировою кромкою, лише відокремлюване пісне м’ясо, жир обрізано до 1/8 дюйма, усі категорії якості, у сирому вигляді
173069;Яловичина, корейка, стейк із верхньої частини корейки, без кістки, із жировою кромкою, лише відокремлюване пісне м’ясо, жир обрізано до 1/8 дюйма, категорія Choice, після приготування, приготований на грилі
174010;Яловичина, корейка, стейк із верхньої частини корейки, без кістки, із жировою кромкою, лише відокремлюване пісне м’ясо, жир обрізано до 1/8 дюйма, категорія Choice, у сирому вигляді
173070;Яловичина, корейка, стейк із верхньої частини корейки, без кістки, із жировою кромкою, лише відокремлюване пісне м’ясо, жир обрізано до 1/8 дюйма, категорія Select, після приготування, приготований на грилі
174009;Яловичина, корейка, стейк із верхньої частини корейки, без кістки, із жировою кромкою, лише відокремлюване пісне м’ясо, жир обрізано до 1/8 дюйма, категорія Select, у сирому вигляді
169539;Яловичина, корейка, верхня частина корейки, відокремлювані пісне м’ясо та жир, жир обрізано до 1/8 дюйма, усі категорії якості, після приготування, приготований на грилі
169540;Яловичина, корейка, верхня частина корейки, відокремлювані пісне м’ясо та жир, жир обрізано до 1/8 дюйма, категорія Choice, у сирому вигляді
168720;Яловичина, корейка, верхня частина корейки, відокремлювані пісне м’ясо та жир, жир обрізано до 1/8 дюйма, категорія Select, після приготування, приготований на грилі
168719;Яловичина, корейка, верхня частина корейки, відокремлювані пісне м’ясо та жир, жир обрізано до 1/8 дюйма, категорія Select, у сирому вигляді
173061;Яловичина, корейка, верхня філейна частина верхня частина стейк, без кістки, відокремлювані пісне м’ясо та жир, жир обрізано до 1/8 дюйма, усі категорії якості, після приготування, приготований на грилі
174706;Яловичина, корейка, верхня філейна частина верхня частина стейк, без кістки, відокремлювані пісне м’ясо та жир, жир обрізано до 1/8 дюйма, усі категорії якості, у сирому вигляді
174704;Яловичина, корейка, верхня філейна частина верхня частина стейк, без кістки, відокремлювані пісне м’ясо та жир, жир обрізано до 1/8 дюйма, категорія Choice, після приготування, приготований на грилі
174707;Яловичина, корейка, верхня філейна частина верхня частина стейк, без кістки, відокремлювані пісне м’ясо та жир, жир обрізано до 1/8 дюйма, категорія Choice, у сирому вигляді
174705;Яловичина, корейка, верхня філейна частина верхня частина стейк, без кістки, відокремлювані пісне м’ясо та жир, жир обрізано до 1/8 дюйма, категорія Select, після приготування, приготований на грилі
173062;Яловичина, корейка, верхня філейна частина верхня частина стейк, без кістки, відокремлювані пісне м’ясо та жир, жир обрізано до 1/8 дюйма, категорія Select, у сирому вигляді
172170;Яловичина, корейка, верхня філейна частина верхня частина стейк, без кістки, лише відокремлюване пісне м’ясо, жир обрізано до 1/8 дюйма, усі категорії якості, після приготування, приготований на грилі
170479;Буряк, харвард, консервований, тверда частина та рідина
172173;Яловичина, корейка, верхня філейна частина верхня частина стейк, без кістки, лише відокремлюване пісне м’ясо, жир обрізано до 1/8 дюйма, усі категорії якості, у сирому вигляді
172171;Яловичина, корейка, верхня філейна частина верхня частина стейк, без кістки, лише відокремлюване пісне м’ясо, жир обрізано до 1/8 дюйма, категорія Choice, після приготування, приготований на грилі
172174;Яловичина, корейка, верхня філейна частина верхня частина стейк, без кістки, лише відокремлюване пісне м’ясо, жир обрізано до 1/8 дюйма, категорія Choice, у сирому вигляді
172172;Яловичина, корейка, верхня філейна частина верхня частина стейк, без кістки, лише відокремлюване пісне м’ясо, жир обрізано до 1/8 дюйма, категорія Select, після приготування, приготований на грилі
173409;Яловичина, корейка, верхня філейна частина верхня частина стейк, без кістки, лише відокремлюване пісне м’ясо, жир обрізано до 1/8 дюйма, категорія Select, у сирому вигляді
174693;Яловичина, корейка, верхня філейна частина філе, без кістки, лише відокремлюване пісне м’ясо, жир обрізано до 0 дюймів, усі категорії якості, після приготування, приготований на грилі
174694;Яловичина, корейка, верхня філейна частина філе, без кістки, лише відокремлюване пісне м’ясо, жир обрізано до 0 дюймів, категорія Choice, після приготування, приготований на грилі
173050;Яловичина, корейка, верхня філейна частина філе, без кістки, лише відокремлюване пісне м’ясо, жир обрізано до 0 дюймів, категорія Select, після приготування, приготований на грилі
173051;Яловичина, корейка, верхня філейна частина малий ростбіф або запечений відруб, без кістки, лише відокремлюване пісне м’ясо, жир обрізано до 0 дюймів, усі категорії якості, після приготування, запечений
173407;Яловичина, корейка, верхня філейна частина малий ростбіф або запечений відруб, без кістки, лише відокремлюване пісне м’ясо, жир обрізано до 0 дюймів, категорія Choice, після приготування, запечений
173052;Яловичина, корейка, верхня філейна частина малий ростбіф або запечений відруб, без кістки, лише відокремлюване пісне м’ясо, жир обрізано до 0 дюймів, категорія Select, після приготування, запечений
173053;Яловичина, корейка, верхня філейна частина малий ростбіф або запечений відруб/філе, без кістки, лише відокремлюване пісне м’ясо, жир обрізано до 0 дюймів, усі категорії якості, у сирому вигляді
173408;Яловичина, корейка, верхня філейна частина малий ростбіф або запечений відруб/філе, без кістки, лише відокремлюване пісне м’ясо, жир обрізано до 0 дюймів, категорія Choice, у сирому вигляді
174695;Яловичина, корейка, верхня філейна частина малий ростбіф або запечений відруб/філе, без кістки, лише відокремлюване пісне м’ясо, жир обрізано до 0 дюймів, категорія Select, у сирому вигляді
173395;Яловичина, стейк із підчеревної частини, без кістки, внутрішня частина діафрагмальна частина, відокремлювані пісне м’ясо та жир, жир обрізано до 0 дюймів, усі категорії якості, після приготування, приготований на грилі
172158;Яловичина, стейк із підчеревної частини, без кістки, внутрішня частина діафрагмальна частина, відокремлювані пісне м’ясо та жир, жир обрізано до 0 дюймів, усі категорії якості, у сирому вигляді
173396;Яловичина, стейк із підчеревної частини, без кістки, внутрішня частина діафрагмальна частина, відокремлювані пісне м’ясо та жир, жир обрізано до 0 дюймів, категорія Choice, після приготування, приготований на грилі
172159;Яловичина, стейк із підчеревної частини, без кістки, внутрішня частина діафрагмальна частина, відокремлювані пісне м’ясо та жир, жир обрізано до 0 дюймів, категорія Choice, у сирому вигляді
172157;Яловичина, стейк із підчеревної частини, без кістки, внутрішня частина діафрагмальна частина, відокремлювані пісне м’ясо та жир, жир обрізано до 0 дюймів, категорія Select, після приготування, приготований на грилі
172160;Яловичина, стейк із підчеревної частини, без кістки, внутрішня частина діафрагмальна частина, відокремлювані пісне м’ясо та жир, жир обрізано до 0 дюймів, категорія Select, у сирому вигляді
173373;Яловичина, стейк із підчеревної частини, без кістки, внутрішня частина діафрагмальна частина, лише відокремлюване пісне м’ясо, жир обрізано до 0 дюймів, усі категорії якості, після приготування, приготований на грилі
173374;Яловичина, стейк із підчеревної частини, без кістки, внутрішня частина діафрагмальна частина, лише відокремлюване пісне м’ясо, жир обрізано до 0 дюймів, усі категорії якості, у сирому вигляді
173375;Яловичина, стейк із підчеревної частини, без кістки, внутрішня частина діафрагмальна частина, лише відокремлюване пісне м’ясо, жир обрізано до 0 дюймів, категорія Choice, після приготування, приготований на грилі
172137;Яловичина, стейк із підчеревної частини, без кістки, внутрішня частина діафрагмальна частина, лише відокремлюване пісне м’ясо, жир обрізано до 0 дюймів, категорія Choice, у сирому вигляді
172138;Яловичина, стейк із підчеревної частини, без кістки, внутрішня частина діафрагмальна частина, лише відокремлюване пісне м’ясо, жир обрізано до 0 дюймів, категорія Select, після приготування, приготований на грилі
172139;Яловичина, стейк із підчеревної частини, без кістки, внутрішня частина діафрагмальна частина, лише відокремлюване пісне м’ясо, жир обрізано до 0 дюймів, категорія Select, у сирому вигляді
173397;Яловичина, стейк із підчеревної частини, без кістки, зовнішня частина діафрагмальна частина, відокремлювані пісне м’ясо та жир, жир обрізано до 0 дюймів, усі категорії якості, після приготування, приготований на грилі
173400;Яловичина, стейк із підчеревної частини, без кістки, зовнішня частина діафрагмальна частина, відокремлювані пісне м’ясо та жир, жир обрізано до 0 дюймів, усі категорії якості, у сирому вигляді
173398;Яловичина, стейк із підчеревної частини, без кістки, зовнішня частина діафрагмальна частина, відокремлювані пісне м’ясо та жир, жир обрізано до 0 дюймів, категорія Choice, після приготування, приготований на грилі
172162;Яловичина, стейк із підчеревної частини, без кістки, зовнішня частина діафрагмальна частина, відокремлювані пісне м’ясо та жир, жир обрізано до 0 дюймів, категорія Choice, у сирому вигляді
173399;Яловичина, стейк із підчеревної частини, без кістки, зовнішня частина діафрагмальна частина, відокремлювані пісне м’ясо та жир, жир обрізано до 0 дюймів, категорія Select, після приготування, приготований на грилі
172163;Яловичина, стейк із підчеревної частини, без кістки, зовнішня частина діафрагмальна частина, відокремлювані пісне м’ясо та жир, жир обрізано до 0 дюймів, категорія Select, у сирому вигляді
172140;Яловичина, стейк із підчеревної частини, без кістки, зовнішня частина діафрагмальна частина, лише відокремлюване пісне м’ясо, жир обрізано до 0 дюймів, усі категорії якості, після приготування, приготований на грилі
173376;Яловичина, стейк із підчеревної частини, без кістки, зовнішня частина діафрагмальна частина, лише відокремлюване пісне м’ясо, жир обрізано до 0 дюймів, усі категорії якості, у сирому вигляді
173377;Яловичина, стейк із підчеревної частини, без кістки, зовнішня частина діафрагмальна частина, лише відокремлюване пісне м’ясо, жир обрізано до 0 дюймів, категорія Choice, після приготування, приготований на грилі
173378;Яловичина, стейк із підчеревної частини, без кістки, зовнішня частина діафрагмальна частина, лише відокремлюване пісне м’ясо, жир обрізано до 0 дюймів, категорія Choice, у сирому вигляді
173379;Яловичина, стейк із підчеревної частини, без кістки, зовнішня частина діафрагмальна частина, лише відокремлюване пісне м’ясо, жир обрізано до 0 дюймів, категорія Select, після приготування, приготований на грилі
172141;Яловичина, стейк із підчеревної частини, без кістки, зовнішня частина діафрагмальна частина, лише відокремлюване пісне м’ясо, жир обрізано до 0 дюймів, категорія Select, у сирому вигляді
171787;Яловичина, підчеревна частина, внутрішня частина стейк із діафрагмальної частини, відокремлювані пісне м’ясо та жир, жир обрізано до 0 дюймів, усі категорії якості, після приготування, підсмажений під грилем
168744;Яловичина, підчеревна частина, внутрішня частина стейк із діафрагмальної частини, лише відокремлюване пісне м’ясо, жир обрізано до 0 дюймів, усі категорії якості, після приготування, підсмажений під грилем
174854;Напої, газований, помаранчевий
171788;Яловичина, підчеревна частина, зовнішня частина стейк із діафрагмальної частини, відокремлювані пісне м’ясо та жир, жир обрізано до 0 дюймів, усі категорії якості, після приготування, підсмажений під грилем
168745;Яловичина, підчеревна частина, зовнішня частина стейк із діафрагмальної частини, лише відокремлюване пісне м’ясо, жир обрізано до 0 дюймів, усі категорії якості, після приготування, підсмажений під грилем
168606;Яловичина, роздрібний відруби, відокремлюваний жир, після приготування
168605;Яловичина, роздрібний відруби, відокремлюваний жир, у сирому вигляді
172150;Яловичина, ростбіф рібай, на кістці, із жировою кромкою, відокремлювані пісне м’ясо та жир, жир обрізано до 1/8 дюйма, усі категорії якості, після приготування, запечений
173388;Яловичина, ростбіф рібай, на кістці, із жировою кромкою, відокремлювані пісне м’ясо та жир, жир обрізано до 1/8 дюйма, категорія Choice, після приготування, запечений
172149;Яловичина, ростбіф рібай, на кістці, із жировою кромкою, відокремлювані пісне м’ясо та жир, жир обрізано до 1/8 дюйма, категорія Select, після приготування, запечений
170836;Яловичина, ростбіф рібай, на кістці, із жировою кромкою, лише відокремлюване пісне м’ясо, жир обрізано до 1/8 дюйма, усі категорії якості, після приготування, запечений
171210;Яловичина, ростбіф рібай, на кістці, із жировою кромкою, лише відокремлюване пісне м’ясо, жир обрізано до 1/8 дюйма, категорія Choice, після приготування, запечений
170837;Яловичина, ростбіф рібай, на кістці, із жировою кромкою, лише відокремлюване пісне м’ясо, жир обрізано до 1/8 дюйма, категорія Select, після приготування, запечений
172153;Яловичина, ростбіф рібай, без кістки, із жировою кромкою, відокремлювані пісне м’ясо та жир, жир обрізано до 1/8 дюйма, усі категорії якості, після приготування, запечений
172154;Яловичина, ростбіф рібай, без кістки, із жировою кромкою, відокремлювані пісне м’ясо та жир, жир обрізано до 1/8 дюйма, категорія Choice, після приготування, запечений
172155;Яловичина, ростбіф рібай, без кістки, із жировою кромкою, відокремлювані пісне м’ясо та жир, жир обрізано до 1/8 дюйма, категорія Select, після приготування, запечений
171239;Яловичина, ростбіф рібай, без кістки, із жировою кромкою, лише відокремлюване пісне м’ясо, жир обрізано до 1/8 дюйма, усі категорії якості, після приготування, запечений
170842;Яловичина, ростбіф рібай, без кістки, із жировою кромкою, лише відокремлюване пісне м’ясо, жир обрізано до 1/8 дюйма, категорія Choice, після приготування, запечений
173372;Яловичина, ростбіф рібай, без кістки, із жировою кромкою, лише відокремлюване пісне м’ясо, жир обрізано до 1/8 дюйма, категорія Select, після приготування, запечений
173387;Яловичина, стейк рібай, на кістці, із жировою кромкою, відокремлювані пісне м’ясо та жир, жир обрізано до 1/8 дюйма, усі категорії якості, після приготування, приготований на грилі
173385;Яловичина, стейк рібай, на кістці, із жировою кромкою, відокремлювані пісне м’ясо та жир, жир обрізано до 1/8 дюйма, категорія Choice, після приготування, приготований на грилі
173386;Яловичина, стейк рібай, на кістці, із жировою кромкою, відокремлювані пісне м’ясо та жир, жир обрізано до 1/8 дюйма, категорія Select, після приготування, приготований на грилі
171236;Яловичина, стейк рібай, на кістці, із жировою кромкою, лише відокремлюване пісне м’ясо, жир обрізано до 1/8 дюйма, усі категорії якості, після приготування, приготований на грилі
171237;Яловичина, стейк рібай, на кістці, із жировою кромкою, лише відокремлюване пісне м’ясо, жир обрізано до 1/8 дюйма, категорія Choice, після приготування, приготований на грилі
171238;Яловичина, стейк рібай, на кістці, із жировою кромкою, лише відокремлюване пісне м’ясо, жир обрізано до 1/8 дюйма, категорія Select, після приготування, приготований на грилі
172164;Яловичина, стейк рібай, без кістки, без жирової кромки, відокремлювані пісне м’ясо та жир, жир обрізано до 0 дюймів, усі категорії якості, після приготування, приготований на грилі
173402;Яловичина, стейк рібай, без кістки, без жирової кромки, відокремлювані пісне м’ясо та жир, жир обрізано до 0 дюймів, усі категорії якості, у сирому вигляді
172165;Яловичина, стейк рібай, без кістки, без жирової кромки, відокремлювані пісне м’ясо та жир, жир обрізано до 0 дюймів, категорія Choice, після приготування, приготований на грилі
173403;Яловичина, стейк рібай, без кістки, без жирової кромки, відокремлювані пісне м’ясо та жир, жир обрізано до 0 дюймів, категорія Choice, у сирому вигляді
173401;Яловичина, стейк рібай, без кістки, без жирової кромки, відокремлювані пісне м’ясо та жир, жир обрізано до 0 дюймів, категорія Select, після приготування, приготований на грилі
173404;Яловичина, стейк рібай, без кістки, без жирової кромки, відокремлювані пісне м’ясо та жир, жир обрізано до 0 дюймів, категорія Select, у сирому вигляді
172142;Яловичина, стейк рібай, без кістки, без жирової кромки, лише відокремлюване пісне м’ясо, жир обрізано до 0 дюймів, усі категорії якості, після приготування, приготований на грилі
172143;Яловичина, стейк рібай, без кістки, без жирової кромки, лише відокремлюване пісне м’ясо, жир обрізано до 0 дюймів, усі категорії якості, у сирому вигляді
172144;Яловичина, стейк рібай, без кістки, без жирової кромки, лише відокремлюване пісне м’ясо, жир обрізано до 0 дюймів, категорія Choice, після приготування, приготований на грилі
173380;Яловичина, стейк рібай, без кістки, без жирової кромки, лише відокремлюване пісне м’ясо, жир обрізано до 0 дюймів, категорія Choice, у сирому вигляді
173381;Яловичина, стейк рібай, без кістки, без жирової кромки, лише відокремлюване пісне м’ясо, жир обрізано до 0 дюймів, категорія Select, після приготування, приготований на грилі
173382;Яловичина, стейк рібай, без кістки, без жирової кромки, лише відокремлюване пісне м’ясо, жир обрізано до 0 дюймів, категорія Select, у сирому вигляді
173392;Яловичина, стейк рібай, без кістки, із жировою кромкою, відокремлювані пісне м’ясо та жир, жир обрізано до 1/8 дюйма, усі категорії якості, після приготування, приготований на грилі
173390;Яловичина, стейк рібай, без кістки, із жировою кромкою, відокремлювані пісне м’ясо та жир, жир обрізано до 1/8 дюйма, категорія Choice, після приготування, приготований на грилі
173391;Яловичина, стейк рібай, без кістки, із жировою кромкою, відокремлювані пісне м’ясо та жир, жир обрізано до 1/8 дюйма, категорія Select, після приготування, приготований на грилі
171209;Яловичина, стейк рібай, без кістки, із жировою кромкою, лише відокремлюване пісне м’ясо, жир обрізано до 1/8 дюйма, усі категорії якості, після приготування, приготований на грилі
171232;Яловичина, стейк рібай, без кістки, із жировою кромкою, лише відокремлюване пісне м’ясо, жир обрізано до 1/8 дюйма, категорія Choice, після приготування, приготований на грилі
171233;Яловичина, стейк рібай, без кістки, із жировою кромкою, лише відокремлюване пісне м’ясо, жир обрізано до 1/8 дюйма, категорія Select, після приготування, приготований на грилі
172151;Яловичина, стейк рібай/ростбіф або запечений відруб, на кістці, із жировою кромкою, відокремлювані пісне м’ясо та жир, жир обрізано до 1/8 дюйма, усі категорії якості, у сирому вигляді
172152;Яловичина, стейк рібай/ростбіф або запечений відруб, на кістці, із жировою кромкою, відокремлювані пісне м’ясо та жир, жир обрізано до 1/8 дюйма, категорія Choice, у сирому вигляді
173389;Яловичина, стейк рібай/ростбіф або запечений відруб, на кістці, із жировою кромкою, відокремлювані пісне м’ясо та жир, жир обрізано до 1/8 дюйма, категорія Select, у сирому вигляді
171234;Яловичина, стейк рібай/ростбіф або запечений відруб, на кістці, із жировою кромкою, лише відокремлюване пісне м’ясо, жир обрізано до 1/8 дюйма, усі категорії якості, у сирому вигляді
171235;Яловичина, стейк рібай/ростбіф або запечений відруб, на кістці, із жировою кромкою, лише відокремлюване пісне м’ясо, жир обрізано до 1/8 дюйма, категорія Choice, у сирому вигляді
170838;Яловичина, стейк рібай/ростбіф або запечений відруб, на кістці, із жировою кромкою, лише відокремлюване пісне м’ясо, жир обрізано до 1/8 дюйма, категорія Select, у сирому вигляді
172156;Яловичина, стейк рібай/ростбіф або запечений відруб, без кістки, із жировою кромкою, відокремлювані пісне м’ясо та жир, жир обрізано до 1/8 дюйма, усі категорії якості, у сирому вигляді
173393;Яловичина, стейк рібай/ростбіф або запечений відруб, без кістки, із жировою кромкою, відокремлювані пісне м’ясо та жир, жир обрізано до 1/8 дюйма, категорія Choice, у сирому вигляді
173394;Яловичина, стейк рібай/ростбіф або запечений відруб, без кістки, із жировою кромкою, відокремлювані пісне м’ясо та жир, жир обрізано до 1/8 дюйма, категорія Select, у сирому вигляді
170839;Яловичина, стейк рібай/ростбіф або запечений відруб, без кістки, із жировою кромкою, лише відокремлюване пісне м’ясо, жир обрізано до 1/8 дюйма, усі категорії якості, у сирому вигляді
170840;Яловичина, стейк рібай/ростбіф або запечений відруб, без кістки, із жировою кромкою, лише відокремлюване пісне м’ясо, жир обрізано до 1/8 дюйма, категорія Choice, у сирому вигляді
170841;Яловичина, стейк рібай/ростбіф або запечений відруб, без кістки, із жировою кромкою, лише відокремлюване пісне м’ясо, жир обрізано до 1/8 дюйма, категорія Select, у сирому вигляді
169557;Яловичина, реберна частина оковиток, малий край (ребра 10-12), відокремлювані пісне м’ясо та жир, жир обрізано до 0 дюймів, усі категорії якості, після приготування, підсмажений під грилем
169556;Яловичина, реберна частина оковиток, малий край (ребра 10-12), відокремлювані пісне м’ясо та жир, жир обрізано до 0 дюймів, категорія Select, після приготування, підсмажений під грилем
168621;Яловичина, реберна частина оковиток, малий край (ребра 10-12), лише відокремлюване пісне м’ясо, жир обрізано до 0 дюймів, категорія Select, у сирому вигляді
172166;Яловичина, реберна частина, спинні ребра, на кістці, відокремлювані пісне м’ясо та жир, жир обрізано до 0 дюймів, усі категорії якості, після приготування, тушкований
172169;Яловичина, реберна частина, спинні ребра, на кістці, відокремлювані пісне м’ясо та жир, жир обрізано до 0 дюймів, усі категорії якості, у сирому вигляді
172167;Яловичина, реберна частина, спинні ребра, на кістці, відокремлювані пісне м’ясо та жир, жир обрізано до 0 дюймів, категорія Choice, після приготування, тушкований
173405;Яловичина, реберна частина, спинні ребра, на кістці, відокремлювані пісне м’ясо та жир, жир обрізано до 0 дюймів, категорія Choice, у сирому вигляді
172168;Яловичина, реберна частина, спинні ребра, на кістці, відокремлювані пісне м’ясо та жир, жир обрізано до 0 дюймів, категорія Select, після приготування, тушкований
173406;Яловичина, реберна частина, спинні ребра, на кістці, відокремлювані пісне м’ясо та жир, жир обрізано до 0 дюймів, категорія Select, у сирому вигляді
173383;Яловичина, реберна частина, спинні ребра, на кістці, лише відокремлюване пісне м’ясо, жир обрізано до 0 дюймів, усі категорії якості, після приготування, тушкований
172145;Яловичина, реберна частина, спинні ребра, на кістці, лише відокремлюване пісне м’ясо, жир обрізано до 0 дюймів, усі категорії якості, у сирому вигляді
172146;Яловичина, реберна частина, спинні ребра, на кістці, лише відокремлюване пісне м’ясо, жир обрізано до 0 дюймів, категорія Choice, після приготування, тушкований
172147;Яловичина, реберна частина, спинні ребра, на кістці, лише відокремлюване пісне м’ясо, жир обрізано до 0 дюймів, категорія Choice, у сирому вигляді
172148;Яловичина, реберна частина, спинні ребра, на кістці, лише відокремлюване пісне м’ясо, жир обрізано до 0 дюймів, категорія Select, після приготування, тушкований
173384;Яловичина, реберна частина, спинні ребра, на кістці, лише відокремлюване пісне м’ясо, жир обрізано до 0 дюймів, категорія Select, у сирому вигляді
168648;Яловичина, реберна частина, оковиток, малий край (ребра 10- 12) лише відокремлюване пісне м’ясо, жир обрізано до 0 дюймів, категорія Select, після приготування, підсмажений під грилем
169436;Яловичина, реберна частина, оковиток, малий край (ребра 10-12), відокремлювані пісне м’ясо та жир, жир обрізано до 0 дюймів, категорія Choice, після приготування, підсмажений під грилем
168612;Яловичина, реберна частина, оковиток, малий край (ребра 10-12), відокремлювані пісне м’ясо та жир, жир обрізано до 0 дюймів, категорія Choice, у сирому вигляді
169438;Яловичина, реберна частина, оковиток, малий край (ребра 10-12), лише відокремлюване пісне м’ясо, жир обрізано до 0 дюймів, категорія Choice, після приготування, підсмажений під грилем
169437;Яловичина, реберна частина, оковиток, малий край (ребра 10-12), лише відокремлюване пісне м’ясо, жир обрізано до 0 дюймів, категорія Choice, у сирому вигляді
170619;Яловичина, реберна частина, великий край (ребра 6-9), відокремлювані пісне м’ясо та жир, жир обрізано до 0 дюймів, категорія Choice, після приготування, запечений
170620;Яловичина, реберна частина, великий край (ребра 6-9), відокремлювані пісне м’ясо та жир, жир обрізано до 0 дюймів, категорія Select, після приготування, запечений
168681;Яловичина, реберна частина, великий край (ребра 6-9), відокремлювані пісне м’ясо та жир, жир обрізано до 1/8 дюйма, усі категорії якості, після приготування, підсмажений під грилем
168682;Яловичина, реберна частина, великий край (ребра 6-9), відокремлювані пісне м’ясо та жир, жир обрізано до 1/8 дюйма, усі категорії якості, після приготування, запечений
168680;Яловичина, реберна частина, великий край (ребра 6-9), відокремлювані пісне м’ясо та жир, жир обрізано до 1/8 дюйма, усі категорії якості, у сирому вигляді
169506;Яловичина, реберна частина, великий край (ребра 6-9), відокремлювані пісне м’ясо та жир, жир обрізано до 1/8 дюйма, категорія Choice, після приготування, підсмажений під грилем
169507;Яловичина, реберна частина, великий край (ребра 6-9), відокремлювані пісне м’ясо та жир, жир обрізано до 1/8 дюйма, категорія Choice, після приготування, запечений
169505;Яловичина, реберна частина, великий край (ребра 6-9), відокремлювані пісне м’ясо та жир, жир обрізано до 1/8 дюйма, категорія Choice, у сирому вигляді
168686;Яловичина, реберна частина, великий край (ребра 6-9), відокремлювані пісне м’ясо та жир, жир обрізано до 1/8 дюйма, категорія Prime, після приготування, підсмажений під грилем
168687;Яловичина, реберна частина, великий край (ребра 6-9), відокремлювані пісне м’ясо та жир, жир обрізано до 1/8 дюйма, категорія Prime, після приготування, запечений
168685;Яловичина, реберна частина, великий край (ребра 6-9), відокремлювані пісне м’ясо та жир, жир обрізано до 1/8 дюйма, категорія Prime, у сирому вигляді
168683;Яловичина, реберна частина, великий край (ребра 6-9), відокремлювані пісне м’ясо та жир, жир обрізано до 1/8 дюйма, категорія Select, після приготування, підсмажений під грилем
168684;Яловичина, реберна частина, великий край (ребра 6-9), відокремлювані пісне м’ясо та жир, жир обрізано до 1/8 дюйма, категорія Select, після приготування, запечений
169508;Яловичина, реберна частина, великий край (ребра 6-9), відокремлювані пісне м’ясо та жир, жир обрізано до 1/8 дюйма, категорія Select, у сирому вигляді
170621;Яловичина, реберна частина, великий край (ребра 6-9), лише відокремлюване пісне м’ясо, жир обрізано до 0 дюймів, усі категорії якості, після приготування, запечений
170622;Яловичина, реберна частина, великий край (ребра 6-9), лише відокремлюване пісне м’ясо, жир обрізано до 0 дюймів, категорія Choice, після приготування, запечений
170218;Яловичина, реберна частина, великий край (ребра 6-9), лише відокремлюване пісне м’ясо, жир обрізано до 0 дюймів, категорія Select, після приготування, запечений
168613;Яловичина, реберна частина, шортрібс, відокремлювані пісне м’ясо та жир, категорія Choice, після приготування, тушкований
169439;Яловичина, реберна частина, шортрібс, відокремлювані пісне м’ясо та жир, категорія Choice, у сирому вигляді
168615;Яловичина, реберна частина, шортрібс, лише відокремлюване пісне м’ясо, категорія Choice, після приготування, тушкований
168614;Яловичина, реберна частина, шортрібс, лише відокремлюване пісне м’ясо, категорія Choice, у сирому вигляді
170219;Яловичина, реберна частина, малий край (ребра 10-12), відокремлювані пісне м’ясо та жир, жир обрізано до 0 дюймів, усі категорії якості, після приготування, підсмажений під грилем
170220;Яловичина, реберна частина, малий край (ребра 10-12), відокремлювані пісне м’ясо та жир, жир обрізано до 0 дюймів, категорія Choice, після приготування, підсмажений під грилем
170221;Яловичина, реберна частина, малий край (ребра 10-12), відокремлювані пісне м’ясо та жир, жир обрізано до 0 дюймів, категорія Select, після приготування, підсмажений під грилем
169510;Яловичина, реберна частина, малий край (ребра 10-12), відокремлювані пісне м’ясо та жир, жир обрізано до 1/8 дюйма, усі категорії якості, після приготування, підсмажений під грилем
169511;Яловичина, реберна частина, малий край (ребра 10-12), відокремлювані пісне м’ясо та жир, жир обрізано до 1/8 дюйма, усі категорії якості, після приготування, запечений
169509;Яловичина, реберна частина, малий край (ребра 10-12), відокремлювані пісне м’ясо та жир, жир обрізано до 1/8 дюйма, усі категорії якості, у сирому вигляді
168688;Яловичина, реберна частина, малий край (ребра 10-12), відокремлювані пісне м’ясо та жир, жир обрізано до 1/8 дюйма, категорія Choice, після приготування, підсмажений під грилем
168689;Яловичина, реберна частина, малий край (ребра 10-12), відокремлювані пісне м’ясо та жир, жир обрізано до 1/8 дюйма, категорія Choice, після приготування, запечений
169512;Яловичина, реберна частина, малий край (ребра 10-12), відокремлювані пісне м’ясо та жир, жир обрізано до 1/8 дюйма, категорія Choice, у сирому вигляді
169515;Яловичина, реберна частина, малий край (ребра 10-12), відокремлювані пісне м’ясо та жир, жир обрізано до 1/8 дюйма, категорія Prime, після приготування, підсмажений під грилем
169516;Яловичина, реберна частина, малий край (ребра 10-12), відокремлювані пісне м’ясо та жир, жир обрізано до 1/8 дюйма, категорія Prime, після приготування, запечений
169514;Яловичина, реберна частина, малий край (ребра 10-12), відокремлювані пісне м’ясо та жир, жир обрізано до 1/8 дюйма, категорія Prime, у сирому вигляді
168691;Яловичина, реберна частина, малий край (ребра 10-12), відокремлювані пісне м’ясо та жир, жир обрізано до 1/8 дюйма, категорія Select, після приготування, підсмажений під грилем
169513;Яловичина, реберна частина, малий край (ребра 10-12), відокремлювані пісне м’ясо та жир, жир обрізано до 1/8 дюйма, категорія Select, після приготування, запечений
168690;Яловичина, реберна частина, малий край (ребра 10-12), відокремлювані пісне м’ясо та жир, жир обрізано до 1/8 дюйма, категорія Select, у сирому вигляді
170623;Яловичина, реберна частина, малий край (ребра 10-12), лише відокремлюване пісне м’ясо, жир обрізано до 0 дюймів, усі категорії якості, після приготування, підсмажений під грилем
170624;Яловичина, реберна частина, малий край (ребра 10-12), лише відокремлюване пісне м’ясо, жир обрізано до 0 дюймів, категорія Choice, після приготування, підсмажений під грилем
170625;Яловичина, реберна частина, малий край (ребра 10-12), лише відокремлюване пісне м’ясо, жир обрізано до 0 дюймів, категорія Select, після приготування, підсмажений під грилем
173123;Яловичина, реберна частина, малий край (ребра 10-12), лише відокремлюване пісне м’ясо, жир обрізано до 1/8 дюйма, усі категорії якості, після приготування, підсмажений під грилем
171810;Яловичина, реберна частина, малий край (ребра 10-12), лише відокремлюване пісне м’ясо, жир обрізано до 1/8 дюйма, усі категорії якості, у сирому вигляді
174761;Яловичина, реберна частина, малий край (ребра 10-12), лише відокремлюване пісне м’ясо, жир обрізано до 1/8 дюйма, категорія Choice, у сирому вигляді
174042;Яловичина, реберна частина, малий край (ребра 10-12), лише відокремлюване пісне м’ясо, жир обрізано до 1/8 дюйма, категорія Select, після приготування, підсмажений під грилем
171802;Яловичина, реберна частина, малий край (ребра 10-12), лише відокремлюване пісне м’ясо, жир обрізано до 1/8 дюйма, категорія Select, у сирому вигляді
174764;"Яловичина, реберна частина, малий край (ребра 10-12), лише відокремлюване пісне м’ясо, обрізаний до 1/8""жир, категорія Choice, після приготування, підсмажений під грилем"
169499;Яловичина, реберна частина, цілий (ребра 6-12), відокремлювані пісне м’ясо та жир, жир обрізано до 1/8 дюйма, усі категорії якості, після приготування, підсмажений під грилем
169500;Яловичина, реберна частина, цілий (ребра 6-12), відокремлювані пісне м’ясо та жир, жир обрізано до 1/8 дюйма, усі категорії якості, після приготування, запечений
169498;Яловичина, реберна частина, цілий (ребра 6-12), відокремлювані пісне м’ясо та жир, жир обрізано до 1/8 дюйма, усі категорії якості, у сирому вигляді
168676;Яловичина, реберна частина, цілий (ребра 6-12), відокремлювані пісне м’ясо та жир, жир обрізано до 1/8 дюйма, категорія Choice, після приготування, підсмажений під грилем
168677;Яловичина, реберна частина, цілий (ребра 6-12), відокремлювані пісне м’ясо та жир, жир обрізано до 1/8 дюйма, категорія Choice, після приготування, запечений
168675;Яловичина, реберна частина, цілий (ребра 6-12), відокремлювані пісне м’ясо та жир, жир обрізано до 1/8 дюйма, категорія Choice, у сирому вигляді
169504;Яловичина, реберна частина, цілий (ребра 6-12), відокремлювані пісне м’ясо та жир, жир обрізано до 1/8 дюйма, категорія Prime, після приготування, підсмажений під грилем
168679;Яловичина, реберна частина, цілий (ребра 6-12), відокремлювані пісне м’ясо та жир, жир обрізано до 1/8 дюйма, категорія Prime, після приготування, запечений
173233;Напої, вода, бутильований, PERRIER
169503;Яловичина, реберна частина, цілий (ребра 6-12), відокремлювані пісне м’ясо та жир, жир обрізано до 1/8 дюйма, категорія Prime, у сирому вигляді
169501;Яловичина, реберна частина, цілий (ребра 6-12), відокремлювані пісне м’ясо та жир, жир обрізано до 1/8 дюйма, категорія Select, після приготування, підсмажений під грилем
169502;Яловичина, реберна частина, цілий (ребра 6-12), відокремлювані пісне м’ясо та жир, жир обрізано до 1/8 дюйма, категорія Select, після приготування, запечений
168678;Яловичина, реберна частина, цілий (ребра 6-12), відокремлювані пісне м’ясо та жир, жир обрізано до 1/8 дюйма, категорія Select, у сирому вигляді
174696;Яловичина, рібай малий ростбіф або запечений відруб/філе, без кістки, лише відокремлюване пісне м’ясо, жир обрізано до 0 дюймів, усі категорії якості, у сирому вигляді
174697;Яловичина, рібай малий ростбіф або запечений відруб/філе, без кістки, лише відокремлюване пісне м’ясо, жир обрізано до 0 дюймів, категорія Choice, у сирому вигляді
174698;Яловичина, рібай малий ростбіф або запечений відруб/філе, без кістки, лише відокремлюване пісне м’ясо, жир обрізано до 0 дюймів, категорія Select, у сирому вигляді
173054;Яловичина, рібай верхня частина стейк, без кістки, лише відокремлюване пісне м’ясо, жир обрізано до 0 дюймів, усі категорії якості, після приготування, приготований на грилі
173057;Яловичина, рібай верхня частина стейк, без кістки, лише відокремлюване пісне м’ясо, жир обрізано до 0 дюймів, усі категорії якості, у сирому вигляді
173055;Яловичина, рібай верхня частина стейк, без кістки, лише відокремлюване пісне м’ясо, жир обрізано до 0 дюймів, категорія Choice, після приготування, приготований на грилі
174699;Яловичина, рібай верхня частина стейк, без кістки, лише відокремлюване пісне м’ясо, жир обрізано до 0 дюймів, категорія Choice, у сирому вигляді
173056;Яловичина, рібай верхня частина стейк, без кістки, лише відокремлюване пісне м’ясо, жир обрізано до 0 дюймів, категорія Select, після приготування, приготований на грилі
174700;Яловичина, рібай верхня частина стейк, без кістки, лише відокремлюване пісне м’ясо, жир обрізано до 0 дюймів, категорія Select, у сирому вигляді
174701;Яловичина, рібай філе, без кістки, лише відокремлюване пісне м’ясо, жир обрізано до 0 дюймів, усі категорії якості, після приготування, приготований на грилі
174702;Яловичина, рібай філе, без кістки, лише відокремлюване пісне м’ясо, жир обрізано до 0 дюймів, категорія Choice, після приготування, приготований на грилі
174703;Яловичина, рібай філе, без кістки, лише відокремлюване пісне м’ясо, жир обрізано до 0 дюймів, категорія Select, після приготування, приготований на грилі
173058;Яловичина, рібай малий ростбіф або запечений відруб, без кістки, лише відокремлюване пісне м’ясо, жир обрізано до 0 дюймів, усі категорії якості, після приготування, запечений
173059;Яловичина, рібай малий ростбіф або запечений відруб, без кістки, лише відокремлюване пісне м’ясо, жир обрізано до 0 дюймів, категорія Choice, після приготування, запечений
173060;Яловичина, рібай малий ростбіф або запечений відруб, без кістки, лише відокремлюване пісне м’ясо, жир обрізано до 0 дюймів, категорія Select, після приготування, запечений
171806;Яловичина, тазостегнова частина, нижня частина стегна, ростбіф або запечений відруб, лише відокремлюване пісне м’ясо, жир обрізано до 1/8 дюйма, категорія Select, після приготування, запечений
170227;Яловичина, тазостегнова частина, нижня частина стегна ростбіф або запечений відруб, лише відокремлюване пісне м’ясо, жир обрізано до 0 дюймів, категорія Select, після приготування, запечений
170222;Яловичина, тазостегнова частина, нижня частина стегна, ростбіф або запечений відруб, відокремлювані пісне м’ясо та жир, жир обрізано до 0 дюймів, усі категорії якості, після приготування, запечений
170224;Яловичина, тазостегнова частина, нижня частина стегна, ростбіф або запечений відруб, відокремлювані пісне м’ясо та жир, жир обрізано до 0 дюймів, категорія Choice, після приготування, запечений
170627;Яловичина, тазостегнова частина, нижня частина стегна, ростбіф або запечений відруб, відокремлювані пісне м’ясо та жир, жир обрізано до 0 дюймів, категорія Select, після приготування, запечений
168696;Яловичина, тазостегнова частина, нижня частина стегна, ростбіф або запечений відруб, відокремлювані пісне м’ясо та жир, жир обрізано до 1/8 дюйма, усі категорії якості, після приготування, запечений
168699;Яловичина, тазостегнова частина, нижня частина стегна, ростбіф або запечений відруб, відокремлювані пісне м’ясо та жир, жир обрізано до 1/8 дюйма, категорія Choice, після приготування, запечений
169522;Яловичина, тазостегнова частина, нижня частина стегна, ростбіф або запечений відруб, відокремлювані пісне м’ясо та жир, жир обрізано до 1/8 дюйма, категорія Select, після приготування, запечений
170629;Яловичина, тазостегнова частина, нижня частина стегна, ростбіф або запечений відруб, лише відокремлюване пісне м’ясо, жир обрізано до 0 дюймів, усі категорії якості, після приготування, запечений
170631;Яловичина, тазостегнова частина, нижня частина стегна, ростбіф або запечений відруб, лише відокремлюване пісне м’ясо, жир обрізано до 0 дюймів, категорія Choice, після приготування, запечений
174052;Яловичина, тазостегнова частина, нижня частина стегна, ростбіф або запечений відруб, лише відокремлюване пісне м’ясо, жир обрізано до 1/8 дюйма, усі категорії якості, після приготування
174046;Яловичина, тазостегнова частина, нижня частина стегна, ростбіф або запечений відруб, лише відокремлюване пісне м’ясо, жир обрізано до 1/8 дюйма, усі категорії якості, у сирому вигляді
174059;Яловичина, тазостегнова частина, нижня частина стегна, ростбіф або запечений відруб, лише відокремлюване пісне м’ясо, жир обрізано до 1/8 дюйма, категорія Choice, після приготування, запечений
174058;Яловичина, тазостегнова частина, нижня частина стегна, ростбіф або запечений відруб, лише відокремлюване пісне м’ясо, жир обрізано до 1/8 дюйма, категорія Choice, у сирому вигляді
173122;Яловичина, тазостегнова частина, нижня частина стегна, ростбіф або запечений відруб, лише відокремлюване пісне м’ясо, жир обрізано до 1/8 дюйма, категорія Select, у сирому вигляді
170626;Яловичина, тазостегнова частина, нижня частина стегна, стейк, відокремлювані пісне м’ясо та жир, жир обрізано до 0 дюймів, усі категорії якості, після приготування, тушкований
170223;Яловичина, тазостегнова частина, нижня частина стегна, стейк, відокремлювані пісне м’ясо та жир, жир обрізано до 0 дюймів, категорія Choice, після приготування, тушкований
170225;Яловичина, тазостегнова частина, нижня частина стегна, стейк, відокремлювані пісне м’ясо та жир, жир обрізано до 0 дюймів, категорія Select, після приготування, тушкований
169520;Яловичина, тазостегнова частина, нижня частина стегна, стейк, відокремлювані пісне м’ясо та жир, жир обрізано до 1/8 дюйма, усі категорії якості, після приготування, тушкований
169519;Яловичина, тазостегнова частина, нижня частина стегна, стейк, відокремлювані пісне м’ясо та жир, жир обрізано до 1/8 дюйма, усі категорії якості, у сирому вигляді
168698;Яловичина, тазостегнова частина, нижня частина стегна, стейк, відокремлювані пісне м’ясо та жир, жир обрізано до 1/8 дюйма, категорія Choice, після приготування, тушкований
168697;Яловичина, тазостегнова частина, нижня частина стегна, стейк, відокремлювані пісне м’ясо та жир, жир обрізано до 1/8 дюйма, категорія Choice, у сирому вигляді
169521;Яловичина, тазостегнова частина, нижня частина стегна, стейк, відокремлювані пісне м’ясо та жир, жир обрізано до 1/8 дюйма, категорія Select, після приготування, тушкований
168700;Яловичина, тазостегнова частина, нижня частина стегна, стейк, відокремлювані пісне м’ясо та жир, жир обрізано до 1/8 дюйма, категорія Select, у сирому вигляді
170628;Яловичина, тазостегнова частина, нижня частина стегна, стейк, лише відокремлюване пісне м’ясо, жир обрізано до 0 дюймів, усі категорії якості, після приготування, тушкований
170630;Яловичина, тазостегнова частина, нижня частина стегна, стейк, лише відокремлюване пісне м’ясо, жир обрізано до 0 дюймів, категорія Choice, після приготування, тушкований
170226;Яловичина, тазостегнова частина, нижня частина стегна, стейк, лише відокремлюване пісне м’ясо, жир обрізано до 0 дюймів, категорія Select, після приготування, тушкований
174053;Яловичина, тазостегнова частина, нижня частина стегна, стейк, лише відокремлюване пісне м’ясо, жир обрізано до 1/8 дюйма, усі категорії якості, після приготування, тушкований
173115;Яловичина, тазостегнова частина, нижня частина стегна, стейк, лише відокремлюване пісне м’ясо, жир обрізано до 1/8 дюйма, категорія Choice, після приготування, тушкований
174045;Яловичина, тазостегнова частина, нижня частина стегна, стейк, лише відокремлюване пісне м’ясо, жир обрізано до 1/8 дюйма, категорія Select, після приготування, тушкований
170228;Яловичина, тазостегнова частина, оковиток стегна ростбіф або запечений відруб, без кістки, відокремлювані пісне м’ясо та жир, жир обрізано до 0 дюймів, усі категорії якості, після приготування, запечений
171745;Яловичина, тазостегнова частина, оковиток стегна ростбіф або запечений відруб, без кістки, відокремлювані пісне м’ясо та жир, жир обрізано до 0 дюймів, усі категорії якості, у сирому вигляді
170229;Яловичина, тазостегнова частина, оковиток стегна ростбіф або запечений відруб, без кістки, відокремлювані пісне м’ясо та жир, жир обрізано до 0 дюймів, категорія Choice, після приготування, запечений
171746;Яловичина, тазостегнова частина, оковиток стегна ростбіф або запечений відруб, без кістки, відокремлювані пісне м’ясо та жир, жир обрізано до 0 дюймів, категорія Choice, у сирому вигляді
170632;Яловичина, тазостегнова частина, оковиток стегна ростбіф або запечений відруб, без кістки, відокремлювані пісне м’ясо та жир, жир обрізано до 0 дюймів, категорія Select, після приготування, запечений
171747;Яловичина, тазостегнова частина, оковиток стегна ростбіф або запечений відруб, без кістки, відокремлювані пісне м’ясо та жир, жир обрізано до 0 дюймів, категорія Select, у сирому вигляді
170633;Яловичина, тазостегнова частина, оковиток стегна ростбіф або запечений відруб, без кістки, лише відокремлюване пісне м’ясо, жир обрізано до 0 дюймів, усі категорії якості, після приготування, запечений
173998;Яловичина, тазостегнова частина, оковиток стегна ростбіф або запечений відруб, без кістки, лише відокремлюване пісне м’ясо, жир обрізано до 0 дюймів, усі категорії якості, у сирому вигляді
170634;Яловичина, тазостегнова частина, оковиток стегна ростбіф або запечений відруб, без кістки, лише відокремлюване пісне м’ясо, жир обрізано до 0 дюймів, категорія Choice, після приготування, запечений
173999;Яловичина, тазостегнова частина, оковиток стегна ростбіф або запечений відруб, без кістки, лише відокремлюване пісне м’ясо, жир обрізано до 0 дюймів, категорія Choice, у сирому вигляді
170635;Яловичина, тазостегнова частина, оковиток стегна ростбіф або запечений відруб, без кістки, лише відокремлюване пісне м’ясо, жир обрізано до 0 дюймів, категорія Select, після приготування, запечений
171761;Яловичина, тазостегнова частина, оковиток стегна ростбіф або запечений відруб, без кістки, лише відокремлюване пісне м’ясо, жир обрізано до 0 дюймів, категорія Select, у сирому вигляді
173985;Яловичина, тазостегнова частина, оковиток стегна стейк, без кістки відокремлювані пісне м’ясо та жир, жир обрізано до 0 дюймів, категорія Choice, у сирому вигляді
173993;Яловичина, тазостегнова частина, оковиток стегна стейк, без кістки, відокремлювані пісне м’ясо та жир, жир обрізано до 0 дюймів, усі категорії якості, після приготування, приготований на грилі
173984;Яловичина, тазостегнова частина, оковиток стегна стейк, без кістки, відокремлювані пісне м’ясо та жир, жир обрізано до 0 дюймів, усі категорії якості, у сирому вигляді
173994;Яловичина, тазостегнова частина, оковиток стегна стейк, без кістки, відокремлювані пісне м’ясо та жир, жир обрізано до 0 дюймів, категорія Choice, після приготування, приготований на грилі
173995;Яловичина, тазостегнова частина, оковиток стегна стейк, без кістки, відокремлювані пісне м’ясо та жир, жир обрізано до 0 дюймів, категорія Select, після приготування, приготований на грилі
173986;Яловичина, тазостегнова частина, оковиток стегна стейк, без кістки, відокремлювані пісне м’ясо та жир, жир обрізано до 0 дюймів, категорія Select, у сирому вигляді
171772;Яловичина, тазостегнова частина, оковиток стегна стейк, без кістки, лише відокремлюване пісне м’ясо, жир обрізано до 0 дюймів, усі категорії якості, після приготування, приготований на грилі
171762;Яловичина, тазостегнова частина, оковиток стегна стейк, без кістки, лише відокремлюване пісне м’ясо, жир обрізано до 0 дюймів, усі категорії якості, у сирому вигляді
171773;Яловичина, тазостегнова частина, оковиток стегна стейк, без кістки, лише відокремлюване пісне м’ясо, жир обрізано до 0 дюймів, категорія Choice, після приготування, приготований на грилі
171763;Яловичина, тазостегнова частина, оковиток стегна стейк, без кістки, лише відокремлюване пісне м’ясо, жир обрізано до 0 дюймів, категорія Choice, у сирому вигляді
174008;Яловичина, тазостегнова частина, оковиток стегна стейк, без кістки, лише відокремлюване пісне м’ясо, жир обрізано до 0 дюймів, категорія Select, після приготування, приготований на грилі
171764;Яловичина, тазостегнова частина, оковиток стегна стейк, без кістки, лише відокремлюване пісне м’ясо, жир обрізано до 0 дюймів, категорія Select, у сирому вигляді
169524;Яловичина, тазостегнова частина, оковиток стегна, ростбіф або запечений відруб, відокремлювані пісне м’ясо та жир, жир обрізано до 1/8 дюйма, усі категорії якості, після приготування, запечений
169523;Яловичина, тазостегнова частина, оковиток стегна, ростбіф або запечений відруб, відокремлювані пісне м’ясо та жир, жир обрізано до 1/8 дюйма, усі категорії якості, у сирому вигляді
168702;Яловичина, тазостегнова частина, оковиток стегна, ростбіф або запечений відруб, відокремлювані пісне м’ясо та жир, жир обрізано до 1/8 дюйма, категорія Choice, після приготування, запечений
168701;Яловичина, тазостегнова частина, оковиток стегна, ростбіф або запечений відруб, відокремлювані пісне м’ясо та жир, жир обрізано до 1/8 дюйма, категорія Choice, у сирому вигляді
168704;Яловичина, тазостегнова частина, оковиток стегна, ростбіф або запечений відруб, відокремлювані пісне м’ясо та жир, жир обрізано до 1/8 дюйма, категорія Select, після приготування, запечений
168703;Яловичина, тазостегнова частина, оковиток стегна, ростбіф або запечений відруб, відокремлювані пісне м’ясо та жир, жир обрізано до 1/8 дюйма, категорія Select, у сирому вигляді
171809;Яловичина, тазостегнова частина, оковиток стегна, ростбіф або запечений відруб, лише відокремлюване пісне м’ясо, жир обрізано до 1/8 дюйма, усі категорії якості, після приготування, запечений
174049;Яловичина, тазостегнова частина, оковиток стегна, ростбіф або запечений відруб, лише відокремлюване пісне м’ясо, жир обрізано до 1/8 дюйма, усі категорії якості, у сирому вигляді
174060;Яловичина, тазостегнова частина, оковиток стегна, ростбіф або запечений відруб, лише відокремлюване пісне м’ясо, жир обрізано до 1/8 дюйма, категорія Choice, після приготування, запечений
171819;Яловичина, тазостегнова частина, оковиток стегна, ростбіф або запечений відруб, лише відокремлюване пісне м’ясо, жир обрізано до 1/8 дюйма, категорія Choice, у сирому вигляді
171807;Яловичина, тазостегнова частина, оковиток стегна, ростбіф або запечений відруб, лише відокремлюване пісне м’ясо, жир обрізано до 1/8 дюйма, категорія Select, після приготування, запечений
173120;Яловичина, тазостегнова частина, оковиток стегна, ростбіф або запечений відруб, лише відокремлюване пісне м’ясо, жир обрізано до 1/8 дюйма, категорія Select, у сирому вигляді
168695;Яловичина, тазостегнова частина, повний відруб, відокремлювані пісне м’ясо та жир, жир обрізано до 1/8 дюйма, категорія Choice, після приготування, підсмажений під грилем
168694;Яловичина, тазостегнова частина, повний відруб, відокремлювані пісне м’ясо та жир, жир обрізано до 1/8 дюйма, категорія Choice, у сирому вигляді
169518;Яловичина, тазостегнова частина, повний відруб, відокремлювані пісне м’ясо та жир, жир обрізано до 1/8 дюйма, категорія Select, після приготування, підсмажений під грилем
169517;Яловичина, тазостегнова частина, повний відруб, відокремлювані пісне м’ясо та жир, жир обрізано до 1/8 дюйма, категорія Select, у сирому вигляді
168616;Яловичина, тазостегнова частина, повний відруб, лише відокремлюване пісне м’ясо, жир обрізано до 1/4 дюйма, категорія Choice, після приготування, підсмажений під грилем
168617;Яловичина, тазостегнова частина, повний відруб, лише відокремлюване пісне м’ясо, жир обрізано до 1/4 дюйма, категорія Select, після приготування, підсмажений під грилем
173370;Яловичина, тазостегнова частина, горіх стегна, кінчик центральний, стейк, відокремлювані пісне м’ясо та жир, жир обрізано до 0 дюймів, усі категорії якості, після приготування, приготований на грилі
173369;Яловичина, тазостегнова частина, горіх стегна, кінчик центральний, стейк, відокремлювані пісне м’ясо та жир, жир обрізано до 0 дюймів, усі категорії якості, у сирому вигляді
173362;Яловичина, тазостегнова частина, горіх стегна, кінчик центральний, стейк, відокремлювані пісне м’ясо та жир, жир обрізано до 0 дюймів, категорія Choice, після приготування, приготований на грилі
173361;Яловичина, тазостегнова частина, горіх стегна, кінчик центральний, стейк, відокремлювані пісне м’ясо та жир, жир обрізано до 0 дюймів, категорія Choice, у сирому вигляді
172127;Яловичина, тазостегнова частина, горіх стегна, кінчик центральний, стейк, відокремлювані пісне м’ясо та жир, жир обрізано до 0 дюймів, категорія Select, після приготування, приготований на грилі
173363;Яловичина, тазостегнова частина, горіх стегна, кінчик центральний, стейк, відокремлювані пісне м’ясо та жир, жир обрізано до 0 дюймів, категорія Select, у сирому вигляді
172120;Яловичина, тазостегнова частина, горіх стегна, кінчик сіде, стейк, відокремлювані пісне м’ясо та жир, жир обрізано до 0 дюймів, категорія Select, у сирому вигляді
172131;Яловичина, тазостегнова частина, горіх стегна, кінчик сіде, стейк, відокремлювані пісне м’ясо та жир, жир обрізано до 0 дюймів, усі категорії якості, після приготування, приготований на грилі
173367;Яловичина, тазостегнова частина, горіх стегна, кінчик сіде, стейк, відокремлювані пісне м’ясо та жир, жир обрізано до 0 дюймів, усі категорії якості, у сирому вигляді
172119;Яловичина, тазостегнова частина, горіх стегна, кінчик сіде, стейк, відокремлювані пісне м’ясо та жир, жир обрізано до 0 дюймів, категорія Choice, після приготування, приготований на грилі
173354;Яловичина, тазостегнова частина, горіх стегна, кінчик сіде, стейк, відокремлювані пісне м’ясо та жир, жир обрізано до 0 дюймів, категорія Choice, у сирому вигляді
172121;Яловичина, тазостегнова частина, горіх стегна, кінчик сіде, стейк, відокремлювані пісне м’ясо та жир, жир обрізано до 0 дюймів, категорія Select, після приготування, приготований на грилі
172135;Яловичина, тазостегнова частина, зовнішня частина тазостегнова частина, нижня частина стегна, стейк, відокремлювані пісне м’ясо та жир, жир обрізано до 0 дюймів, усі категорії якості, після приготування, приготований на грилі
173371;Яловичина, тазостегнова частина, зовнішня частина тазостегнова частина, нижня частина стегна, стейк, відокремлювані пісне м’ясо та жир, жир обрізано до 0 дюймів, усі категорії якості, у сирому вигляді
172129;Яловичина, тазостегнова частина, зовнішня частина тазостегнова частина, нижня частина стегна, стейк, відокремлювані пісне м’ясо та жир, жир обрізано до 0 дюймів, категорія Choice, після приготування, приготований на грилі
172128;Яловичина, тазостегнова частина, зовнішня частина тазостегнова частина, нижня частина стегна, стейк, відокремлювані пісне м’ясо та жир, жир обрізано до 0 дюймів, категорія Choice, у сирому вигляді
173364;Яловичина, тазостегнова частина, зовнішня частина тазостегнова частина, нижня частина стегна, стейк, відокремлювані пісне м’ясо та жир, жир обрізано до 0 дюймів, категорія Select, після приготування, приготований на грилі
172130;Яловичина, тазостегнова частина, зовнішня частина тазостегнова частина, нижня частина стегна, стейк, відокремлювані пісне м’ясо та жир, жир обрізано до 0 дюймів, категорія Select, у сирому вигляді
170230;Яловичина, тазостегнова частина, кінчик тазостегнової частини, ростбіф або запечений відруб, відокремлювані пісне м’ясо та жир, жир обрізано до 0 дюймів, усі категорії якості, після приготування, запечений
169470;Яловичина, тазостегнова частина, кінчик тазостегнової частини, ростбіф або запечений відруб, відокремлювані пісне м’ясо та жир, жир обрізано до 0 дюймів, усі категорії якості, у сирому вигляді
170231;Яловичина, тазостегнова частина, кінчик тазостегнової частини, ростбіф або запечений відруб, відокремлювані пісне м’ясо та жир, жир обрізано до 0 дюймів, категорія Choice, після приготування, запечений
168646;Яловичина, тазостегнова частина, кінчик тазостегнової частини, ростбіф або запечений відруб, відокремлювані пісне м’ясо та жир, жир обрізано до 0 дюймів, категорія Choice, у сирому вигляді
170232;Яловичина, тазостегнова частина, кінчик тазостегнової частини, ростбіф або запечений відруб, відокремлювані пісне м’ясо та жир, жир обрізано до 0 дюймів, категорія Select, після приготування, запечений
168647;Яловичина, тазостегнова частина, кінчик тазостегнової частини, ростбіф або запечений відруб, відокремлювані пісне м’ясо та жир, жир обрізано до 0 дюймів, категорія Select, у сирому вигляді
169526;Яловичина, тазостегнова частина, кінчик тазостегнової частини, ростбіф або запечений відруб, відокремлювані пісне м’ясо та жир, жир обрізано до 1/8 дюйма, усі категорії якості, після приготування, запечений
169528;Яловичина, тазостегнова частина, кінчик тазостегнової частини, ростбіф або запечений відруб, відокремлювані пісне м’ясо та жир, жир обрізано до 1/8 дюйма, категорія Choice, після приготування, запечений
168706;Яловичина, тазостегнова частина, кінчик тазостегнової частини, ростбіф або запечений відруб, відокремлювані пісне м’ясо та жир, жир обрізано до 1/8 дюйма, категорія Select, після приготування, запечений
170233;Яловичина, тазостегнова частина, кінчик тазостегнової частини, ростбіф або запечений відруб, лише відокремлюване пісне м’ясо, жир обрізано до 0 дюймів, усі категорії якості, після приготування, запечений
173125;Яловичина, тазостегнова частина, кінчик тазостегнової частини, ростбіф або запечений відруб, лише відокремлюване пісне м’ясо, жир обрізано до 0 дюймів, усі категорії якості, у сирому вигляді
170636;Яловичина, тазостегнова частина, кінчик тазостегнової частини, ростбіф або запечений відруб, лише відокремлюване пісне м’ясо, жир обрізано до 0 дюймів, категорія Choice, після приготування, запечений
173126;Яловичина, тазостегнова частина, кінчик тазостегнової частини, ростбіф або запечений відруб, лише відокремлюване пісне м’ясо, жир обрізано до 0 дюймів, категорія Choice, у сирому вигляді
170637;Яловичина, тазостегнова частина, кінчик тазостегнової частини, ростбіф або запечений відруб, лише відокремлюване пісне м’ясо, жир обрізано до 0 дюймів, категорія Select, після приготування, запечений
173127;Яловичина, тазостегнова частина, кінчик тазостегнової частини, ростбіф або запечений відруб, лише відокремлюване пісне м’ясо, жир обрізано до 0 дюймів, категорія Select, у сирому вигляді
169525;Яловичина, тазостегнова частина, кінчик тазостегнової частини, відокремлювані пісне м’ясо та жир, жир обрізано до 1/8 дюйма, усі категорії якості, у сирому вигляді
169527;Яловичина, тазостегнова частина, кінчик тазостегнової частини, відокремлювані пісне м’ясо та жир, жир обрізано до 1/8 дюйма, категорія Choice, у сирому вигляді
168705;Яловичина, тазостегнова частина, кінчик тазостегнової частини, відокремлювані пісне м’ясо та жир, жир обрізано до 1/8 дюйма, категорія Select, у сирому вигляді
171755;Яловичина, тазостегнова частина, верхня частина стегна ростбіф або запечений відруб, без кістки, відокремлювані пісне м’ясо та жир, жир обрізано до 0 дюймів, усі категорії якості, після приготування, запечений
173982;Яловичина, тазостегнова частина, верхня частина стегна ростбіф або запечений відруб, без кістки, відокремлювані пісне м’ясо та жир, жир обрізано до 0 дюймів, усі категорії якості, у сирому вигляді
171756;Яловичина, тазостегнова частина, верхня частина стегна ростбіф або запечений відруб, без кістки, відокремлювані пісне м’ясо та жир, жир обрізано до 0 дюймів, категорія Choice, після приготування, запечений
173983;Яловичина, тазостегнова частина, верхня частина стегна ростбіф або запечений відруб, без кістки, відокремлювані пісне м’ясо та жир, жир обрізано до 0 дюймів, категорія Choice, у сирому вигляді
173992;Яловичина, тазостегнова частина, верхня частина стегна ростбіф або запечений відруб, без кістки, відокремлювані пісне м’ясо та жир, жир обрізано до 0 дюймів, категорія Select, після приготування, запечений
171744;Яловичина, тазостегнова частина, верхня частина стегна ростбіф або запечений відруб, без кістки, відокремлювані пісне м’ясо та жир, жир обрізано до 0 дюймів, категорія Select, у сирому вигляді
174007;Яловичина, тазостегнова частина, верхня частина стегна ростбіф або запечений відруб, без кістки, лише відокремлюване пісне м’ясо, жир обрізано до 0 дюймів, усі категорії якості, після приготування, запечений
171760;Яловичина, тазостегнова частина, верхня частина стегна ростбіф або запечений відруб, без кістки, лише відокремлюване пісне м’ясо, жир обрізано до 0 дюймів, усі категорії якості, у сирому вигляді
171770;Яловичина, тазостегнова частина, верхня частина стегна ростбіф або запечений відруб, без кістки, лише відокремлюване пісне м’ясо, жир обрізано до 0 дюймів, категорія Choice, після приготування, запечений
173996;Яловичина, тазостегнова частина, верхня частина стегна ростбіф або запечений відруб, без кістки, лише відокремлюване пісне м’ясо, жир обрізано до 0 дюймів, категорія Choice, у сирому вигляді
171771;Яловичина, тазостегнова частина, верхня частина стегна ростбіф або запечений відруб, без кістки, лише відокремлюване пісне м’ясо, жир обрізано до 0 дюймів, категорія Select, після приготування, запечений
173997;Яловичина, тазостегнова частина, верхня частина стегна ростбіф або запечений відруб, без кістки, лише відокремлюване пісне м’ясо, жир обрізано до 0 дюймів, категорія Select, у сирому вигляді
169560;Яловичина, тазостегнова частина, верхня частина стегна стейк, без кістки, відокремлювані пісне м’ясо та жир, жир обрізано до 0 дюймів, усі категорії якості, після приготування, приготований на грилі
171743;Яловичина, тазостегнова частина, верхня частина стегна стейк, без кістки, відокремлювані пісне м’ясо та жир, жир обрізано до 0 дюймів, усі категорії якості, у сирому вигляді
168740;Яловичина, тазостегнова частина, верхня частина стегна стейк, без кістки, відокремлювані пісне м’ясо та жир, жир обрізано до 0 дюймів, категорія Choice, після приготування, приготований на грилі
173980;Яловичина, тазостегнова частина, верхня частина стегна стейк, без кістки, відокремлювані пісне м’ясо та жир, жир обрізано до 0 дюймів, категорія Choice, у сирому вигляді
168741;Яловичина, тазостегнова частина, верхня частина стегна стейк, без кістки, відокремлювані пісне м’ясо та жир, жир обрізано до 0 дюймів, категорія Select, після приготування, приготований на грилі
173981;Яловичина, тазостегнова частина, верхня частина стегна стейк, без кістки, відокремлювані пісне м’ясо та жир, жир обрізано до 0 дюймів, категорія Select, у сирому вигляді
168649;Яловичина, тазостегнова частина, верхня частина стегна стейк, без кістки, лише відокремлюване пісне м’ясо, жир обрізано до 0 дюймів, усі категорії якості, після приготування, приготований на грилі
171757;Яловичина, тазостегнова частина, верхня частина стегна стейк, без кістки, лише відокремлюване пісне м’ясо, жир обрізано до 0 дюймів, усі категорії якості, у сирому вигляді
169471;Яловичина, тазостегнова частина, верхня частина стегна стейк, без кістки, лише відокремлюване пісне м’ясо, жир обрізано до 0 дюймів, категорія Choice, після приготування, приготований на грилі
171758;Яловичина, тазостегнова частина, верхня частина стегна стейк, без кістки, лише відокремлюване пісне м’ясо, жир обрізано до 0 дюймів, категорія Choice, у сирому вигляді
169472;Яловичина, тазостегнова частина, верхня частина стегна стейк, без кістки, лише відокремлюване пісне м’ясо, жир обрізано до 0 дюймів, категорія Select, після приготування, приготований на грилі
171759;Яловичина, тазостегнова частина, верхня частина стегна стейк, без кістки, лише відокремлюване пісне м’ясо, жир обрізано до 0 дюймів, категорія Select, у сирому вигляді
169531;Яловичина, тазостегнова частина, верхня частина стегна стейк, відокремлювані пісне м’ясо та жир, жир обрізано до 1/8 дюйма, усі категорії якості, після приготування, підсмажений під грилем
170638;Яловичина, тазостегнова частина, верхня частина стегна, відокремлювані пісне м’ясо та жир, жир обрізано до 0 дюймів, усі категорії якості, після приготування, тушкований
170639;Яловичина, тазостегнова частина, верхня частина стегна, відокремлювані пісне м’ясо та жир, жир обрізано до 0 дюймів, категорія Choice, після приготування, тушкований
170234;Яловичина, тазостегнова частина, верхня частина стегна, відокремлювані пісне м’ясо та жир, жир обрізано до 0 дюймів, категорія Select, після приготування, тушкований
169530;Яловичина, тазостегнова частина, верхня частина стегна, відокремлювані пісне м’ясо та жир, жир обрізано до 1/8 дюйма, усі категорії якості, після приготування, тушкований
168709;Яловичина, тазостегнова частина, верхня частина стегна, відокремлювані пісне м’ясо та жир, жир обрізано до 1/8 дюйма, категорія Choice, після приготування, тушкований
168711;Яловичина, тазостегнова частина, верхня частина стегна, відокремлювані пісне м’ясо та жир, жир обрізано до 1/8 дюйма, категорія Choice, після приготування, смажений на пательні
169534;Яловичина, тазостегнова частина, верхня частина стегна, відокремлювані пісне м’ясо та жир, жир обрізано до 1/8 дюйма, категорія Prime, у сирому вигляді
168713;Яловичина, тазостегнова частина, верхня частина стегна, відокремлювані пісне м’ясо та жир, жир обрізано до 1/8 дюйма, категорія Select, після приготування, тушкований
170235;Яловичина, тазостегнова частина, верхня частина стегна, лише відокремлюване пісне м’ясо, жир обрізано до 0 дюймів, категорія Choice, після приготування, тушкований
170236;Яловичина, тазостегнова частина, верхня частина стегна, лише відокремлюване пісне м’ясо, жир обрізано до 0 дюймів, категорія Select, після приготування, тушкований
168708;Яловичина, тазостегнова частина, верхня частина стегна, лише відокремлюване пісне м’ясо, жир обрізано до 1/8 дюйма, категорія Choice, після приготування, смажений на пательні
169529;Яловичина, тазостегнова частина, верхня частина стегна, стейк, відокремлювані пісне м’ясо та жир, жир обрізано до 1/8 дюйма, усі категорії якості, у сирому вигляді
168710;Яловичина, тазостегнова частина, верхня частина стегна, стейк, відокремлювані пісне м’ясо та жир, жир обрізано до 1/8 дюйма, категорія Choice, після приготування, підсмажений під грилем
169532;Яловичина, тазостегнова частина, верхня частина стегна, стейк, відокремлювані пісне м’ясо та жир, жир обрізано до 1/8 дюйма, категорія Choice, у сирому вигляді
169535;Яловичина, тазостегнова частина, верхня частина стегна, стейк, відокремлювані пісне м’ясо та жир, жир обрізано до 1/8 дюйма, категорія Prime, після приготування, підсмажений під грилем
169533;Яловичина, тазостегнова частина, верхня частина стегна, стейк, відокремлювані пісне м’ясо та жир, жир обрізано до 1/8 дюйма, категорія Select, після приготування, підсмажений під грилем
168712;Яловичина, тазостегнова частина, верхня частина стегна, стейк, відокремлювані пісне м’ясо та жир, жир обрізано до 1/8 дюйма, категорія Select, у сирому вигляді
171815;Яловичина, тазостегнова частина, верхня частина стегна, стейк, лише відокремлюване пісне м’ясо, жир обрізано до 1/8 дюйма, усі категорії якості, після приготування, підсмажений під грилем
171816;Яловичина, тазостегнова частина, верхня частина стегна, стейк, лише відокремлюване пісне м’ясо, жир обрізано до 1/8 дюйма, усі категорії якості, у сирому вигляді
174061;Яловичина, тазостегнова частина, верхня частина стегна, стейк, лише відокремлюване пісне м’ясо, жир обрізано до 1/8 дюйма, категорія Choice, після приготування, підсмажений під грилем
171820;Яловичина, тазостегнова частина, верхня частина стегна, стейк, лише відокремлюване пісне м’ясо, жир обрізано до 1/8 дюйма, категорія Choice, у сирому вигляді
171808;Яловичина, тазостегнова частина, верхня частина стегна, стейк, лише відокремлюване пісне м’ясо, жир обрізано до 1/8 дюйма, категорія Select, після приготування, підсмажений під грилем
173121;Яловичина, тазостегнова частина, верхня частина стегна, стейк, лише відокремлюване пісне м’ясо, жир обрізано до 1/8 дюйма, категорія Select, у сирому вигляді
170600;Яловичина, сендвіч стейки, флакед, подрібнений, формед і тінли нарізаний скибками, у сирому вигляді
169442;Яловичина, голяшка кросскутс, лише відокремлюване пісне м’ясо, жир обрізано до 1/4 дюйма, категорія Choice, після приготування, томлений
169441;Яловичина, голяшка кросскутс, лише відокремлюване пісне м’ясо, жир обрізано до 1/4 дюйма, категорія Choice, у сирому вигляді
169460;Яловичина, коротка корейка, стейк портерхаус, відокремлювані пісне м’ясо та жир, жир обрізано до 0 дюймів, USDA категорія Choice, після приготування, підсмажений під грилем
169461;Яловичина, коротка корейка, стейк портерхаус, відокремлювані пісне м’ясо та жир, жир обрізано до 0 дюймів, USDA категорія Select, після приготування, підсмажений під грилем
169459;Яловичина, коротка корейка, стейк портерхаус, відокремлювані пісне м’ясо та жир, жир обрізано до 0 дюймів, усі категорії якості, після приготування, підсмажений під грилем
172115;Яловичина, коротка корейка, стейк портерхаус, відокремлювані пісне м’ясо та жир, жир обрізано до 1/8 дюйма, усі категорії якості, після приготування, приготований на грилі
173350;Яловичина, коротка корейка, стейк портерхаус, відокремлювані пісне м’ясо та жир, жир обрізано до 1/8 дюйма, усі категорії якості, у сирому вигляді
168716;Яловичина, коротка корейка, стейк портерхаус, відокремлювані пісне м’ясо та жир, жир обрізано до 1/8 дюйма, категорія Choice, після приготування, приготований на грилі
168715;Яловичина, коротка корейка, стейк портерхаус, відокремлювані пісне м’ясо та жир, жир обрізано до 1/8 дюйма, категорія Choice, у сирому вигляді
172117;Яловичина, коротка корейка, стейк портерхаус, відокремлювані пісне м’ясо та жир, жир обрізано до 1/8 дюйма, категорія Select, після приготування, приготований на грилі
172116;Яловичина, коротка корейка, стейк портерхаус, відокремлювані пісне м’ясо та жир, жир обрізано до 1/8 дюйма, категорія Select, у сирому вигляді
168637;Яловичина, коротка корейка, стейк портерхаус, лише відокремлюване пісне м’ясо, жир обрізано до 1/8 дюйма, усі категорії якості, після приготування, приготований на грилі
168638;Яловичина, коротка корейка, стейк портерхаус, лише відокремлюване пісне м’ясо, жир обрізано до 0 дюймів, усі категорії якості, після приготування, підсмажений під грилем
168639;Яловичина, коротка корейка, стейк портерхаус, лише відокремлюване пісне м’ясо, жир обрізано до 0 дюймів, категорія Choice, після приготування, підсмажений під грилем
169463;Яловичина, коротка корейка, стейк портерхаус, лише відокремлюване пісне м’ясо, жир обрізано до 0 дюймів, категорія Select, після приготування, підсмажений під грилем
169462;Яловичина, коротка корейка, стейк портерхаус, лише відокремлюване пісне м’ясо, жир обрізано до 1/8 дюйма, усі категорії якості, у сирому вигляді
168618;Яловичина, коротка корейка, стейк портерхаус, лише відокремлюване пісне м’ясо, жир обрізано до 1/8 дюйма, категорія Choice, після приготування, приготований на грилі
169443;Яловичина, коротка корейка, стейк портерхаус, лише відокремлюване пісне м’ясо, жир обрізано до 1/8 дюйма, категорія Choice, у сирому вигляді
168641;Яловичина, коротка корейка, стейк портерхаус, лише відокремлюване пісне м’ясо, жир обрізано до 1/8 дюйма, категорія Select, після приготування, приготований на грилі
168640;Яловичина, коротка корейка, стейк портерхаус, лише відокремлюване пісне м’ясо, жир обрізано до 1/8 дюйма, категорія Select, у сирому вигляді
168643;Яловичина, коротка корейка, стейк Т-кістка, на кістці, лише відокремлюване пісне м’ясо, жир обрізано до 1/8 дюйма, усі категорії якості, після приготування, приготований на грилі
168642;Яловичина, коротка корейка, стейк Т-кістка, на кістці, лише відокремлюване пісне м’ясо, жир обрізано до 1/8 дюйма, усі категорії якості, у сирому вигляді
168620;Яловичина, коротка корейка, стейк Т-кістка, на кістці, лише відокремлюване пісне м’ясо, жир обрізано до 1/8 дюйма, категорія Choice, після приготування, приготований на грилі
168619;Яловичина, коротка корейка, стейк Т-кістка, на кістці, лише відокремлюване пісне м’ясо, жир обрізано до 1/8 дюйма, категорія Choice, у сирому вигляді
169467;Яловичина, коротка корейка, стейк Т-кістка, на кістці, лише відокремлюване пісне м’ясо, жир обрізано до 1/8 дюйма, категорія Select, після приготування, приготований на грилі
168645;Яловичина, коротка корейка, стейк Т-кістка, на кістці, лише відокремлюване пісне м’ясо, жир обрізано до 1/8 дюйма, категорія Select, у сирому вигляді
169465;Яловичина, коротка корейка, стейк Т-кістка, відокремлювані пісне м’ясо та жир, жир обрізано до 0 дюймів, USDA категорія Choice, після приготування, підсмажений під грилем
169466;Яловичина, коротка корейка, стейк Т-кістка, відокремлювані пісне м’ясо та жир, жир обрізано до 0 дюймів, USDA категорія Select, після приготування, підсмажений під грилем
169464;Яловичина, коротка корейка, стейк Т-кістка, відокремлювані пісне м’ясо та жир, жир обрізано до 0 дюймів, усі категорії якості, після приготування, підсмажений під грилем
173351;Яловичина, коротка корейка, стейк Т-кістка, відокремлювані пісне м’ясо та жир, жир обрізано до 1/8 дюйма, усі категорії якості, після приготування, приготований на грилі
172118;Яловичина, коротка корейка, стейк Т-кістка, відокремлювані пісне м’ясо та жир, жир обрізано до 1/8 дюйма, усі категорії якості, у сирому вигляді
169537;Яловичина, коротка корейка, стейк Т-кістка, відокремлювані пісне м’ясо та жир, жир обрізано до 1/8 дюйма, категорія Choice, після приготування, приготований на грилі
168717;Яловичина, коротка корейка, стейк Т-кістка, відокремлювані пісне м’ясо та жир, жир обрізано до 1/8 дюйма, категорія Choice, у сирому вигляді
173353;Яловичина, коротка корейка, стейк Т-кістка, відокремлювані пісне м’ясо та жир, жир обрізано до 1/8 дюйма, категорія Select, після приготування, приготований на грилі
173352;Яловичина, коротка корейка, стейк Т-кістка, відокремлювані пісне м’ясо та жир, жир обрізано до 1/8 дюйма, категорія Select, у сирому вигляді
168644;Яловичина, коротка корейка, стейк Т-кістка, лише відокремлюване пісне м’ясо, жир обрізано до 0 дюймів, категорія Choice, після приготування, підсмажений під грилем
169468;Яловичина, коротка корейка, стейк Т-кістка, лише відокремлюване пісне м’ясо, жир обрізано до 0 дюймів, категорія Select, після приготування, підсмажений під грилем
171814;Яловичина, коротка корейка, стейк із верхньої частини корейки, лише відокремлюване пісне м’ясо, жир обрізано до 1/8 дюйма, усі категорії якості, у сирому вигляді
169541;Яловичина, коротка корейка, верхня частина корейки, відокремлювані пісне м’ясо та жир, жир обрізано до 1/8 дюйма, категорія Prime, після приготування, підсмажений під грилем
169538;Яловичина, коротка корейка, верхня частина корейки, стейк, відокремлювані пісне м’ясо та жир, жир обрізано до 1/8 дюйма, усі категорії якості, у сирому вигляді
168718;Яловичина, коротка корейка, верхня частина корейки, стейк, відокремлювані пісне м’ясо та жир, жир обрізано до 1/8 дюйма, категорія Choice, після приготування, приготований на грилі
168721;Яловичина, коротка корейка, верхня частина корейки, стейк, відокремлювані пісне м’ясо та жир, жир обрізано до 1/8 дюйма, категорія Prime, у сирому вигляді
171813;Яловичина, коротка корейка, верхня частина корейки, стейк, лише відокремлюване пісне м’ясо, жир обрізано до 1/8 дюйма, усі категорії якості, після приготування, підсмажений під грилем
173119;Яловичина, коротка корейка, верхня частина корейки, стейк, лише відокремлюване пісне м’ясо, жир обрізано до 1/8 дюйма, категорія Choice, після приготування, підсмажений під грилем
173116;Яловичина, коротка корейка, верхня частина корейки, стейк, лише відокремлюване пісне м’ясо, жир обрізано до 1/8 дюйма, категорія Choice, у сирому вигляді
171805;Яловичина, коротка корейка, верхня частина корейки, стейк, лише відокремлюване пісне м’ясо, жир обрізано до 1/8 дюйма, категорія Select, після приготування, приготований на грилі
174041;Яловичина, коротка корейка, верхня частина корейки, стейк, лише відокремлюване пісне м’ясо, жир обрізано до 1/8 дюйма, категорія Select, у сирому вигляді
173349;Яловичина, плечова частина відруб для тушкування або стейк, без кістки, відокремлювані пісне м’ясо та жир, жир обрізано до 0 дюймів, усі категорії якості, у сирому вигляді
170818;Яловичина, плечова частина відруб для тушкування або стейк, без кістки, відокремлювані пісне м’ясо та жир, жир обрізано до 0 дюймів, категорія Choice, у сирому вигляді
170819;Яловичина, плечова частина відруб для тушкування або стейк, без кістки, відокремлювані пісне м’ясо та жир, жир обрізано до 0 дюймів, категорія Select, у сирому вигляді
169480;Яловичина, плечова частина відруб для тушкування або стейк, без кістки, лише відокремлюване пісне м’ясо, жир обрізано до 0 дюймів, усі категорії якості, у сирому вигляді
169481;Яловичина, плечова частина відруб для тушкування або стейк, без кістки, лише відокремлюване пісне м’ясо, жир обрізано до 0 дюймів, категорія Choice, у сирому вигляді
169482;Яловичина, плечова частина відруб для тушкування або стейк, без кістки, лише відокремлюване пісне м’ясо, жир обрізано до 0 дюймів, категорія Select, у сирому вигляді
171224;Яловичина, плечова частина відруб для тушкування, без кістки, відокремлювані пісне м’ясо та жир, жир обрізано до 0 дюймів, усі категорії якості, після приготування, тушкований
171225;Яловичина, плечова частина відруб для тушкування, без кістки, відокремлювані пісне м’ясо та жир, жир обрізано до 0 дюймів, категорія Choice, після приготування, тушкований
171226;Яловичина, плечова частина відруб для тушкування, без кістки, відокремлювані пісне м’ясо та жир, жир обрізано до 0 дюймів, категорія Select, після приготування, тушкований
171200;Яловичина, плечова частина відруб для тушкування, без кістки, лише відокремлюване пісне м’ясо, жир обрізано до 0 дюймів, усі категорії якості, після приготування, тушкований
171198;Яловичина, плечова частина відруб для тушкування, без кістки, лише відокремлюване пісне м’ясо, жир обрізано до 0 дюймів, категорія Choice, після приготування, тушкований
171199;Яловичина, плечова частина відруб для тушкування, без кістки, лише відокремлюване пісне м’ясо, жир обрізано до 0 дюймів, категорія Select, після приготування, тушкований
171789;Яловичина, стейк із плечової частини, без кістки, відокремлювані пісне м’ясо та жир, жир обрізано до 0 дюймів, усі категорії якості, після приготування, приготований на грилі
171785;Яловичина, стейк із плечової частини, без кістки, відокремлювані пісне м’ясо та жир, жир обрізано до 0 дюймів, категорія Choice, після приготування, приготований на грилі
171786;Яловичина, стейк із плечової частини, без кістки, відокремлювані пісне м’ясо та жир, жир обрізано до 0 дюймів, категорія Select, після приготування, приготований на грилі
171781;Яловичина, стейк із плечової частини, без кістки, лише відокремлюване пісне м’ясо, жир обрізано до 0 дюймів, усі категорії якості, після приготування, приготований на грилі
168731;Яловичина, стейк із плечової частини, без кістки, лише відокремлюване пісне м’ясо, жир обрізано до 0 дюймів, категорія Choice, після приготування, приготований на грилі
168732;Яловичина, стейк із плечової частини, без кістки, лише відокремлюване пісне м’ясо, жир обрізано до 0 дюймів, категорія Select, після приготування, приготований на грилі
169479;Яловичина, плечова частина стейк із верхньої лопаткової частини, без кістки, відокремлювані пісне м’ясо та жир, жир обрізано до 0 дюймів, усі категорії якості, після приготування, приготований на грилі
168693;Яловичина, плечова частина стейк із верхньої лопаткової частини, без кістки, відокремлювані пісне м’ясо та жир, жир обрізано до 0 дюймів, усі категорії якості, у сирому вигляді
168659;Яловичина, плечова частина стейк із верхньої лопаткової частини, без кістки, відокремлювані пісне м’ясо та жир, жир обрізано до 0 дюймів, категорія Choice, після приготування, приготований на грилі
168707;Яловичина, плечова частина стейк із верхньої лопаткової частини, без кістки, відокремлювані пісне м’ясо та жир, жир обрізано до 0 дюймів, категорія Choice, у сирому вигляді
168692;Яловичина, плечова частина стейк із верхньої лопаткової частини, без кістки, відокремлювані пісне м’ясо та жир, жир обрізано до 0 дюймів, категорія Select, після приготування, приготований на грилі
169536;Яловичина, плечова частина стейк із верхньої лопаткової частини, без кістки, відокремлювані пісне м’ясо та жир, жир обрізано до 0 дюймів, категорія Select, у сирому вигляді
168654;Яловичина, плечова частина стейк із верхньої лопаткової частини, без кістки, лише відокремлюване пісне м’ясо, жир обрізано до 0 дюймів, усі категорії якості, після приготування, приготований на грилі
169477;Яловичина, плечова частина стейк із верхньої лопаткової частини, без кістки, лише відокремлюване пісне м’ясо, жир обрізано до 0 дюймів, усі категорії якості, у сирому вигляді
169475;Яловичина, плечова частина стейк із верхньої лопаткової частини, без кістки, лише відокремлюване пісне м’ясо, жир обрізано до 0 дюймів, категорія Choice, після приготування, приготований на грилі
173234;Напої, вода, бутильований, POLAND SPRING
169478;Яловичина, плечова частина стейк із верхньої лопаткової частини, без кістки, лише відокремлюване пісне м’ясо, жир обрізано до 0 дюймів, категорія Choice, у сирому вигляді
169476;Яловичина, плечова частина стейк із верхньої лопаткової частини, без кістки, лише відокремлюване пісне м’ясо, жир обрізано до 0 дюймів, категорія Select, після приготування, приготований на грилі
168655;Яловичина, плечова частина стейк із верхньої лопаткової частини, без кістки, лише відокремлюване пісне м’ясо, жир обрізано до 0 дюймів, категорія Select, у сирому вигляді
169544;Яловичина, вирізка, ростбіф або запечений відруб, відокремлювані пісне м’ясо та жир, жир обрізано до 1/8 дюйма, усі категорії якості, після приготування, запечений
168723;Яловичина, вирізка, ростбіф або запечений відруб, відокремлювані пісне м’ясо та жир, жир обрізано до 1/8 дюйма, категорія Choice, після приготування, запечений
169549;Яловичина, вирізка, ростбіф або запечений відруб, відокремлювані пісне м’ясо та жир, жир обрізано до 1/8 дюйма, категорія Prime, після приготування, запечений
169546;Яловичина, вирізка, ростбіф або запечений відруб, відокремлювані пісне м’ясо та жир, жир обрізано до 1/8 дюйма, категорія Select, після приготування, запечений
169547;Яловичина, вирізка, відокремлювані пісне м’ясо та жир, жир обрізано до 1/8 дюйма, категорія Prime, у сирому вигляді
169543;Яловичина, вирізка, стейк, відокремлювані пісне м’ясо та жир, жир обрізано до 1/8 дюйма, усі категорії якості, після приготування, підсмажений під грилем
169542;Яловичина, вирізка, стейк, відокремлювані пісне м’ясо та жир, жир обрізано до 1/8 дюйма, усі категорії якості, у сирому вигляді
168722;Яловичина, вирізка, стейк, відокремлювані пісне м’ясо та жир, жир обрізано до 1/8 дюйма, категорія Choice, після приготування, підсмажений під грилем
169545;Яловичина, вирізка, стейк, відокремлювані пісне м’ясо та жир, жир обрізано до 1/8 дюйма, категорія Choice, у сирому вигляді
169548;Яловичина, вирізка, стейк, відокремлювані пісне м’ясо та жир, жир обрізано до 1/8 дюйма, категорія Prime, після приготування, підсмажений під грилем
168725;Яловичина, вирізка, стейк, відокремлювані пісне м’ясо та жир, жир обрізано до 1/8 дюйма, категорія Select, після приготування, підсмажений під грилем
168724;Яловичина, вирізка, стейк, відокремлювані пісне м’ясо та жир, жир обрізано до 1/8 дюйма, категорія Select, у сирому вигляді
171811;Яловичина, вирізка, стейк, лише відокремлюване пісне м’ясо, жир обрізано до 1/8 дюйма, усі категорії якості, після приготування, підсмажений під грилем
171812;Яловичина, вирізка, стейк, лише відокремлюване пісне м’ясо, жир обрізано до 1/8 дюйма, усі категорії якості, у сирому вигляді
173117;Яловичина, вирізка, стейк, лише відокремлюване пісне м’ясо, жир обрізано до 1/8 дюйма, категорія Choice, після приготування, підсмажений під грилем
174762;Яловичина, вирізка, стейк, лише відокремлюване пісне м’ясо, жир обрізано до 1/8 дюйма, категорія Choice, у сирому вигляді
174043;Яловичина, вирізка, стейк, лише відокремлюване пісне м’ясо, жир обрізано до 1/8 дюйма, категорія Select, після приготування, підсмажений під грилем
171803;Яловичина, вирізка, стейк, лише відокремлюване пісне м’ясо, жир обрізано до 1/8 дюйма, категорія Select, у сирому вигляді
173063;Яловичина, верхня частина корейки філе, без кістки, відокремлювані пісне м’ясо та жир, жир обрізано до 1/8 дюйма, усі категорії якості, після приготування, приготований на грилі
173064;Яловичина, верхня частина корейки філе, без кістки, відокремлювані пісне м’ясо та жир, жир обрізано до 1/8 дюйма, категорія Choice, після приготування, приготований на грилі
173065;Яловичина, верхня частина корейки філе, без кістки, відокремлювані пісне м’ясо та жир, жир обрізано до 1/8 дюйма, категорія Select, після приготування, приготований на грилі
174688;Яловичина, верхня частина корейки філе, без кістки, лише відокремлюване пісне м’ясо, жир обрізано до 1/8 дюйма, усі категорії якості, після приготування, приготований на грилі
174689;Яловичина, верхня частина корейки філе, без кістки, лише відокремлюване пісне м’ясо, жир обрізано до 1/8 дюйма, категорія Choice, після приготування, приготований на грилі
174690;Яловичина, верхня частина корейки філе, без кістки, лише відокремлюване пісне м’ясо, жир обрізано до 1/8 дюйма, категорія Select, після приготування, приготований на грилі
174708;Яловичина, верхня частина корейки малий ростбіф або запечений відруб, без кістки, відокремлювані пісне м’ясо та жир, жир обрізано до 1/8 дюйма, усі категорії якості, після приготування, запечений
174709;Яловичина, верхня частина корейки малий ростбіф або запечений відруб, без кістки, відокремлювані пісне м’ясо та жир, жир обрізано до 1/8 дюйма, категорія Choice, після приготування, запечений
174710;Яловичина, верхня частина корейки малий ростбіф або запечений відруб, без кістки, відокремлювані пісне м’ясо та жир, жир обрізано до 1/8 дюйма, категорія Select, після приготування, запечений
173046;Яловичина, верхня частина корейки малий ростбіф або запечений відруб, без кістки, лише відокремлюване пісне м’ясо, жир обрізано до 1/8 дюйма, усі категорії якості, після приготування, запечений
173047;Яловичина, верхня частина корейки малий ростбіф або запечений відруб, без кістки, лише відокремлюване пісне м’ясо, жир обрізано до 1/8 дюйма, категорія Choice, після приготування, запечений
173048;Яловичина, верхня частина корейки малий ростбіф або запечений відруб, без кістки, лише відокремлюване пісне м’ясо, жир обрізано до 1/8 дюйма, категорія Select, після приготування, запечений
174711;Яловичина, верхня частина корейки малий ростбіф або запечений відруб/філе, без кістки, відокремлювані пісне м’ясо та жир, жир обрізано до 1/8 дюйма, усі категорії якості, у сирому вигляді
173066;Яловичина, верхня частина корейки малий ростбіф або запечений відруб/філе, без кістки, відокремлювані пісне м’ясо та жир, жир обрізано до 1/8 дюйма, категорія Choice, у сирому вигляді
173067;Яловичина, верхня частина корейки малий ростбіф або запечений відруб/філе, без кістки, відокремлювані пісне м’ясо та жир, жир обрізано до 1/8 дюйма, категорія Select, у сирому вигляді
173049;Яловичина, верхня частина корейки малий ростбіф або запечений відруб/філе, без кістки, лише відокремлюване пісне м’ясо, жир обрізано до 1/8 дюйма, усі категорії якості, у сирому вигляді
174691;Яловичина, верхня частина корейки малий ростбіф або запечений відруб/філе, без кістки, лише відокремлюване пісне м’ясо, жир обрізано до 1/8 дюйма, категорія Choice, у сирому вигляді
174692;Яловичина, верхня частина корейки малий ростбіф або запечений відруб/філе, без кістки, лише відокремлюване пісне м’ясо, жир обрізано до 1/8 дюйма, категорія Select, у сирому вигляді
169457;Яловичина, верхня філейна частина, стейк, відокремлювані пісне м’ясо та жир, жир обрізано до 0 дюймів, усі категорії якості, після приготування, підсмажений під грилем
169458;Яловичина, верхня філейна частина, стейк, відокремлювані пісне м’ясо та жир, жир обрізано до 0 дюймів, категорія Choice, після приготування, підсмажений під грилем
168633;Яловичина, верхня філейна частина, стейк, відокремлювані пісне м’ясо та жир, жир обрізано до 0 дюймів, категорія Select, після приготування, підсмажений під грилем
168727;Яловичина, верхня філейна частина, стейк, відокремлювані пісне м’ясо та жир, жир обрізано до 1/8 дюйма, усі категорії якості, після приготування, підсмажений під грилем
168726;Яловичина, верхня філейна частина, стейк, відокремлювані пісне м’ясо та жир, жир обрізано до 1/8 дюйма, усі категорії якості, у сирому вигляді
168729;Яловичина, верхня філейна частина, стейк, відокремлювані пісне м’ясо та жир, жир обрізано до 1/8 дюйма, категорія Choice, після приготування, підсмажений під грилем
169550;Яловичина, верхня філейна частина, стейк, відокремлювані пісне м’ясо та жир, жир обрізано до 1/8 дюйма, категорія Choice, після приготування, смажений на пательні
168728;Яловичина, верхня філейна частина, стейк, відокремлювані пісне м’ясо та жир, жир обрізано до 1/8 дюйма, категорія Choice, у сирому вигляді
169552;Яловичина, верхня філейна частина, стейк, відокремлювані пісне м’ясо та жир, жир обрізано до 1/8 дюйма, категорія Select, після приготування, підсмажений під грилем
169551;Яловичина, верхня філейна частина, стейк, відокремлювані пісне м’ясо та жир, жир обрізано до 1/8 дюйма, категорія Select, у сирому вигляді
168634;Яловичина, верхня філейна частина, стейк, лише відокремлюване пісне м’ясо, жир обрізано до 0 дюймів, усі категорії якості, після приготування, підсмажений під грилем
168635;Яловичина, верхня філейна частина, стейк, лише відокремлюване пісне м’ясо, жир обрізано до 0 дюймів, категорія Choice, після приготування, підсмажений під грилем
168636;Яловичина, верхня філейна частина, стейк, лише відокремлюване пісне м’ясо, жир обрізано до 0 дюймів, категорія Select, після приготування, підсмажений під грилем
174054;Яловичина, верхня філейна частина, стейк, лише відокремлюване пісне м’ясо, жир обрізано до 1/8 дюйма, усі категорії якості, після приготування, підсмажений під грилем
174055;Яловичина, верхня філейна частина, стейк, лише відокремлюване пісне м’ясо, жир обрізано до 1/8 дюйма, усі категорії якості, у сирому вигляді
173118;Яловичина, верхня філейна частина, стейк, лише відокремлюване пісне м’ясо, жир обрізано до 1/8 дюйма, категорія Choice, після приготування, підсмажений під грилем
174763;Яловичина, верхня філейна частина, стейк, лише відокремлюване пісне м’ясо, жир обрізано до 1/8 дюйма, категорія Choice, у сирому вигляді
174044;Яловичина, верхня філейна частина, стейк, лише відокремлюване пісне м’ясо, жир обрізано до 1/8 дюйма, категорія Select, після приготування, підсмажений під грилем
171804;Яловичина, верхня філейна частина, стейк, лише відокремлюване пісне м’ясо, жир обрізано до 1/8 дюйма, категорія Select, у сирому вигляді
168623;Яловичина, субпродукти та побічні продукти, мозок, після приготування, смажений на пательні
168624;Яловичина, субпродукти та побічні продукти, мозок, після приготування, томлений
168622;Яловичина, субпродукти та побічні продукти, мозок, у сирому вигляді
169448;Яловичина, субпродукти та побічні продукти, серце, після приготування, томлений
168625;Яловичина, субпродукти та побічні продукти, серце, у сирому вигляді
169450;Яловичина, субпродукти та побічні продукти, нирки, після приготування, томлений
169449;Яловичина, субпродукти та побічні продукти, нирки, у сирому вигляді
168626;Яловичина, субпродукти та побічні продукти, печінка, після приготування, тушкований
168627;Яловичина, субпродукти та побічні продукти, печінка, після приготування, смажений на пательні
169451;Яловичина, субпродукти та побічні продукти, печінка, у сирому вигляді
168629;Яловичина, субпродукти та побічні продукти, легені, після приготування, тушкований
168628;Яловичина, субпродукти та побічні продукти, легені, у сирому вигляді
168630;Яловичина, субпродукти та побічні продукти, механічно відокремлений яловичина, у сирому вигляді
169453;Яловичина, субпродукти та побічні продукти, підшлункова залоза, після приготування, тушкований
169452;Яловичина, субпродукти та побічні продукти, підшлункова залоза, у сирому вигляді
170597;Яловичина, субпродукти та побічні продукти, селезінка, після приготування, тушкований
169454;Яловичина, субпродукти та побічні продукти, селезінка, у сирому вигляді
170193;Яловичина, субпродукти та побічні продукти, нирковий жир, у сирому вигляді
170195;Яловичина, субпродукти та побічні продукти, вилочкова залоза, після приготування, тушкований
170194;Яловичина, субпродукти та побічні продукти, вилочкова залоза, у сирому вигляді
170598;Яловичина, субпродукти та побічні продукти, язик, після приготування, томлений
170196;Яловичина, субпродукти та побічні продукти, язик, у сирому вигляді
174769;Яловичина, субпродукти та побічні продукти, тріпе, після приготування, томлений
170599;Яловичина, субпродукти та побічні продукти, тріпе, у сирому вигляді
171616;Бірвурст, пиво салямі, свинина
172011;Бірвурст, пиво салямі, свинина і яловичина
172961;Бірвурст, свинина і яловичина
168508;Бурякове бадилля, після приготування, відварений, відціджений, із сіллю
170376;Бурякове бадилля, після приготування, відварений, відціджений, без солі
170375;Бурякове бадилля, у сирому вигляді
169966;Буряк, консервований, відціджена тверда частина
168507;Буряк, консервований, без додавання солі, тверда частина та рідина
169147;Буряк, консервований, стандартне консервування, тверда частина та рідина
169146;Буряк, після приготування, відварений, відціджений
168506;Буряк, після приготування, відварений. відціджений, із сіллю
170480;Буряк, маринований, консервований, тверда частина та рідина
169145;Буряк, у сирому вигляді
169073;Напій, розчинний сніданок порошок, шоколад, нерозведений
169897;Напій, розчинний сніданок порошок, шоколад, без цукру, нерозведений
174108;Напої, Енергетичний напій, Цитрусовий
174813;Напої, ABBOTT, EAS соєвий білок порошок
173167;Напої, ABBOTT, EAS сироватка білок порошок
167727;Напої, ABBOTT, ENSURE Плюс, готовий до вживання
174823;Напої, ABBOTT, ENSURE, Нутрішнал Шейк, Готовий до вживання
174146;Напої, AMBER, твердий кідер
175110;Напої, ARIZONA, чай, готовий до вживання, лимон
173175;Напої, Акей ягідний напій, збагачений
174112;Напої, Яблуко сік напій, легкий, збагачений з вітамін К
175108;Напої, COCA-COLA, POWERADE, лимон-лайм ароматизований, готовий до вживання
174814;Напої, CYTOSPORT, Мускле Молоко, готовий до вживання
174114;Напої, Кароб-смак напій суміш, порошок
174115;Напої, Кароб-смак напій суміш, порошок, приготований із незбираним молоком
167711;Напої, Шоколад-ароматизований напій, сироватка і на молочній основі
171882;Напої, Молюск венерка і помідор сік, консервований
167739;Напої, Коктейль суміш, без-алкогольний, концентрований, заморожений
174124;Напої, Какао суміш, NESTLE, Гострий Какао Суміш Річ Шоколад З Маршмаллоус
175114;Напої, Какао суміш, низькокалорійний, порошок, з доданим кальцієм, фосфорус, аспартам, без доданий натрій або вітамін A
171886;Напої, Какао суміш, без додавання цукру, порошок
174122;Напої, Какао суміш, порошок
174123;Напої, Какао суміш, порошок, приготований з водою
174831;Напої, Кокос вода, готовий до вживання, без підсолоджувачів
173214;Напої, Журавлина сік коктейль
173658;Напої, DANNON, вода, бутильований, негазований, з Флуоріде
173649;Напої, Молочний напій суміш, шоколад, зі зниженою калорійністю, з низький-калорійність підсолоджувачі, порошок
171905;Напої, Еггног-смак суміш, порошок, приготований із незбираним молоком
174821;Напої, Енергетичний Напій з газований вода і високий фруктосе кукурудзяний сироп
171935;Напої, Енергетичний Напій, Монстер, збагачений з вітаміни К, Б2, Б3, Б6, Б12
174822;Напої, Енергетичний Напій, без цукру
174171;Напої, Енергетичний напій, AMP
171936;Напої, Енергетичний напій, AMP, без цукру
174172;Напої, Енергетичний напій, Повний THROTTLE
173210;Напої, Енергетичний напій, Червоний BULL
171870;Напої, Енергетичний напій, Червоний BULL, без цукру, з доданий кофеїн, ніакін, пантотенік кислота, вітаміни Б6 і Б12
171937;Напої, Енергетичний напій, ROCKSTAR
171938;Напої, Енергетичний напій, ROCKSTAR, без цукру
174177;Напої, Енергетичний напій, VAULT Зеро, без цукру, цитрусовий смак
171943;Напої, Енергетичний напій, VAULT, цитрусовий смак
173173;Напої, FUZE, помаранчевий манго, збагачений з вітаміни A, К, Е, Б6
174180;Напої, Напій із фруктовим смаком контейнінг менше ніж 3% фруктовий сік, з високий вітамін К
174179;Напої, Напій із фруктовим смаком, менше ніж 3% сік, не збагачений з вітамін К
171944;Напої, Напій із фруктовим смаком, зі зниженим вмістом цукру, грітер ніж 3% фруктовий сік, високий вітамін К, доданий кальцій
174152;Напої, Фрукти пунш напій, заморожений концентрат
174153;Напої, Фрукти пунш напій, заморожений концентрат, приготований з водою
174151;Напої, Фрукти пунш напій, з доданий поживні речовини, консервований
173183;Напої, GEROLSTEINER BRUNNEN Гмбх & Ко. KG (Геролстеінер), натуралли спарклінг, мінерал бутильований вода
174827;Напої, GEROLSTEINER BRUNNEN Гмбх & Ко. KG, Геролстеінер натуралли спарклінг мінеральна вода,
171941;Напої, Хорчата, у готовому до подавання вигляді у ресторанний
171898;Напої, KRAFT, кава, розчинний, Французький Ванільний Кафе
174111;Напої, Ківі Полуниця Сік Напій
175111;Напої, LIPTON BRISK, чай, чорний, готовий до вживання, лимон
171878;Напої, Лимонад фруктовий сік напій легкий, збагачений з вітамін Е і К
174858;Напої, Лимонад, порошок
173189;Напої, Хвилинний MAID, Лемонада, Напій із лайма
173162;Напої, MONSTER енергетичний напій, низький карб
174857;Напої, MOTTS, Яблуко сік легкий, збагачений з вітамін К
171907;Напої, Малт ліквор напій
174867;Напої, Малтед напій суміш, шоколад, порошок, приготований із незбираним молоком
174865;Напої, Малтед напій суміш, шоколад, з доданий поживні речовини, порошок, приготований із незбираним молоком
173220;Напої, Малтед напій суміш, натуральний, порошок, молочний на основі.
173221;Напої, Малтед напій суміш, натуральний, порошок, приготований із незбираним молоком
173219;Напої, Малтед напій суміш, натуральний, з доданий поживні речовини, порошок, приготований із незбираним молоком
171939;Напої, Страва або борошно грубого помелу супплемент напій, консервований, арахіс смак
173197;Напої, Змішаний овочевий і фруктовий сік напій, з доданий поживні речовини
174847;Напої, NESTEA, чай, чорний, готовий до вживання, лимон
173169;Напої, NESTLE, Буст плюс, нутрішнал напій, готовий до вживання
174147;Напої, OCEAN SPRAY, Кран Вишня або черешня
174132;Напої, OCEAN SPRAY, Кран Виноград
171900;Напої, OCEAN SPRAY, Кран Лимонад
171909;Напої, OCEAN SPRAY, Кран Гранат
171899;Напої, OCEAN SPRAY, Кран Малина Сік Напій
174816;Напої, OCEAN SPRAY, Кран-Енергетичний, Журавлина Енергетичний Сік Напій
171895;Напої, OCEAN SPRAY, Журавлина-Яблуко Сік Напій, бутильований
171901;Напої, OCEAN SPRAY, Дієтичний Кран Вишня або черешня
171896;Напої, OCEAN SPRAY, Дієтичний Журавлина Сік
174148;Напої, OCEAN SPRAY, Легкий Журавлина
174136;Напої, OCEAN SPRAY, Легкий Журавлина і Малина Ароматизований Сік
174150;Напої, OCEAN SPRAY, Легкий Журавлина, Конкорд Виноград
174856;Напої, OCEAN SPRAY, Руби Червоний журавлина
174149;Напої, OCEAN SPRAY, Білий Журавлина Персик
174137;Напої, OCEAN SPRAY, Білий Журавлина Полуниця Ароматизований Сік Напій
174864;Напої, OVALTINE, Класичний Малт порошок
173222;Напої, OVALTINE, шоколад малт порошок
175100;Напої, Помаранчевий напій, сніданок тип, з сік і пулп, заморожений концентрат
175101;Напої, Помаранчевий напій, сніданок тип, з сік і пулп, заморожений концентрат, приготований з водою
169044;Напої, Помаранчевий сік напій
173178;Напої, Помаранчевий сік, легкий, Без пулп
173237;Напої, Помаранчевий-смак напій, сніданок тип, низькокалорійний, порошок
173652;Напої, Помаранчевий-смак напій, сніданок тип, з м’якоттю, заморожений концентрат, приготований з водою
173651;Напої, Помаранчевий-смак напій, сніданок тип, з м’якоттю, заморожений концентрат.
174178;Напої, PEPSICO QUAKER, Гатораде Г2, низькокалорійний
173660;Напої, PEPSICO QUAKER, Гатораде, Г перформанке О 2, готовий до вживання.
174113;Напої, POWERADE, Зеро, Змішаний Ягідний
171923;Напої, Поуераде Зеро Іон4, калорійність-без, ассортед смаки
175109;Напої, Пропел Зеро, фрукти-ароматизований, негазований
173181;Напої, Білок порошок на соєвій основі
173180;Напої, Білок порошок сироватка на основі
173170;Напої, SLIMFAST, Страва або борошно грубого помелу реплакемент, Високий Білок Шейк, Готовий до вживання, 3-2-1 план
173218;Напої, SNAPPLE, чай, чорний і зелений, готовий до вживання, лимон, дієтичний
173215;Напої, SNAPPLE, чай, чорний і зелений, готовий до вживання, персик, дієтичний
174870;Напої, Полуниця-смак напій суміш, порошок, приготований із незбираним молоком
174809;Напої, COCA-COLA COMPANY, NOS Зеро, енергетичний напій, без цукру з гуарана, збагачений з вітаміни Б6 і Б12
173165;Напої, COCA-COLA COMPANY, NOS енергетичний напій, Оригінальний, виноград, лоадед вишня або черешня, чаргед цитрусовий, збагачений з вітаміни Б6 і Б12
175104;Напої, COCA-COLA компани, DASANI, вода, бутильований, негазований
173188;Напої, COCA-COLA компани, Глакіу Вітамін Вода, Ревіве Фрукти Пунш, збагачений
173179;Напої, COCA-COLA компани, Хі-К Флашін' Фрукти Пунш
171884;Напої, COCA-COLA компани, Хвилинний Мейд, Лимонад
171915;Напої, Тропічний Пунш, готовий до вживання
173174;Напої, UNILEVER, SLIMFAST Шейк Суміш, високий білок, сироватка порошок, 3-2-1 План,
173172;Напої, UNILEVER, SLIMFAST Шейк Суміш, порошок, 3-2-1 План
173171;Напої, UNILEVER, SLIMFAST, страва або борошно грубого помелу реплакемент, звичайний, готовий до вживання, 3-2-1 План
171928;Напої, В8 Напій Сік Напої, Ягідний Суміш
174162;Напої, В8 Напій Сік Напої, Дієтичний Ягідний Суміш
174163;Напої, В8 Напій Сік Напої, Дієтичний Фруктове асорті
174164;Напої, В8 Напій Сік Напої, Дієтичний Полуниця Ківі
171927;Напої, В8 Напій Сік Напої, Дієтичний Тропічний Суміш
171929;Напої, В8 Напій Сік Напої, Фруктове асорті
171930;Напої, В8 Напій Сік Напої, Гуава Маракуя
174165;Напої, В8 Напій Сік Напої, Манго Персик
174166;Напої, В8 Напій Сік Напої, Помаранчевий Ананас
174167;Напої, В8 Напій Сік Напої, Орчард Суміш
174168;Напої, В8 Напій Сік Напої, Полуниця Банан
171931;Напої, В8 Напій Сік Напої, Полуниця Ківі
171932;Напої, В8 Напій Сік Напої, Тропічний Суміш
173186;Напої, В8 Напій Смутіс, Персик Манго
174829;Напої, В8 Напій Смутіс, Полуниця Банан
174830;Напої, В8 Напій Смутіс, Тропічний Колада
174170;Напої, В8 В- FUSION Джуікес, Акей Ягідний
171933;Напої, В8 В-FUSION Джуікес, Персик Манго
171934;Напої, В8 В-FUSION Джуікес, Полуниця Банан
174169;Напої, В8 В-FUSION Джуікес, Тропічний
174173;Напої, Овочевий і фруктовий сік напій, зі зниженою калорійністю, з низький-калорійність підсолоджувач, доданий вітамін К
171924;Напої, WENDY'S, чай, готовий до вживання, без підсолоджувачів
174161;Напої, Вода з доданими вітамінами і мінералс, боттлес, підсолоджений, ассортед фрукти смаки
173177;Напої, Сироватка білок порошок ісолате
174811;Напої, Віскі кислий суміш, бутильований
173163;Напої, Віскі кислий суміш, порошок
174157;Напої, Вино, без-алкогольний
174825;Напої, ZEVIA, кола
174826;Напої, ZEVIA, кола, без кофеїну
174820;Напої, мигдальне молоко, шоколад, готовий до вживання
168751;Напої, мигдальне молоко, підсолоджений, ванільний смак, готовий до вживання
174832;Напої, мигдальне молоко, без підсолоджувачів, шелф стабле
174131;Напої, алое вера сік напій, збагачений з Вітамін К
173206;Напої, газований, SPRITE, лимон-лайм, без кофеїн
174842;Напої, газований, клуб газований напій
175093;Напої, газований, кола, швидкий-харчовий продукт кола
174852;Напої, газований, кола, звичайний
174851;Напої, газований, кола, без кофеїн
174846;Напої, газований, імбир але
173203;Напої, газований, виноград газований напій
173205;Напої, газований, лимон-лайм газований напій, без кофеїн
171875;Напої, газований, напій із лайма, високий кофеїн
175099;Напої, газований, низькокалорійний, кола або перець-тип, з аспартам, містить кофеїн
174850;Напої, газований, низькокалорійний, кола або перець-тип, з аспартам, без кофеїн
171876;Напої, газований, низькокалорійний, кола або перець-типи, з натрій сахарин, містить кофеїн
173204;Напої, газований, низькокалорійний, інші ніж кола або перець, без кофеїн
173207;Напої, газований, низькокалорійний, інші ніж кола або перець, з аспартам, містить кофеїн
173209;Напої, газований, перець-тип, містить кофеїн
174853;Напої, газований, зі зниженим вмістом цукру, кола, містить кофеїн і підсолоджувачі
171871;Напої, газований, рут пиво
171869;Напої, газований, тонік вода
173187;Напої, шоколад мигдальне молоко, без підсолоджувачів, шелф-стабле, збагачений вітаміном Д2 і Е
171873;Напої, шоколад напій, молоко і на соєвій основі, готовий до вживання, збагачений
171874;Напої, шоколад малт порошок, приготований з 1% молоко, збагачений
173184;Напої, шоколад малт, порошок, приготований з знежирений молоко
174824;Напої, шоколад порошок, без додавання цукру
174117;Напої, шоколад сироп
174118;Напої, шоколад сироп, приготований із незбираним молоком
174159;Напої, шоколад-смак напій суміш для молоко, порошок, з доданий поживні речовини
174160;Напої, шоколад-смак напій суміш для молоко, порошок, з доданий поживні речовини, приготований із незбираним молоком
171879;Напої, шоколад-смак напій суміш, порошок, приготований із незбираним молоком
171912;Напої, цитрусовий фруктовий сік напій, заморожений концентрат
171913;Напої, цитрусовий фруктовий сік напій, заморожений концентрат, приготований з водою
175092;Напої, какао суміш, з аспартам, порошок, приготований з водою
174116;Напої, кокос молоко, підсолоджений, збагачений кальцієм, вітаміни A, Б12, Д2
174127;Напої, кава і какао, розчинний, без кофеїну, з вітенер і низькокалорійний підсолоджувач
174138;Напої, кава замінник, каша або зерновий продукт зерно напій, порошок
173648;Напої, кава замінник, каша або зерновий продукт зерно напій, порошок, приготований із незбираним молоком
174139;Напої, кава замінник, каша або зерновий продукт зерно напій, приготований з водою
171881;Напої, кава, заварений, сніданок суміш
171891;Напої, кава, заварений, еспрессо, ресторанний-приготований
174125;Напої, кава, заварений, еспрессо, ресторанний-приготований, без кофеїну
171890;Напої, кава, заварений, приготований з водопровідною водою
171889;Напої, кава, заварений, приготований з водопровідною водою, без кофеїну
174134;Напої, кава, розчинний, чікори
174133;Напої, кава, розчинний, без кофеїну, порошок
171894;Напої, кава, розчинний, без кофеїну, приготований з водою
174135;Напої, кава, розчинний, моча, підсолоджений
174126;Напої, кава, розчинний, звичайний, половина кофеїн
171893;Напої, кава, розчинний, звичайний, порошок
174130;Напої, кава, розчинний, звичайний, приготований з водою
174154;Напої, кава, розчинний, ванільний, підсолоджений, без кофеїну, з без молочний вершки для кави
171897;Напої, кава, розчинний, з чікори
168122;Напої, кава, розчинний, з вітенер, зі зниженою калорійністю
174119;Напої, кава, готовий до вживання, ікед, моча, на молочній основі
171880;Напої, кава, готовий до вживання, на молочній основі, підсолоджений
171877;Напої, кава, готовий до вживання, ванільний, легкий, на молочній основі, підсолоджений
174140;Напої, журавлина-яблуко сік напій, бутильований
168123;Напої, журавлина-яблуко сік напій, низькокалорійний, з вітамін К доданий
174142;Напої, журавлина-абрикос сік напій, бутильований
171902;Напої, журавлина-виноград сік напій, бутильований
173650;Напої, молочний напій суміш, шоколад, зі зниженою калорійністю, з аспартам, порошок, приготований з водою і лід або морозиво
173659;Напої, напій суміш, QUAKER Овес, GATORADE, помаранчевий смак, порошок
171945;Напої, фруктовий сік напій, грітер ніж 3% фруктовий сік, високий вітамін К і доданий тіамін
171947;Напої, фруктовий сік напій, грітер ніж 3% сік, високий вітамін К
174176;Напої, фруктовий сік напій, зі зниженим вмістом цукру, з вітамін Е доданий
171914;Напої, фрукти пунш напій, без доданий поживні речовини, консервований
175094;Напої, фрукти пунш сік напій, заморожений концентрат
175095;Напої, фрукти пунш сік напій, заморожений концентрат, приготований з водою
174930;Хліб, начинка, суха суміш
175115;Напої, фрукти пунш-смак напій, порошок, без доданий натрій, приготований з водою
167681;Напої, напій із фруктовим смаком, сухий порошкоподібний суміш, низькокалорійний, з аспартам
167707;Напої, напій із фруктовим смаком, порошок, з високий вітамін К з інші доданий вітаміни, низькокалорійний
171916;Напої, виноград напій, консервований
173213;Напої, виноград сік напій, консервований
173667;Напої, лимонад, заморожений концентрат, рожевий, приготований з водою
174860;Напої, лимонад-смак напій, порошок
174861;Напої, лимонад-смак напій, порошок, приготований з водою
174866;Напої, малтед напій суміш, шоколад, порошок
174174;Напої, молоко напій, зі зниженим вмістом жиру, ароматизований і підсолоджений, Готовий до вживання, доданий кальцій, вітамін A і вітамін Д
174181;Напої, нутрішнал шейк суміш, високий білок, порошок
173223;Напої, помаранчевий і абрикос сік напій, консервований
175105;Напої, помаранчевий сніданок напій, готовий до вживання, з доданий поживні речовини
174868;Напої, помаранчевий напій, консервований, з доданий вітамін К
173235;Напої, помаранчевий-смак напій, сніданок тип, порошок
173236;Напої, помаранчевий-смак напій, сніданок тип, порошок, приготований з водою
173224;Напої, ананас і грейпфрут сік напій, консервований
173225;Напої, ананас і помаранчевий сік напій, консервований
171942;Напої, рис молоко, без підсолоджувачів
173182;Напої, річ шоколад, порошок
175102;Напої, шейк, фастфуд, полуниця
174120;Напої, чай, Улонг, заварений
174155;Напої, чай, чорний, заварений, приготований з дистильована вода
173227;Напої, чай, чорний, заварений, приготований з водопровідною водою
174871;Напої, чай, чорний, заварений, приготований з водопровідною водою, без кофеїну
174144;Напої, чай, чорний, готовий до вживання
173212;Напої, чай, чорний, готовий до вживання, без кофеїну
173211;Напої, чай, чорний, готовий до вживання, без кофеїну, дієтичний
171892;Напої, чай, чорний, готовий до вживання, лимон, дієтичний
171888;Напої, чай, чорний, готовий до вживання, лимон, підсолоджений
174855;Напої, чай, чорний, готовий до вживання, персик, дієтичний
171910;Напої, чай, зелений, заварений, без кофеїну
171917;Напої, чай, зелений, заварений, звичайний
174143;Напої, чай, зелений, розчинний, без кофеїну, лимон, без підсолоджувачів, збагачений з вітамін К
171883;Напої, чай, зелений, готовий до вживання, гінсенг і мед, підсолоджений
171911;Напої, чай, зелений, готовий до вживання, без підсолоджувачів
174121;Напої, чай, зелений, готовий до вживання, цитрусовий, дієтичний, збагачений з вітамін К
171885;Напої, чай, зелений, готовий до вживання, дієтичний
174128;Напої, чай, зелений, готовий до вживання, підсолоджений
174156;Напої, чай, херб, заварений, чамоміле
173232;Напої, чай, херб, інші ніж чамоміле, заварений
171946;Напої, чай, хібіскус, заварений
173228;Напої, чай, розчинний, без кофеїну, лимон, дієтичний
173229;Напої, чай, розчинний, без кофеїну, лимон, підсолоджений
174872;Напої, чай, розчинний, без кофеїну, без підсолоджувачів
173231;Напої, чай, розчинний, лимон, дієтичний
175089;Напої, чай, розчинний, лимон, підсолоджений, порошок
175090;Напої, чай, розчинний, лимон, підсолоджений, приготований з водою
175088;Напої, чай, розчинний, лимон, без підсолоджувачів
171918;Напої, чай, розчинний, лимон, з з доданою аскорбіновою кислотою
175091;Напої, чай, розчинний, підсолоджений з натрій сахарин, лимон-ароматизований, порошок
173230;Напої, чай, розчинний, без підсолоджувачів, порошок
174873;Напої, чай, розчинний, без підсолоджувачів, приготований з водою
174129;Напої, чай, готовий до вживання, лимон, дієтичний
174175;Напої, суміш овочевих і фруктових соків, 100% сік, з доданими вітамінами A, К, Е
175106;Напої, вода, бутильований, негазований, CALISTOGA
175107;Напої, вода, бутильований, негазований, CRYSTAL GEYSER
173655;Напої, вода, бутильований, негазований, DANNON
171922;Напої, вода, бутильований, негазований, EVIAN
173656;Напої, вода, бутильований, негазований, PEPSI, AQUAFINA
173166;Напої, вода, бутильований, иумберри, гранат з анті-оксідантс, зеро калорії
173647;Напої, вода, тап, дрінкінг
175103;Напої, вода, тап, мунікіпал
175096;Напої, вода, тап, велл
174828;Напої, жовтий зелений колоред цитрусовий м’який напій з кофеїном
172671;Бісквіти або американські булочки, змішаний зерно, охолоджене тісто
174902;Бісквіти або американські булочки, без добавок або маслянка, суха суміш
174903;Бісквіти або американські булочки, без добавок або маслянка, суха суміш, приготований
172667;Бісквіти або американські булочки, без добавок або маслянка, заморожений, печений
172670;Бісквіти або американські булочки, без добавок або маслянка, приготований за рецептом
172668;Бісквіти або американські булочки, без добавок або маслянка, охолоджене тісто, з вищим вмістом жиру
172669;Бісквіти або американські булочки, без добавок або маслянка, охолоджене тісто, з вищим вмістом жиру, печений
174904;Бісквіти або американські булочки, без добавок або маслянка, охолоджене тісто, нижчий жир
174905;Бісквіти або американські булочки, без добавок або маслянка, охолоджене тісто, нижчий жир, печений
173847;М’ясо бізона, мелений, трав’яної відгодівлі, після приготування
175293;М’ясо бізона, мелений, трав’яної відгодівлі, у сирому вигляді
171709;Ожина, консервований, високої жирності сироп, тверда частина та рідина
171710;Ожина, заморожений, без підсолоджувачів
173946;Ожина, у сирому вигляді
173947;Ожина сік, консервований
171618;Кров ковбаса
173948;Чорниця або лохина, консервований, високої жирності сироп, тверда частина та рідина
168179;Чорниця або лохина, консервований, легкий сироп, відціджений
168158;Чорниця або лохина, сушений, підсолоджений
173951;Чорниця або лохина, заморожений, підсолоджений
173950;Чорниця або лохина, заморожений, без підсолоджувачів (Включає харчові продукти для USDA'с Харчовий продукт Розподіл Програма)
171711;Чорниця або лохина, у сирому вигляді
168180;Чорниця або лохина, дикий, консервований, високої жирності сироп, відціджений
173949;Чорниця або лохина, дикий, заморожений (Включає харчові продукти для USDA'с Харчовий продукт Розподіл Програма)
171619;Боквурст, свинина, телятина, у сирому вигляді
172012;Варена ковбаса болонья, яловичина
172013;Варена ковбаса болонья, яловичина і свинина
167685;Варена ковбаса болонья, яловичина і свинина, з низьким вмістом жиру
168101;Варена ковбаса болонья, яловичина, з низьким вмістом жиру
173873;Варена ковбаса болонья, курятина, свинина
173872;Варена ковбаса болонья, курятина, свинина, яловичина
172970;Варена ковбаса болонья, курятина, індичатина, свинина
171637;Варена ковбаса болонья, м’ясо і м’ясо птиці
173856;Варена ковбаса болонья, свинина
174609;Варена ковбаса болонья, свинина і індичатина, легкий
174610;Варена ковбаса болонья, свинина, індичатина і яловичина
173857;Варена ковбаса болонья, індичатина
168509;Огірочник лікарський, після приготування, відварений, відціджений, із сіллю
170482;Огірочник лікарський, після приготування, відварений, відціджений, без солі
170481;Огірочник лікарський, у сирому вигляді
171712;Бойзенова ягода, консервований, високої жирності сироп
171713;Бойзенова ягода, заморожений, без підсолоджувачів
172956;Братвурст, яловичина і свинина, копчений
172957;Братвурст, курятина, після приготування
172958;Братвурст, свинина, яловичина і індичатина, легкий, копчений
171622;Братвурст, свинина, яловичина, ковбаска
171620;Братвурст, свинина, після приготування
174595;Братвурст, телятина, після приготування
171621;Броншвеігер (A печінка ковбаса), свинина
174913;Хліб, Італійський
174906;Хліб, банан, приготований за рецептом, виготовлений із маргарин
174907;Хліб, бостонський коричневий, консервований
171844;Хліб, чапаті або роті, без добавок, промислового приготування
174075;Хліб, чапаті або роті, цільнозерновий пшеничний, промислового приготування, заморожений
167944;Хліб, сир
171849;Хліб, кориця
174908;Хліб, корнбрід, суха суміш, збагачений (включає кукурудза муффін суміш)
174909;Хліб, корнбрід, суха суміш, приготований із молоком 2% жирності, 80% маргарин, і яйця
172815;Хліб, корнбрід, суха суміш, незбагачений (включає кукурудза муффін суміш)
174910;Хліб, корнбрід, приготований за рецептом, виготовлений із з низьким вмістом жиру (2%) молоко
172672;Хліб, кракед-пшениця
174928;Хліб, крумбс, сухий, тертий, без добавок
172806;Хліб, крумбс, сухий, тертий, приправлений
172673;Хліб, яйце
172674;Хліб, яйце, підсмажений
172675;Хліб, французький або вінна (включає на заквасці)
174911;Хліб, французький або вінна, підсмажений (включає на заквасці)
174091;Хліб, французький або вінна, цільнозерновий пшеничний
174099;Хліб, без глютену, білий, виготовлений із картопля екстракт, рис крохмаль, і рис борошно
174100;Хліб, без глютену, білий, виготовлений із рис борошно, кукурудза крохмаль, і/або тапіока
174101;Хліб, без глютену, білий, виготовлений із тапіока крохмаль і бурий рис борошно
174102;Хліб, без глютену, цілий зерно, виготовлений із тапіока крохмаль і бурий рис борошно
174912;Хліб, іріш газований напій, приготований за рецептом
168013;Хліб, мулті-зерно (включає цілий-зерно)
174914;Хліб, мулті-зерно, підсмажений (включає цілий-зерно)
171845;Хліб, наан, без добавок, промислового приготування, охолоджений
174077;Хліб, наан, цільнозерновий пшеничний, промислового приготування, охолоджений
172676;Хліб, овес висівки
172677;Хліб, овес висівки, підсмажений
172678;Хліб, вівсяна каша
172679;Хліб, вівсяна каша, підсмажений
167935;Хліб, пательня дулке, солодкий дріжджі хліб
174076;Хліб, парата, цільнозерновий пшеничний, промислового приготування, заморожений
174915;Хліб, піта, білий, збагачений
172816;Хліб, піта, білий, незбагачений
174916;Хліб, піта, цільнозерновий пшеничний
167943;Хліб, картопля
167527;Хліб, паунд торт або кекс тип, пательня де торта салвадоран
174917;Хліб, білок (включає глутен)
172809;Хліб, білок, (включає глутен), підсмажений
174918;Хліб, пумпернікел
172680;Хліб, родзинки, збагачений
172681;Хліб, родзинки, збагачений, підсмажений
172817;Хліб, родзинки, незбагачений
172682;Хліб, знижений-калорійність, овес висівки
172683;Хліб, знижений-калорійність, овес висівки, підсмажений
174919;Хліб, знижений-калорійність, вівсяна каша
174920;Хліб, знижений-калорійність, жито
174921;Хліб, знижений-калорійність, пшениця
174922;Хліб, знижений-калорійність, білий
174923;Хліб, рис висівки
175044;Хліб, рис висівки, підсмажений
174078;Хліб, булочка, Мексиканський, болліло
172684;Хліб, жито
172685;Хліб, жито, підсмажений
167526;Хліб, салвадоран солодкий сир (квесаділла салвадорена)
174929;Хліб, палички, без добавок
172692;Хліб, начинка, корнбрід, суха суміш
172693;Хліб, начинка, корнбрід, суха суміш, приготований
171851;Хліб, пшениця, пророщений, підсмажений
172687;Хліб, пшениця, підсмажений
167532;Хліб, білий пшениця
174924;Хліб, білий, промислового приготування (включає м’який хліб крумбс)
172818;Хліб, білий, промислового приготування, зі зниженим вмістом натрію, без сіль
174925;Хліб, білий, промислового приготування, підсмажений
172826;Хліб, білий, промислового приготування, підсмажений, зі зниженим вмістом натрію без сіль
174927;Хліб, білий, приготований за рецептом, виготовлений із з низьким вмістом жиру (2%) молоко
174926;Хліб, білий, приготований за рецептом, виготовлений із сухе знежирене молоко
172688;Хліб, цільнозерновий пшеничний, промислового приготування
172689;Хліб, цільнозерновий пшеничний, промислового приготування, підсмажений
172690;Хліб, цільнозерновий пшеничний, приготований за рецептом
172691;Хліб, цільнозерновий пшеничний, приготований за рецептом, підсмажений
171714;Хлібне дерево, плід, у сирому вигляді
167734;Сніданок батончик, кукурудза пластівець корж із фруктами
169063;Сніданок батончики, овес, цукор, родзинки, кокос (включає батончик гранола)
173754;Боби фава, зріле насіння, консервований
173798;Боби фава, зріле насіння, після приготування, відварений, із сіллю
173753;Боби фава, зріле насіння, після приготування, відварений, без солі
175205;Боби фава, зріле насіння, у сирому вигляді
169328;Боби, незріле насіння, після приготування, відварений, відціджений, із сіллю
170378;Боби, незріле насіння, після приготування, відварений, відціджений, без солі
170377;Боби, незріле насіння, у сирому вигляді
170382;Броколі рааб, після приготування
170381;Броколі рааб, у сирому вигляді
169392;Броколі, китайський, після приготування
169404;Броколі, китайський, у сирому вигляді
168510;Броколі, після приготування, відварений, відціджений, із сіллю
169967;Броколі, після приготування, відварений, відціджений, без солі
169330;Броколі, флоуер клустерс, у сирому вигляді
168511;Броколі, заморожений, подрібнений, після приготування, відварений, відціджений, із сіллю
169969;Броколі, заморожений, подрібнений, після приготування, відварений, відціджений, без солі
169968;Броколі, заморожений, подрібнений, не приготовлений
168512;Броколі, заморожений, спірс, після приготування, відварений, відціджений, із сіллю
170380;Броколі, заморожений, спірс, після приготування, відварений, відціджений, без солі
169970;Броколі, заморожений, спірс, не приготовлений (Включає харчові продукти для USDA'с Харчовий продукт Розподіл Програма)
169329;Броколі, листя, у сирому вигляді
170379;Броколі, у сирому вигляді
169331;Броколі, сталкс, у сирому вигляді
168513;Брюссельська капуста, після приготування, відварений, відціджений, із сіллю
169971;Брюссельська капуста, після приготування, відварений, відціджений, без солі
169332;Брюссельська капуста, заморожений, після приготування, відварений, відціджений, із сіллю
169973;Брюссельська капуста, заморожений, після приготування, відварений, відціджений, без солі
169972;Брюссельська капуста, заморожений, не приготовлений
170383;Брюссельська капуста, у сирому вигляді
170286;Гречка
170687;Гречка борошно, цілий-гроат
170686;Гречка гроатс, запечений, після приготування
170685;Гречка гроатс, запечений, сухий
170287;Булгур, після приготування
170688;Булгур, сухий
169333;Корінь лопуха, після приготування, відварений, відціджений, із сіллю
170384;Корінь лопуха, після приготування, відварений, відціджений, без солі
169974;Корінь лопуха, у сирому вигляді
173336;Бурріто, квасоля і сир, заморожений
173335;Бурріто, яловичина і квасоля, заморожений
172102;Бурріто, яловичина і квасоля, приготований у мікрохвильовій печі
173412;Вершкове масло олія, анхидраус
169894;Вершкове масло реплакемент, без жир, порошок
171314;Вершкове масло, Кларіфід вершкове масло (гхі)
173581;Вершкове масло, легкий, паличка, із сіллю
172344;Вершкове масло, легкий, паличка, без солі
173410;Вершкове масло, солоний
173411;Вершкове масло, збитий, із сіллю
173430;Вершкове масло, без солі
170385;Підбіл японський, (фукі), у сирому вигляді
170387;Підбіл японський, консервований
169334;Підбіл японський, після приготування, відварений, відціджений, із сіллю
170386;Підбіл японський, після приготування, відварений, відціджений, без солі
174548;CAMPBELL'S CHUNKY, Класичний Курячий суп із локшиною
174552;CAMPBELL'S CHUNKY, Хірти Суп із яловичиною та ячменем
174556;CAMPBELL'S CHUNKY, Чаудер із молюсків по-новоанглійськи
172912;CAMPBELL'S CHUNKY, Традиційний Овочевий Яловичина Суп
171556;CAMPBELL'S, Курячий суп із локшиною, згущений
172901;CAMPBELL'S, Крем-суп із грибів Суп, згущений
174547;CAMPBELL'S, Помідор Суп, згущений
168517;Капуста, китайський (пак-чой), після приготування, відварений, відціджений, із сіллю
170391;Капуста, китайський (пак-чой), після приготування, відварений, відціджений, без солі
170390;Капуста, китайський (пак-чой), у сирому вигляді
169337;Капуста, китайський (пе-тсей), після приготування, відварений, відціджений, із сіллю
169980;Капуста, китайський (пе-тсей), після приготування, відварений, відціджений, без солі
169979;Капуста, китайський (пе-тсей), у сирому вигляді
169335;Капуста, звичайний (данський, місцевий, і пойнтед типи), свіжозібраний, у сирому вигляді
169336;Капуста, звичайний (данський, місцевий, і пойнтед типи), після зберігання, у сирому вигляді
168514;Капуста, звичайний, після приготування, відварений, відціджений, із сіллю
169976;Капуста, після приготування, відварений, відціджений, без солі
169890;Капуста, японський стиль, свіжий, маринований
170392;Капуста, кімчі
169891;Капуста, гірчиця, солоний
168572;Капуста, напа, після приготування
169975;Капуста, у сирому вигляді
168515;Капуста, червоний, після приготування, відварений, відціджений, із сіллю
169978;Капуста, червоний, після приготування, відварений, відціджений, без солі
169977;Капуста, червоний, у сирому вигляді
168516;Капуста, савой, після приготування, відварений, відціджений, із сіллю
170389;Капуста, савой, після приготування, відварений, відціджений, без солі
170388;Капуста, савой, у сирому вигляді
172694;Торт або кекс, ангелфуд, промислового приготування
172695;Торт або кекс, ангелфуд, суха суміш, приготований
172696;Торт або кекс, бостонський вершки пиріг, промислового приготування
172711;Торт або кекс, чісекаке, промислового приготування
172712;Торт або кекс, чісекаке, приготований з суміш, без-випікання тип
174933;Торт або кекс, вишня або черешня фадж з шоколад глазур
174934;Торт або кекс, шоколад, промислового приготування з шоколад глазур, у-магазинний бакери
172697;Торт або кекс, шоколад, приготований за рецептом без глазур
172699;Торт або кекс, коффікаке, сир
172700;Торт або кекс, коффікаке, кориця з крумб топінг, промислового приготування, збагачений
175052;Торт або кекс, коффікаке, кориця з крумб топінг, промислового приготування, незбагачений
174938;Торт або кекс, коффікаке, кориця з крумб топінг, суха суміш, приготований
174936;Торт або кекс, коффікаке, крем-з начинкою з шоколад глазур
174937;Торт або кекс, коффікаке, фрукти
174939;Торт або кекс, фруіткаке, промислового приготування
172701;Торт або кекс, гінгербрід, суха суміш
172702;Торт або кекс, гінгербрід, приготований за рецептом
172703;Торт або кекс, ананас упсіде-доун, приготований за рецептом
167937;Торт або кекс, паунд, Бімбо Бакеріс USA, Панкве Касеро, домашній печений стиль
172704;Торт або кекс, паунд, промислового приготування, вершкове масло (включає свіжий і заморожений)
173243;Торт або кекс, паунд, промислового приготування, знежирений
174940;Торт або кекс, паунд, промислового приготування, інші ніж усі вершкове масло, збагачений
175053;Торт або кекс, паунд, промислового приготування, інші ніж усі вершкове масло, незбагачений
174932;Торт або кекс, пудинг-тип, морква, суха суміш
174935;Торт або кекс, пудинг-тип, шоколад, суха суміш
172708;Торт або кекс, пудинг-тип, білий, збагачений, суха суміш
175054;Торт або кекс, пудинг-тип, білий, незбагачений, суха суміш
174946;Торт або кекс, пудинг-тип, жовтий, суха суміш
174941;Торт або кекс, шорткаке, американська булочка-тип, приготований за рецептом
174942;Торт або кекс, перекус торти або кекси, крем-з начинкою, шоколад з глазур’ю
174082;Торт або кекс, перекус торти або кекси, крем-з начинкою, шоколад з глазур’ю, з низьким вмістом жиру, з доданою клітковиною
174943;Торт або кекс, перекус торти або кекси, крем-з начинкою, спонге
171839;Торт або кекс, перекус торти або кекси, не шоколад, з глазур’ю або начинка, з низьким вмістом жиру, з доданою клітковиною
172706;Торт або кекс, спонге, промислового приготування
172707;Торт або кекс, спонге, приготований за рецептом
172705;Торт або кекс, білий, суха суміш, спекіал дітари (включає лимон-ароматизований)
172698;Торт або кекс, білий, приготований за рецептом з кокос глазур
172709;Торт або кекс, білий, приготований за рецептом без глазур
174944;Торт або кекс, жовтий, промислового приготування, з шоколад глазур, у-магазинний бакери
174945;Торт або кекс, жовтий, промислового приготування, з ванільний глазур
174947;Торт або кекс, жовтий, збагачений, суха суміш
173244;Торт або кекс, жовтий, легкий, суха суміш
172710;Торт або кекс, жовтий, приготований за рецептом без глазур
175055;Торт або кекс, жовтий, незбагачений, суха суміш
173634;Канада Гуска, лише м’ясо грудки, без шкіри, у сирому вигляді
168383;Канадіан бекон, після приготування, смажений на пательні
167869;Канадіан бекон, не приготовлений
167781;Кандід фрукти
167985;Цукерки, 5TH AVENUE Шоколадний батончик
167562;Цукерки, Мигдаль JOY Шоколадний батончик
167975;Цукерки, CARAMELLO Шоколадний батончик
168801;Цукерки, HEATH Шматочки
167979;Цукерки, HERSHEY'S Золотистий Мигдаль SOLITAIRES
169622;Цукерки, HERSHEY'S Молочний шоколад З Мигдаль Шматочки
169579;Цукерки, HERSHEY'S Для тушкування З GOLD Мигдаль Батончик
168757;Цукерки, HERSHEY'S SKOR Тоффі Батончик
169627;Цукерки, HERSHEY'S, Мигдаль JOY Шматочки
169629;Цукерки, HERSHEY, KIT KAT BIG KAT Батончик
169628;Цукерки, HERSHEY, REESESTICKS хрусткий вафлі, арахісова паста, молочний шоколад
170680;Цукерки, HERSHEYS, PAYDAY Батончик
167992;Цукерки, KIT KAT Вафля Батончик
167993;Цукерки, KRACKEL Шоколад Батончик
170676;Цукерки, М&М MARS 3 MUSKETEERS Труффле Хрусткий
170678;Цукерки, М&М MARS Претзел Шоколад Цукерки
168767;Цукерки, MARS SNACKFOOD US, 3 MUSKETEERS Батончик
169652;Цукерки, MARS SNACKFOOD US, COCOAVIA Чорниця або лохина і Мигдаль Шоколад Батончик
169651;Цукерки, MARS SNACKFOOD US, COCOAVIA Шоколад Батончик
170670;Цукерки, MARS SNACKFOOD US, COCOAVIA Вкритий шоколадом Мигдаль
169653;Цукерки, MARS SNACKFOOD US, COCOAVIA Хрусткий Шоколад Батончик
168805;Цукерки, MARS SNACKFOOD US, DOVE Чорний шоколад
168804;Цукерки, MARS SNACKFOOD US, DOVE Молочний шоколад
168108;Цукерки, MARS SNACKFOOD US, М&М’с Мигдаль Шоколад Цукерки
168814;Цукерки, MARS SNACKFOOD US, М&М’с Хрусткий Шоколад Цукерки
169591;Цукерки, MARS SNACKFOOD US, М&М’с Мініс Молочний шоколад Цукерки
169583;Цукерки, MARS SNACKFOOD US, М&М’с Молочний шоколад Цукерки
167689;Цукерки, MARS SNACKFOOD US, М&М’с Арахісова паста Шоколад Цукерки
169582;Цукерки, MARS SNACKFOOD US, М&М’с Арахіс Шоколад Цукерки
167994;Цукерки, MARS SNACKFOOD US, MARS Мигдаль Батончик
168756;Цукерки, MARS SNACKFOOD US, MILKY WAY Батончик
168806;Цукерки, MARS SNACKFOOD US, MILKY WAY Карамелс, молочний шоколад вкритий
168807;Цукерки, MARS SNACKFOOD US, MILKY WAY Карамелс. чорний шоколад вкритий
167701;Цукерки, MARS SNACKFOOD US, MILKY WAY Міднайт Батончик
169645;Цукерки, MARS SNACKFOOD US, POP'ABLES 3 MUSKETEERS Торгова марка Біте Розмір Цукерки
169644;Цукерки, MARS SNACKFOOD US, POP'ABLES MILKY WAY Торгова марка Біте Розмір Цукерки
169643;Цукерки, MARS SNACKFOOD US, POP'ABLES SNICKERS Торгова марка Біте Розмір Цукерки
168843;Цукерки, MARS SNACKFOOD US, SKITTLES Оригінальний Біте Розмір Цукерки
168842;Цукерки, MARS SNACKFOOD US, SKITTLES Саурс Оригінальний
169667;Цукерки, MARS SNACKFOOD US, SKITTLES Тропічний Біте Розмір Цукерки
168840;Цукерки, MARS SNACKFOOD US, SKITTLES Дикий Ягідний Біте Розмір Цукерки
168818;Цукерки, MARS SNACKFOOD US, SNICKERS Мигдаль батончик
169589;Цукерки, MARS SNACKFOOD US, SNICKERS Батончик
169663;Цукерки, MARS SNACKFOOD US, SNICKERS CRUNCHER
169639;Цукерки, MARS SNACKFOOD US, SNICKERS MUNCH батончик
169646;Цукерки, MARS SNACKFOOD US, STARBURST Фрукти Чевс, Фрукти і Крем
169590;Цукерки, MARS SNACKFOOD US, STARBURST Фрукти Чевс, Оригінальний фруітс
168823;Цукерки, MARS SNACKFOOD US, STARBURST Фрукти Чевс, Тропічний фруітс
169647;Цукерки, MARS SNACKFOOD US, STARBURST Кислий Фрукти Чевс
168768;Цукерки, MARS SNACKFOOD US, TWIX Карамель Печиво Батончики
168769;Цукерки, MARS SNACKFOOD US, TWIX Арахісова паста Печиво Батончики
168102;Цукерки, MARS SNACKFOOD US, TWIX шоколад фадж печиво батончики
168759;Цукерки, MOUNDS Шоколадний батончик
168760;Цукерки, MR. GOODBAR Шоколад Батончик
168761;Цукерки, NESTLE, 100 GRAND Батончик
168766;Цукерки, NESTLE, AFTER EIGHT Мінтс
167582;Цукерки, NESTLE, Молодий або малий RUTH Батончик
167564;Цукерки, NESTLE, BIT-О'-Мед Цукерка Чевс
167565;Цукерки, NESTLE, BUTTERFINGER Батончик
170278;Цукерки, NESTLE, BUTTERFINGER Хрусткий
167586;Цукерки, NESTLE, Із великими шматочками Батончик
168762;Цукерки, NESTLE, Хрусткий Батончик і Десерт Топінг
167581;Цукерки, NESTLE, GOOBERS Вкритий шоколадом Арахіс
167997;Цукерки, NESTLE, OH HENRY! Батончик
169587;Цукерки, NESTLE, RAISINETS Вкритий шоколадом Родзинки
169623;Цукерки, REESE'S Шматочки
169624;Цукерки, REESE'S NUTRAGEOUS Шоколадний батончик
168764;Цукерки, REESE'S Шматочки Цукерка
168763;Цукерки, REESE'S Арахісова паста Купс
169630;Цукерки, REESE'S, Швидкий BREAK, молочний шоколад арахісова паста і м’який наугатс
170669;Цукерки, Рісе’с Швидкий Брік, молочний шоколад, арахісова паста, м’який наугатс, шоколадний батончик
168765;Цукерки, ROLO Карамелс у Молочний шоколад
169592;Цукерки, SPECIAL Чорний шоколад Батончик
167984;Цукерки, SYMPHONY Молочний шоколад Батончик
167947;Цукерки, TOBLERONE, молочний шоколад з медом і мигдаль наугат
167971;Цукерки, TOOTSIE Булочка, шоколад-смак булочка
167563;Цукерки, TWIZZLERS Вишня або черешня Шматочки
167983;Цукерки, TWIZZLERS NIBS Вишня або черешня BITS
167583;Цукерки, TWIZZLERS Полуниця Твістс Цукерка
170281;Цукерки, Тамарінд
168770;Цукерки, WHATCHAMACALLIT Шоколадний батончик
168776;Цукерки, YORK Шматочки
167982;Цукерки, YORK Пеппермінт Патті
167972;Цукерки, буттерскоч
167974;Цукерки, карамелс
167566;Цукерки, карамелс, шоколад-смак булочка
167973;Цукерки, кароб, без підсолоджувачів
169059;Цукерки, вкритий шоколадом, карамель з горіхами
169881;Цукерки, вкритий шоколадом, низький цукор або низькокалорійний
170274;"Цукерки, шоколад, темний, Не уточнено (45-59% какао тверда частина 90%; 60-69% какао тверда частина 5%; 70-85% какао тверда частина 5%)"
170282;Цукерки, кокос батончик, не вкритий шоколадом
167980;Цукерки, конфекшнер’с покриття, буттерскоч
167570;Цукерки, конфекшнер’с покриття, арахісова паста
167569;Цукерки, конфекшнер’с покриття, йогурт
170275;Цукерки, хрусткий батончик з арахісова паста начинка
169634;Цукерки, чорний шоколад у покритті кава квасоля
168846;Цукерки, дівініти, приготований за рецептом
167986;Цукерки, фондант, приготований за рецептом
170279;Цукерки, фрукти снеки, з високий вітамін К
169669;Цукерки, фадж, шоколад маршмелоу, приготований за рецептом
168817;Цукерки, фадж, шоколад маршмелоу, з горіхами, приготований-за-рецепт
167987;Цукерки, фадж, шоколад, приготований за рецептом
167988;Цукерки, фадж, шоколад, з горіхами, приготований за рецептом
167578;Цукерки, фадж, арахісова паста, приготований за рецептом
167580;Цукерки, фадж, ванільний з горіхами
167579;Цукерки, фадж, ванільний, приготований за рецептом
169061;Цукерки, гум дропс, без цукор або низькокалорійний (сорбітол)
167989;Цукерки, гумдропс, крохмаль джелли шматочки
167996;Цукерки, халавах, без добавок
167990;Цукерки, твердий
169880;Цукерки, твердий, дітетік або низькокалорійний (сорбітол)
167546;Цукерки, мед-комбед, з арахісова паста
167991;Цукерки, джеллибінс
167995;Цукерки, маршмаллоус
167587;Цукерки, молочний шоколад
169637;Цукерки, молочний шоколад у покритті кава квасоля
168001;Цукерки, молочний шоколад у покритті арахіс
169576;Цукерки, молочний шоколад у покритті родзинки
168754;Цукерки, молочний шоколад, з мигдаль
168755;Цукерки, молочний шоколад, з рисом каша або зерновий продукт
169060;Цукерки, наугат, з мигдаль
169585;Цукерки, арахіс батончик
169586;Цукерки, арахіс бріттле, приготований за рецептом
168791;Цукерки, праліне, приготований за рецептом
167976;Цукерки, напівсолодкий шоколад
169690;Цукерки, напівсолодкий шоколад, виготовлений із вершкове масло
169588;Цукерки, кунжут хрусткий
170658;Цукерки, м’який фрукти і горіх квадратики
170656;Цукерки, цукор-у покритті мигдаль
167977;Цукерки, солодкий шоколад
167978;Цукерки, солодкий шоколад у покритті фондант
169670;Цукерки, таффи, приготований за рецептом
169671;Цукерки, тоффі, приготований за рецептом
169580;Цукерки, труффлес, приготований за рецептом
167571;Цукерки, білий шоколад
172238;Каперс, консервований
171715;Карамбола, (карамбола), у сирому вигляді
171921;Газований напій, шоколад-ароматизований газований напій
173199;Газований напій, вершки газований напій
175113;Газований напій, низькокалорійний, інші ніж кола або перець, з натрій сахарин, без кофеїн
169338;Кардон, після приготування, відварений, відціджений, із сіллю
169982;Кардон, після приготування, відварений, відціджений, без солі
169981;Кардон, у сирому вигляді
173952;Карісса, (натал-слива), у сирому вигляді
173755;Кароб борошно
170491;Морква сік, консервований
170500;Морква, зневоднений
168568;Морква, молодий або малий, у сирому вигляді
168518;Морква, консервований, без додавання солі, відціджена тверда частина
169340;Морква, консервований, без додавання солі, тверда частина та рідина
170396;Морква, консервований, стандартне консервування, відціджена тверда частина
170395;Морква, консервований, стандартне консервування, тверда частина та рідина
169339;Морква, після приготування, відварений, відціджений, із сіллю
170394;Морква, після приготування, відварений, відціджений, без солі
168519;Морква, заморожений, після приготування, відварений, відціджений, із сіллю
169984;Морква, заморожений, після приготування, відварений, відціджений, без солі
169983;Морква, заморожений, не приготовлений (Включає харчові продукти для USDA'с Харчовий продукт Розподіл Програма)
170393;Морква, у сирому вигляді
169985;Маніок, у сирому вигляді
168556;Катсуп
169381;Катсуп, зі зниженим вмістом натрію
168520;Цвітна капуста, після приготування, відварений, відціджений, із сіллю
170397;Цвітна капуста, після приготування, відварений, відціджений, без солі
168521;Цвітна капуста, заморожений, після приготування, відварений, відціджений, із сіллю
170399;Цвітна капуста, заморожений, після приготування, відварений, відціджений, без солі
170398;Цвітна капуста, заморожений, не приготовлений
169390;Цвітна капуста, зелений, після приготування, без додавання солі
169391;Цвітна капуста, зелений, після приготування, із сіллю
169389;Цвітна капуста, зелений, у сирому вигляді
169986;Цвітна капуста, у сирому вигляді
169341;Коренева селера, після приготування, відварений, відціджений, із сіллю
169987;Коренева селера, після приготування, відварений, відціджений, без солі
170400;Коренева селера, у сирому вигляді
169342;Селера, після приготування, відварений, відціджений, із сіллю
169989;Селера, після приготування, відварений, відціджений, без солі
169988;Селера, у сирому вигляді
169990;Келтуке, у сирому вигляді
169075;Готові сухі сніданки, ALPEN
173018;Готові сухі сніданки, BARBARA'S PUFFINS, оригінальний
169076;Готові сухі сніданки, FAMILIA
173884;Готові сухі сніданки, GENERAL MILLS, CHEERIOS
172981;Готові сухі сніданки, HEALTH VALLEY, Клітковина 7 Пластівці
174645;Готові сухі сніданки, MALT-O-MEAL, Яблуко ZINGS
172982;Готові сухі сніданки, MALT-O-MEAL, Ягідний COLOSSAL Хрусткий
172997;Готові сухі сніданки, MALT-O-MEAL, Чорниця або лохина MUFFIN TOPS Каша або зерновий продукт
174664;Готові сухі сніданки, MALT-O-MEAL, Шоколад Маршмелоу MATEYS
174646;Готові сухі сніданки, MALT-O-MEAL, Кориця TOASTERS
174619;Готові сухі сніданки, MALT-O-MEAL, COCO-ROOS
174631;Готові сухі сніданки, MALT-O-MEAL, COLOSSAL Хрусткий
173895;Готові сухі сніданки, MALT-O-MEAL, Кукурудза BURSTS
174647;Готові сухі сніданки, MALT-O-MEAL, Какао DYNO-Шматочки
172983;Готові сухі сніданки, MALT-O-MEAL, Хрусткий Рис
172990;Готові сухі сніданки, MALT-O-MEAL, FROSTED FLAKES
173000;Готові сухі сніданки, MALT-O-MEAL, У глазурі Міні SPOONERS
173001;Готові сухі сніданки, MALT-O-MEAL, Фруіти DYNO-Шматочки
174643;Готові сухі сніданки, MALT-O-MEAL, Золотистий Повітряні снеки
172995;Готові сухі сніданки, MALT-O-MEAL, Мед Із борошна Ґрема Квадратики
174642;Готові сухі сніданки, MALT-O-MEAL, Мед BUZZERS
171681;Готові сухі сніданки, MALT-O-MEAL, Мед Горіх SCOOTERS
173909;Готові сухі сніданки, MALT-O-MEAL, Маршмелоу MATEYS
171679;Готові сухі сніданки, MALT-O-MEAL, Овес BLENDERS з медом
171680;Готові сухі сніданки, MALT-O-MEAL, Овес BLENDERS з медом & мигдаль
172996;Готові сухі сніданки, MALT-O-MEAL, RAISIN BRAN Каша або зерновий продукт
172984;Готові сухі сніданки, MALT-O-MEAL, TOOTIE FRUITIES
174644;Готові сухі сніданки, MOM'S BEST, Мед Горіх TOASTY O'S
173927;Готові сухі сніданки, MOM'S BEST, Підсолоджений Пшениця-FULS
173017;Готові сухі сніданки, NATURE'S PATH, Органічний Льон Плюс пластівці
174654;Готові сухі сніданки, NATURE'S PATH, Органічний Льон Плюс, Гарбуз Гранола
167725;Готові сухі сніданки, Овес Висівки Пластівці, HEALTH VALLEY
173888;Готові сухі сніданки, POST Висівки Пластівці
169870;Готові сухі сніданки, POST GREAT GRAINS Банан Горіх Хрусткий
173005;Готові сухі сніданки, POST GREAT GRAINS Журавлина Мигдаль Хрусткий
173020;Готові сухі сніданки, POST HONEY BUNCHES OF OATS з корицею бунчес
171650;Готові сухі сніданки, POST RAISIN BRAN Каша або зерновий продукт
173919;Готові сухі сніданки, POST SELECTS Чорниця або лохина Морнінг
174653;Готові сухі сніданки, POST SELECTS Кленовий Пекан Хрусткий
171641;Готові сухі сніданки, POST, ALPHA-BITS
173885;Готові сухі сніданки, POST, Какао PEBBLES
171645;Готові сухі сніданки, POST, FRUITY PEBBLES
171652;Готові сухі сніданки, POST, Золотистий Хрусткий
171647;Готові сухі сніданки, POST, GRAPE-NUTS Каша або зерновий продукт
171648;Готові сухі сніданки, POST, GRAPE-NUTS Пластівці
169862;Готові сухі сніданки, POST, GREAT GRAINS Хрусткий Пекан Каша або зерновий продукт
169041;Готові сухі сніданки, POST, GREAT GRAINS, Родзинки, Фінік & Пекан
173015;Готові сухі сніданки, POST, HONEY BUNCHES OF OATS з ванільний бунчес
168138;Готові сухі сніданки, POST, HONEY BUNCHES OF OATS, мед запечений
174663;Готові сухі сніданки, POST, HONEY BUNCHES OF OATS, пекан бунчес
169859;Готові сухі сніданки, POST, HONEY BUNCHES OF OATS, з мигдаль
173019;Готові сухі сніданки, POST, HONEY BUNCHES OF OATS, з справжній полуниця
173894;Готові сухі сніданки, POST, Мед Горіх Натертий або нашаткований Пшениця
173889;Готові сухі сніданки, POST, Хонікомб Каша або зерновий продукт
167715;Готові сухі сніданки, POST, Натертий або нашаткований Пшениця н' Висівки, спун-розмір
173918;Готові сухі сніданки, POST, Натертий або нашаткований Пшениця, лайтли у глазурі, спун-розмір
173910;Готові сухі сніданки, POST, Натертий або нашаткований Пшениця, оригінальний біг американська булочка
173911;Готові сухі сніданки, POST, Натертий або нашаткований Пшениця, оригінальний спун-розмір
174628;Готові сухі сніданки, POST, Вафля Хрусткий
173014;Готові сухі сніданки, QUAKER Вівсяна каша Квадратики, Золотистий Кленовий
173921;Готові сухі сніданки, QUAKER Цілий HEARTS овес каша або зерновий продукт
173892;Готові сухі сніданки, QUAKER, 100% Натуральний Гранола, Овес, Пшениця і Мед
171642;Готові сухі сніданки, QUAKER, CAP'N Хрусткий
171643;Готові сухі сніданки, QUAKER, CAP'N Хрусткий з CRUNCHBERRIES
174657;Готові сухі сніданки, QUAKER, CAP'N CRUNCH'S Халлоуін Хрусткий
171644;Готові сухі сніданки, QUAKER, CAP'N CRUNCH'S Арахісова паста Хрусткий
173013;Готові сухі сніданки, QUAKER, Кап’н Крунч’с OOPS! Усі Берріс Каша або зерновий продукт
174652;Готові сухі сніданки, QUAKER, Чрістмас Хрусткий
174621;Готові сухі сніданки, QUAKER, Мед Із борошна Ґрема OH!С
173890;Готові сухі сніданки, QUAKER, KING VITAMAN
172976;Готові сухі сніданки, QUAKER, З низьким вмістом жиру 100% Натуральний Гранола з родзинками
174634;Готові сухі сніданки, QUAKER, MOTHER'S Какао BUMPERS
174632;Готові сухі сніданки, QUAKER, MOTHER'S Кориця Овес Хрусткий
174633;Готові сухі сніданки, QUAKER, MOTHER'S Із борошна Ґрема BUMPERS
172985;Готові сухі сніданки, QUAKER, MOTHER'S Арахісова паста BUMPERS Каша або зерновий продукт
172986;Готові сухі сніданки, QUAKER, MOTHER'S Підсмажений Овес Висівки каша або зерновий продукт
174659;Готові сухі сніданки, QUAKER, Кленовий Коричневий цукор LIFE Каша або зерновий продукт
174658;Готові сухі сніданки, QUAKER, Натуральний Гранола Яблуко Журавлина Мигдаль
174622;Готові сухі сніданки, QUAKER, Вівсяна каша Квадратики
174623;Готові сухі сніданки, QUAKER, Вівсяна каша Квадратики, кориця
172975;Готові сухі сніданки, QUAKER, QUAKER 100% Натуральний Гранола з Овес, Пшениця, Мед, і Родзинки
173886;Готові сухі сніданки, QUAKER, QUAKER Хрусткий Висівки
173007;Готові сухі сніданки, QUAKER, QUAKER Мед Із борошна Ґрема LIFE Каша або зерновий продукт
174620;Готові сухі сніданки, QUAKER, QUAKER Овес Кориця LIFE
173891;Готові сухі сніданки, QUAKER, QUAKER Овес LIFE, без добавок
171651;Готові сухі сніданки, QUAKER, QUAKER Пуффед Рис
171669;Готові сухі сніданки, QUAKER, QUAKER Пуффед Пшениця
171649;Готові сухі сніданки, QUAKER, Солодкий Хрусткий/QUISP
172987;Готові сухі сніданки, QUAKER, Натертий або нашаткований Пшениця, баггед каша або зерновий продукт
172974;Готові сухі сніданки, QUAKER, Підсмажений Багатозерновий Кріспс
173887;Готові сухі сніданки, RALSTON Хрусткий Рис
173003;Готові сухі сніданки, RALSTON Кукурудза Бісквіти або американські булочки
174648;Готові сухі сніданки, RALSTON Кукурудза Пластівці
174649;Готові сухі сніданки, RALSTON Хрусткий Хексагонс
173002;Готові сухі сніданки, RALSTON Збагачений Пшениця Висівки пластівці
173893;Готові сухі сніданки, RALSTON TASTEEOS
171653;Готові сухі сніданки, SUN Сільський, KRETSCHMER Мед Хрусткий Пшениця Зародки зерна
174635;Готові сухі сніданки, SUN Сільський, KRETSCHMER Підсмажений Пшениця Висівки
172988;Готові сухі сніданки, SUN Сільський, KRETSCHMER Пшениця Зародки зерна, Звичайний
174639;Готові сухі сніданки, UNCLE SAM Каша або зерновий продукт
169040;Готові сухі сніданки, WEETABIX цілий зерно каша або зерновий продукт
172973;Готові сухі сніданки, шоколад-ароматизований у глазурі пуффед кукурудза
169039;Готові сухі сніданки, у глазурі овес каша або зерновий продукт з маршмаллоус
171646;Готові сухі сніданки, гранола, домашній
173912;Готові сухі сніданки, рис, пуффед, збагачений
169077;Готові сухі сніданки, пшениця і висівки, пресвітенед з горіхами і фруітс
173896;Готові сухі сніданки, пшениця зародки зерна, підсмажений, без добавок
173913;Готові сухі сніданки, пшениця, пуффед, збагачений
173914;Каші та зернові продукти, Вершки З Рис, після приготування з вода, із сіллю
173900;Каші та зернові продукти, Вершки З Рис, сухий
173012;Каші та зернові продукти, CREAM OF WHEAT, 1 хвилинний кук тіме, після приготування з вода, приготований у мікрохвильовій печі, без солі
173011;Каші та зернові продукти, CREAM OF WHEAT, 1 хвилинний кук тіме, після приготування з вода, стове-верхній, без солі
173010;Каші та зернові продукти, CREAM OF WHEAT, 1 хвилинний кук тіме, сухий
173009;Каші та зернові продукти, CREAM OF WHEAT, 2 1/2 хвилинний кук тіме, після приготування з вода, приготований у мікрохвильовій печі, без солі
173008;Каші та зернові продукти, CREAM OF WHEAT, 2 1/2 хвилинний кук тіме, після приготування з вода, стове-верхній, без солі
174655;Каші та зернові продукти, CREAM OF WHEAT, 2 1/2 хвилинний кук тіме, сухий
171660;Каші та зернові продукти, CREAM OF WHEAT, розчинний, сухий
173902;Каші та зернові продукти, CREAM OF WHEAT, розчинний, приготований з водою, без солі
173915;Каші та зернові продукти, CREAM OF WHEAT, звичайний (10 хвилинний), після приготування з вода, із сіллю
171657;Каші та зернові продукти, CREAM OF WHEAT, звичайний (10 хвилинний), після приготування з вода, без солі
173901;Каші та зернові продукти, CREAM OF WHEAT, звичайний, 10 хвилинний кукінг, сухий
172998;Каші та зернові продукти, MALT-O-MEAL, Фаріна Гострий Пшениця Каша або зерновий продукт, сухий
172999;Каші та зернові продукти, MALT-O-MEAL, Кленовий & Коричневий цукор Гострий Пшениця Каша або зерновий продукт, сухий
171674;Каші та зернові продукти, MALT-O-MEAL, шоколад, сухий
173004;Каші та зернові продукти, MALT-O-MEAL, шоколад, приготований з водою, без солі
173903;Каші та зернові продукти, MALT-O-MEAL, оригінальний, без добавок, сухий
174651;Каші та зернові продукти, MALT-O-MEAL, оригінальний, без добавок, приготований з водою, без солі
172978;Каші та зернові продукти, Овес Висівки, QUAKER, QUAKER/MOTHER'S Овес Висівки, приготований з водою, сіль
172993;Каші та зернові продукти, QUAKER, Розчинний Кукурудзяна каша грубого помелу Продукт з Американський Сир Смак, сухий
172977;Каші та зернові продукти, QUAKER, Розчинний Кукурудзяна каша грубого помелу, Вершкове масло смак, сухий
173899;Каші та зернові продукти, QUAKER, Розчинний Кукурудзяна каша грубого помелу, Сільський Бекон смак, сухий
172994;Каші та зернові продукти, QUAKER, Розчинний Кукурудзяна каша грубого помелу, Шинка 'н' Сир смак, сухий
172992;Каші та зернові продукти, QUAKER, Розчинний Кукурудзяна каша грубого помелу, Редіе Підлива & Сільський Шинка смак, сухий
174660;Каші та зернові продукти, QUAKER, Розчинний Вівсяна каша Органічний, Звичайний
174662;Каші та зернові продукти, QUAKER, Розчинний Вівсяна каша, Яблуко і Кориця, зі зниженим вмістом цукру
174638;Каші та зернові продукти, QUAKER, Розчинний Вівсяна каша, Банан Хліб, сухий
173016;Каші та зернові продукти, QUAKER, Розчинний Вівсяна каша, Кориця Спеція, зі зниженим вмістом цукру
171682;Каші та зернові продукти, QUAKER, Розчинний Вівсяна каша, Кориця Свірл, високий клітковина
174636;Каші та зернові продукти, QUAKER, Розчинний Вівсяна каша, Кориця-Спеція, сухий
174637;Каші та зернові продукти, QUAKER, Розчинний Вівсяна каша, DINOSAUR Яйця, Коричневий цукор, сухий
172991;Каші та зернові продукти, QUAKER, Розчинний Вівсяна каша, Родзинки і Спеція, сухий
171663;Каші та зернові продукти, QUAKER, Розчинний Вівсяна каша, яблука і кориця, сухий
174624;Каші та зернові продукти, QUAKER, Розчинний Вівсяна каша, фрукти і вершки варіти, сухий
174661;Каші та зернові продукти, QUAKER, Розчинний Вівсяна каша, фрукти і вершки, варіти з смаки, зі зниженим вмістом цукру
173907;Каші та зернові продукти, QUAKER, Розчинний Вівсяна каша, кленовий і коричневий цукор, сухий
174625;Каші та зернові продукти, QUAKER, Розчинний Вівсяна каша, родзинки, фініки і волоські горіхи, сухий
173926;Каші та зернові продукти, QUAKER, Розчинний Вівсяна каша, веайт контрол, кориця
174626;Каші та зернові продукти, QUAKER, Овес Висівки, QUAKER/MOTHER'S Овес Висівки, сухий
174627;Каші та зернові продукти, QUAKER, Овес Висівки, QUAKER/MOTHER'S Овес Висівки, приготований з водою, без сіль
172972;Каші та зернові продукти, QUAKER, QUAKER Багатозерновий Вівсяна каша, сухий
172979;Каші та зернові продукти, QUAKER, QUAKER Багатозерновий Вівсяна каша, приготований з водою, без сіль
172980;Каші та зернові продукти, QUAKER, QUAKER Багатозерновий Вівсяна каша, приготований з водою, сіль
174640;Каші та зернові продукти, QUAKER, Швидкого приготування Овес із залізом, Сухий
172989;Каші та зернові продукти, QUAKER, Швидкого приготування Овес, Сухий
173923;Каші та зернові продукти, QUAKER, Веайт Контрол Розчинний Вівсяна каша, банан хліб
173922;Каші та зернові продукти, QUAKER, Веайт Контрол Розчинний Вівсяна каша, кленовий і коричневий цукор
174641;Каші та зернові продукти, QUAKER, Цільнозерновий пшеничний Натуральний Каша або зерновий продукт, сухий
173898;Каші та зернові продукти, QUAKER, кукурудза кукурудзяна каша грубого помелу, розчинний, чедер сир смак, сухий
171656;Каші та зернові продукти, QUAKER, кукурудза кукурудзяна каша грубого помелу, розчинний, без добавок, сухий
173897;Каші та зернові продукти, QUAKER, кукурудза кукурудзяна каша грубого помелу, розчинний, без добавок, приготований (приготований у мікрохвильовій печі або бойлінг вода доданий), без солі
174629;Каші та зернові продукти, QUAKER, хоміни кукурудзяна каша грубого помелу, білий, швидкого приготування, сухий
174630;Каші та зернові продукти, QUAKER, хоміни кукурудзяна каша грубого помелу, білий, звичайний, сухий
171684;Каші та зернові продукти, QUAKER, вівсяна каша, Справжній MEDLEYS, яблуко валнут, сухий
171683;Каші та зернові продукти, QUAKER, вівсяна каша, Справжній MEDLEYS, чорниця або лохина хазелнут, сухий
173925;Каші та зернові продукти, QUAKER, вівсяна каша, Справжній MEDLEYS, вишня або черешня пістачіо, сухий
173924;Каші та зернові продукти, QUAKER, вівсяна каша, Справжній MEDLEYS, персик мигдаль, сухий
171685;Каші та зернові продукти, QUAKER, вівсяна каша, Справжній MEDLEYS, літній ягідний, сухий
171666;Каші та зернові продукти, WHEATENA, після приготування з вода
171676;Каші та зернові продукти, WHEATENA, після приготування з вода, із сіллю
171665;Каші та зернові продукти, WHEATENA, сухий
171671;Каші та зернові продукти, кукурудза кукурудзяна каша грубого помелу, білий, звичайний і швидкого приготування, збагачений, після приготування з вода, із сіллю
171655;Каші та зернові продукти, кукурудза кукурудзяна каша грубого помелу, білий, звичайний і швидкого приготування, збагачений, після приготування з вода, без солі
171654;Каші та зернові продукти, кукурудза кукурудзяна каша грубого помелу, білий, звичайний і швидкого приготування, збагачений, сухий
171672;Каші та зернові продукти, кукурудза кукурудзяна каша грубого помелу, жовтий, звичайний і швидкого приготування, збагачений, після приготування з вода, без солі
171670;Каші та зернові продукти, кукурудза кукурудзяна каша грубого помелу, жовтий, звичайний і швидкого приготування, незбагачений, сухий
171673;Каші та зернові продукти, кукурудза кукурудзяна каша грубого помелу, жовтий, звичайний, швидкого приготування, збагачений, після приготування з вода, із сіллю
171659;Каші та зернові продукти, фаріна, збагачений, ассортед брандс інклудінг CREAM OF WHEAT, швидкого приготування (1-3 мінутес), після приготування з вода, без солі
171658;Каші та зернові продукти, фаріна, збагачений, ассортед брандс інклудінг CREAM OF WHEAT, швидкого приготування (1-3 мінутес), сухий
173917;Каші та зернові продукти, фаріна, збагачений, після приготування з вода, із сіллю
173916;Каші та зернові продукти, фаріна, незбагачений, сухий
173920;Каші та зернові продукти, овес, розчинний, збагачений, кленовий і коричневий цукор, сухий
171661;Каші та зернові продукти, овес, розчинний, збагачений, без добавок, сухий
171662;Каші та зернові продукти, овес, розчинний, збагачений, без добавок, приготований з водою (бойлінг вода доданий або приготований у мікрохвильовій печі)
171664;Каші та зернові продукти, овес, розчинний, збагачений, з корицею і спеція, сухий
173906;Каші та зернові продукти, овес, розчинний, збагачений, з корицею і спеція, приготований з водою
173908;Каші та зернові продукти, овес, розчинний, збагачений, з родзинками і спеція, приготований з водою
171675;Каші та зернові продукти, овес, звичайний і швидкого приготування і розчинний, незбагачений, після приготування з вода (включає бойлінг і мікроуавінг), із сіллю
173904;Каші та зернові продукти, овес, звичайний і швидкого приготування, не збагачений, сухий
173905;Каші та зернові продукти, овес, звичайний і швидкого приготування, незбагачений, після приготування з вода (включає бойлінг і мікроуавінг), без солі
171678;Каші та зернові продукти, готовий до споживання, MALT-O-MEAL, Чорниця або лохина Міні SPOONERS
171677;Каші та зернові продукти, цільнозерновий пшеничний гострий натуральний каша або зерновий продукт, після приготування з вода, із сіллю
171668;Каші та зернові продукти, цільнозерновий пшеничний гострий натуральний каша або зерновий продукт, після приготування з вода, без солі
171667;Каші та зернові продукти, цільнозерновий пшеничний гострий натуральний каша або зерновий продукт, сухий
169343;Мангольд, швейцарський сир, після приготування, відварений, відціджений, із сіллю
170401;Мангольд, швейцарський сир, після приготування, відварений, відціджений, без солі
169991;Мангольд, швейцарський сир, у сирому вигляді
169344;Чайот, фрукти, після приготування, відварений, відціджений, із сіллю
170403;Чайот, фрукти, після приготування, відварений, відціджений, без солі
170402;Чайот, фрукти, у сирому вигляді
170856;Плавлений сирний продукт, колд пакування, Американський
171252;Плавлений сирний продукт, пастеризований плавлений, Американський, збагачений вітаміном Д
171291;Плавлений сирний продукт, пастеризований плавлений, Американський, без доданий вітамін Д
171253;Плавлений сирний продукт, пастеризований плавлений, швейцарський сир
173455;Сир продукт, пастеризований плавлений, Американський, зі зниженим вмістом жиру, збагачений вітаміном Д
171289;Сир продукт, пастеризований плавлений, Американський, збагачений вітаміном Д
168860;Сир повітряні снеки і твістс, на кукурудзяній основі, печений, з низьким вмістом жиру
172200;Сир соус, приготований за рецептом
170896;Сирна паста, Американський або Чедер сир основа, зі зниженим вмістом жиру
169081;Сирна паста, вершковий сир основа
171254;Сирна паста, пастеризований плавлений, Американський
172198;Сир замінник, моцарела
170863;Сир, Американський, знежирений або знежирений
171288;Сир, Мексиканський суміш
172216;Сир, Мексиканський, суміш, зі зниженим вмістом жиру
170897;Сир, Швейцарський сир, знежирений або знежирений
169901;Сир, американський чедер, імітація
172175;Сир, блакитний
172176;Сир, брік
172177;Сир, брі
172178;Сир, камамбер
173413;Сир, кароей
173414;Сир, чедер (Включає харчові продукти для USDA'с Харчовий продукт Розподіл Програма)
171295;Сир, чедер, знежирений або знежирений
171292;Сир, чедер, зі зниженим вмістом жиру (Включає харчові продукти для USDA'с Харчовий продукт Розподіл Програма)
170899;Сир, чедер, шарп, нарізаний скибками
173415;Сир, чешіре
173416;Сир, колбі
172179;Сир, кисломолочний, крімед, великий або малий курд
172180;Сир, кисломолочний, крімед, із фруктами
173417;Сир, кисломолочний, з низьким вмістом жиру, 1% молочний жир
167703;Сир, кисломолочний, з низьким вмістом жиру, 1% молочний жир, лактосе знижений
168114;Сир, кисломолочний, з низьким вмістом жиру, 1% молочний жир, без натрій доданий
167716;Сир, кисломолочний, з низьким вмістом жиру, 1% молочний жир, з овочами
172182;Сир, кисломолочний, з низьким вмістом жиру, 2% молочний жир
172181;Сир, кисломолочний, знежирений, ункрімед, сухий, великий або малий курд
169078;Сир, кисломолочний, з овочами
173418;Сир, вершки
172207;Сир, вершки, знежирений
169079;Сир, вершки, з низьким вмістом жиру
172222;Сир, сухий білий, кесо секо
173419;Сир, едам
173420;Сир, фета
170843;Сир, фонтіна
172223;Сир, свіжий, кесо фреско
171240;Сир, гджетост
172197;Сир, козлятина, твердого типу
173433;Сир, козлятина, семісофт тип
173435;Сир, козлятина, м’якого типу
171241;Сир, гауда
171242;Сир, грюєр
171243;Сир, лімбургер
173439;Сир, з низьким вмістом жиру, чедер або колбі
173440;Сир, зі зниженим вмістом натрію, чедер або колбі
172201;Сир, мексиканський, кесо анеджо
173437;Сир, мексиканський, кесо асадеро
173438;Сир, мексиканський, кесо чіхуахуа
170898;Сир, мексиканський, кесо котіджа
170844;Сир, монтерей
168098;Сир, монтерей, з низьким вмістом жиру
171244;Сир, моцарела, з низьким вмістом вологи, із частково знежиреного молока
170900;Сир, моцарела, з низьким вмістом вологи, із частково знежиреного молока, натертий або нашаткований
167735;Сир, моцарела, зі зниженим вмістом натрію
169051;Сир, моцарела, знежирений
170847;Сир, моцарела, парт зі знежиреного молока
170845;Сир, моцарела, із незбираного молока
170846;Сир, моцарела, із незбираного молока, з низьким вмістом вологи
171245;Сир, мюнстер
169050;Сир, мюнстер, з низьким вмістом жиру
171246;Сир, нефшатель
173452;Сир, пармезан, сухий тертий, зі зниженим вмістом жиру
171247;Сир, пармезан, тертий
170848;Сир, пармезан, твердий
167705;Сир, пармезан, зі зниженим вмістом натрію
173431;Сир, пармезан, натертий або нашаткований
170853;Сир, пастеризований плавлений, Американський, збагачений вітаміном Д
169080;Сир, пастеризований плавлений, Американський, з низьким вмістом жиру
171290;Сир, пастеризований плавлений, Американський, без доданий вітамін Д
168121;Сир, пастеризований плавлений, чедер або Американський, зі зниженим вмістом натрію
170854;Сир, пастеризований плавлений, піменто
170855;Сир, пастеризований плавлений, швейцарський сир
170849;Сир, Port де салут
170850;Сир, проволоне
172215;Сир, проволоне, зі зниженим вмістом жиру
171248;Сир, рикота, парт зі знежиреного молока
170851;Сир, рикота, із незбираного молока
171249;Сир, романо
171250;Сир, рокфор
171251;Сир, швейцарський сир
168141;Сир, швейцарський сир, з низьким вмістом жиру
168124;Сир, швейцарський сир, зі зниженим вмістом натрію
170852;Сир, тілсіт
172224;Сир, білий, кесо бланко
171623;Чісефуртер, сир смокі, свинина, яловичина
173953;Черимоя, у сирому вигляді
167769;Вишні або черешні, кислий, консервований, у воді, відціджений
171717;Вишні або черешні, кислий, червоний, консервований, додатковий у густому сиропі, тверда частина та рідина
171716;Вишні або черешні, кислий, червоний, консервований, у густому сиропі, тверда частина та рідина
173956;Вишні або черешні, кислий, червоний, консервований, у легкому сиропі, тверда частина та рідина
173955;Вишні або черешні, кислий, червоний, консервований, у воді, тверда частина та рідина
171718;Вишні або черешні, кислий, червоний, заморожений, без підсолоджувачів (Включає харчові продукти для USDA'с Харчовий продукт Розподіл Програма)
173954;Вишні або черешні, кислий, червоний, у сирому вигляді
171720;Вишні або черешні, солодкий, консервований, додатковий у густому сиропі, тверда частина та рідина
173958;Вишні або черешні, солодкий, консервований, у фруктовому соку, тверда частина та рідина
173959;Вишні або черешні, солодкий, консервований, у легкому сиропі, тверда частина та рідина
173960;Вишні або черешні, солодкий, консервований, без кісточок, у густому сиропі, тверда частина та рідина
167770;Вишні або черешні, солодкий, консервований, без кісточок, високої жирності сироп, відціджений
173957;Вишні або черешні, солодкий, консервований, у воді, тверда частина та рідина
171719;Вишні або черешні, солодкий, у сирому вигляді
171708;Вишні або черешні, тарт, сушений, підсолоджений (Включає харчові продукти для USDA'с Харчовий продукт Розподіл Програма)
167807;Вишня або черешня сік, тарт
168771;Чевінг гум
169882;Чевінг гум, сугарлесс
171514;Курятина грудка тендерс, у паніровці, після приготування, приготований у мікрохвильовій печі
171515;Курятина грудка тендерс, у паніровці, не приготовлений
173874;Курятина грудка, делі, приготований на рожні приправлений, нарізаний скибками, препакагед
172962;Курятина грудка, знежирений, месквіте смак, нарізаний скибками
172963;Курятина грудка, духовка-запечений, знежирений, нарізаний скибками
174608;Курятина грудка, булочка, духовка-запечений
171513;Курятина котлета, заморожений, після приготування
171512;Курятина котлета, заморожений, не приготовлений
173331;Пиріг із курятиною, заморожений основна готова страва, приготований
173858;Курятина спред
173346;Курятина тендерс, у паніровці, заморожений, приготований
171140;Курятина, бройлер або для смаження, грудка, без шкіри, без кістки, лише м’ясо, після приготування, тушкований
171534;Курятина, бройлер або для смаження, грудка, без шкіри, без кістки, лише м’ясо, після приготування, приготований на грилі
171077;Курятина, бройлер або для смаження, грудка, без шкіри, без кістки, лише м’ясо, у сирому вигляді
171535;Курятина, бройлер або для смаження, грудка, без шкіри, без кістки, лише м’ясо, з доданим розчином, після приготування, тушкований
171536;Курятина, бройлер або для смаження, грудка, без шкіри, без кістки, лише м’ясо, з доданим розчином, після приготування, приготований на грилі
174506;Курятина, бройлер, приготований на рожні, Барбекю, лише м’ясо спинки
171124;Курятина, бройлер, приготований на рожні, Барбекю, спинка, м’ясо зі шкірою
171125;Курятина, бройлер, приготований на рожні, Барбекю, грудка, м’ясо зі шкірою
171445;Курятина, бройлер, приготований на рожні, Барбекю, грудка, лише м’ясо
171126;Курятина, бройлер, приготований на рожні, Барбекю, гомілка, м’ясо зі шкірою
171114;Курятина, бройлер, приготований на рожні, Барбекю, гомілка, лише м’ясо
171524;Курятина, бройлер, приготований на рожні, Барбекю, шкіра
171127;Курятина, бройлер, приготований на рожні, Барбекю, стегно, м’ясо зі шкірою
171118;Курятина, бройлер, приготований на рожні, Барбекю, стегно, лише м’ясо
172830;Курятина, бройлер, приготований на рожні, Барбекю, крило, м’ясо зі шкірою
171516;Курятина, бройлер, приготований на рожні, Барбекю, крило, лише м’ясо
171521;Курятина, курчата-бройлери або курчата для смаження, приготований на рожні, оригінальний приправа, гомілка, м’ясо зі шкірою, після приготування
171470;Курятина, курчата-бройлери або курчата для смаження, спинка, м’ясо зі шкірою, після приготування, смажений, кляр
171471;Курятина, курчата-бройлери або курчата для смаження, спинка, м’ясо зі шкірою, після приготування, смажений, борошно
171071;Курятина, курчата-бройлери або курчата для смаження, спинка, м’ясо зі шкірою, після приготування, запечений
171072;Курятина, курчата-бройлери або курчата для смаження, спинка, м’ясо зі шкірою, після приготування, тушкований
171469;Курятина, курчата-бройлери або курчата для смаження, спинка, м’ясо зі шкірою, у сирому вигляді
171074;Курятина, курчата-бройлери або курчата для смаження, спинка, лише м’ясо, після приготування, смажений
171472;Курятина, курчата-бройлери або курчата для смаження, спинка, лише м’ясо, після приготування, запечений
171473;Курятина, курчата-бройлери або курчата для смаження, спинка, лише м’ясо, після приготування, тушкований
171073;Курятина, курчата-бройлери або курчата для смаження, спинка, лише м’ясо, у сирому вигляді
171475;Курятина, курчата-бройлери або курчата для смаження, грудка, м’ясо зі шкірою, після приготування, смажений, кляр
171476;Курятина, курчата-бройлери або курчата для смаження, грудка, м’ясо зі шкірою, після приготування, смажений, борошно
171075;Курятина, курчата-бройлери або курчата для смаження, грудка, м’ясо зі шкірою, після приготування, запечений
171076;Курятина, курчата-бройлери або курчата для смаження, грудка, м’ясо зі шкірою, після приготування, тушкований
171474;Курятина, курчата-бройлери або курчата для смаження, грудка, м’ясо зі шкірою, у сирому вигляді
171078;Курятина, курчата-бройлери або курчата для смаження, грудка, лише м’ясо, після приготування, смажений
171477;Курятина, курчата-бройлери або курчата для смаження, грудка, лише м’ясо, після приготування, запечений
171478;Курятина, курчата-бройлери або курчата для смаження, грудка, лише м’ясо, після приготування, тушкований
171509;Курятина, курчата-бройлери або курчата для смаження, грудка, без шкіри, без кістки, лише м’ясо, з доданим розчином, у сирому вигляді
174497;Курятина, курчата-бройлери або курчата для смаження, темне м’ясо, гомілка, м’ясо зі шкірою, після приготування, тушкований
172852;Курятина, курчата-бройлери або курчата для смаження, темне м’ясо, гомілка, лише м’ясо, після приготування, тушкований
172376;Курятина, курчата-бройлери або курчата для смаження, темне м’ясо, гомілка, лише м’ясо, після приготування, запечений
173614;Курятина, курчата-бройлери або курчата для смаження, темне м’ясо, гомілка, лише м’ясо, у сирому вигляді
171063;Курятина, курчата-бройлери або курчата для смаження, темне м’ясо, м’ясо зі шкірою, після приготування, смажений, кляр
171064;Курятина, курчата-бройлери або курчата для смаження, темне м’ясо, м’ясо зі шкірою, після приготування, смажений, борошно
171065;Курятина, курчата-бройлери або курчата для смаження, темне м’ясо, м’ясо зі шкірою, після приготування, запечений
171066;Курятина, курчата-бройлери або курчата для смаження, темне м’ясо, м’ясо зі шкірою, після приготування, тушкований
171463;Курятина, курчата-бройлери або курчата для смаження, темне м’ясо, м’ясо зі шкірою, у сирому вигляді
171068;Курятина, курчата-бройлери або курчата для смаження, темне м’ясо, лише м’ясо, після приготування, смажений
171069;Курятина, курчата-бройлери або курчата для смаження, темне м’ясо, лише м’ясо, після приготування, запечений
171070;Курятина, курчата-бройлери або курчата для смаження, темне м’ясо, лише м’ясо, після приготування, тушкований
171067;Курятина, курчата-бройлери або курчата для смаження, темне м’ясо, лише м’ясо, у сирому вигляді
174498;Курятина, курчата-бройлери або курчата для смаження, темне м’ясо, стегно, м’ясо зі шкірою, після приготування, тушкований
172853;Курятина, курчата-бройлери або курчата для смаження, темне м’ясо, стегно, лише м’ясо, після приготування, тушкований
173627;Курятина, курчата-бройлери або курчата для смаження, темне м’ясо, стегно, лише м’ясо, у сирому вигляді
172374;Курятина, курчата-бройлери або курчата для смаження, гомілка, м’ясо зі шкірою, після приготування, смажений, кляр
173611;Курятина, курчата-бройлери або курчата для смаження, гомілка, м’ясо зі шкірою, після приготування, смажений, борошно
173612;Курятина, курчата-бройлери або курчата для смаження, гомілка, м’ясо зі шкірою, після приготування, запечений
173613;Курятина, курчата-бройлери або курчата для смаження, гомілка, м’ясо зі шкірою, після приготування, тушкований
172373;Курятина, курчата-бройлери або курчата для смаження, гомілка, м’ясо зі шкірою, у сирому вигляді
172375;Курятина, курчата-бройлери або курчата для смаження, гомілка, лише м’ясо, після приготування, смажений
172377;Курятина, курчата-бройлери або курчата для смаження, гомілка, лише м’ясо, після приготування, тушкований
171519;Курятина, курчата-бройлери або курчата для смаження, гомілка, приготований на рожні, оригінальний приправа, лише м’ясо, після приготування
171058;Курятина, курчата-бройлери або курчата для смаження, потрухи, після приготування, смажений
171455;Курятина, курчата-бройлери або курчата для смаження, потрухи, після приготування, томлений
171057;Курятина, курчата-бройлери або курчата для смаження, потрухи, у сирому вигляді
173615;Курятина, курчата-бройлери або курчата для смаження, ніжка, м’ясо зі шкірою, після приготування, смажений, кляр
173616;Курятина, курчата-бройлери або курчата для смаження, ніжка, м’ясо зі шкірою, після приготування, смажений, борошно
173617;Курятина, курчата-бройлери або курчата для смаження, ніжка, м’ясо зі шкірою, після приготування, запечений
173618;Курятина, курчата-бройлери або курчата для смаження, ніжка, м’ясо зі шкірою, після приготування, тушкований
172378;Курятина, курчата-бройлери або курчата для смаження, ніжка, м’ясо зі шкірою, у сирому вигляді
172379;Курятина, курчата-бройлери або курчата для смаження, ніжка, лише м’ясо, після приготування, смажений
172380;Курятина, курчата-бройлери або курчата для смаження, ніжка, лише м’ясо, після приготування, запечений
172381;Курятина, курчата-бройлери або курчата для смаження, ніжка, лише м’ясо, після приготування, тушкований
173619;Курятина, курчата-бройлери або курчата для смаження, ніжка, лише м’ясо, у сирому вигляді
171459;Курятина, курчата-бройлери або курчата для смаження, світле м’ясо, м’ясо зі шкірою, після приготування, смажений, кляр
171460;Курятина, курчата-бройлери або курчата для смаження, світле м’ясо, м’ясо зі шкірою, після приготування, смажений, борошно
171461;Курятина, курчата-бройлери або курчата для смаження, світле м’ясо, м’ясо зі шкірою, після приготування, запечений
171462;Курятина, курчата-бройлери або курчата для смаження, світле м’ясо, м’ясо зі шкірою, після приготування, тушкований
171062;Курятина, курчата-бройлери або курчата для смаження, світле м’ясо, м’ясо зі шкірою, у сирому вигляді
171465;Курятина, курчата-бройлери або курчата для смаження, світле м’ясо, лише м’ясо, після приготування, смажений
171466;Курятина, курчата-бройлери або курчата для смаження, світле м’ясо, лише м’ясо, після приготування, запечений
171467;Курятина, курчата-бройлери або курчата для смаження, світле м’ясо, лише м’ясо, після приготування, тушкований
171464;Курятина, курчата-бройлери або курчата для смаження, світле м’ясо, лише м’ясо, у сирому вигляді
171048;Курятина, курчата-бройлери або курчата для смаження, м’ясо, шкіра, потрухи та шия, після приготування, смажений, кляр
171049;Курятина, курчата-бройлери або курчата для смаження, м’ясо, шкіра, потрухи та шия, після приготування, смажений, борошно
171047;Курятина, курчата-бройлери або курчата для смаження, м’ясо, шкіра, потрухи та шия, у сирому вигляді
171050;Курятина, курчата-бройлери або курчата для смаження, м’ясо, шкіра, потрухи та шия, запечений
171446;Курятина, курчата-бройлери або курчата для смаження, м’ясо, шкіра, потрухи та шия, тушкований
171448;Курятина, курчата-бройлери або курчата для смаження, м’ясо зі шкірою, після приготування, смажений, кляр
171449;Курятина, курчата-бройлери або курчата для смаження, м’ясо зі шкірою, після приготування, смажений, борошно
171450;Курятина, курчата-бройлери або курчата для смаження, м’ясо зі шкірою, після приготування, запечений
171051;Курятина, курчата-бройлери або курчата для смаження, м’ясо зі шкірою, після приготування, тушкований
171447;Курятина, курчата-бройлери або курчата для смаження, м’ясо зі шкірою, у сирому вигляді
171053;Курятина, курчата-бройлери або курчата для смаження, лише м’ясо, після приготування, смажений
171054;Курятина, курчата-бройлери або курчата для смаження, лише м’ясо, після приготування, запечений
171451;Курятина, курчата-бройлери або курчата для смаження, лише м’ясо, після приготування, тушкований
171052;Курятина, курчата-бройлери або курчата для смаження, лише м’ясо, у сирому вигляді
173622;Курятина, курчата-бройлери або курчата для смаження, шия, м’ясо зі шкірою, після приготування томлений
173620;Курятина, курчата-бройлери або курчата для смаження, шия, м’ясо зі шкірою, після приготування, смажений, кляр
173621;Курятина, курчата-бройлери або курчата для смаження, шия, м’ясо зі шкірою, після приготування, смажений, борошно
172382;Курятина, курчата-бройлери або курчата для смаження, шия, м’ясо зі шкірою, у сирому вигляді
172383;Курятина, курчата-бройлери або курчата для смаження, шия, лише м’ясо, після приготування, смажений
172384;Курятина, курчата-бройлери або курчата для смаження, шия, лише м’ясо, після приготування, томлений
173623;Курятина, курчата-бройлери або курчата для смаження, шия, лише м’ясо, у сирому вигляді
171122;Курятина, курчата-бройлери або курчата для смаження, приготований на рожні, оригінальний приправа, спинка, м’ясо зі шкірою, після приготування
171517;Курятина, курчата-бройлери або курчата для смаження, приготований на рожні, оригінальний приправа, спинка, лише м’ясо, після приготування
171123;Курятина, курчата-бройлери або курчата для смаження, приготований на рожні, оригінальний приправа, грудка, м’ясо зі шкірою, після приготування
171518;Курятина, курчата-бройлери або курчата для смаження, приготований на рожні, оригінальний приправа, грудка, лише м’ясо, після приготування
171520;Курятина, курчата-бройлери або курчата для смаження, приготований на рожні, оригінальний приправа, лише шкіра, після приготування
171522;Курятина, курчата-бройлери або курчата для смаження, приготований на рожні, оригінальний приправа, стегно, м’ясо зі шкірою, після приготування
171120;Курятина, курчата-бройлери або курчата для смаження, приготований на рожні, оригінальний приправа, стегно, лише м’ясо, після приготування
171523;Курятина, курчата-бройлери або курчата для смаження, приготований на рожні, оригінальний приправа, крило, м’ясо зі шкірою, після приготування
171121;Курятина, курчата-бройлери або курчата для смаження, приготований на рожні, оригінальний приправа, крило, лише м’ясо, після приготування
171468;Курятина, курчата-бройлери або курчата для смаження, відокремлюваний жир, у сирому вигляді
171453;Курятина, курчата-бройлери або курчата для смаження, лише шкіра, після приготування, смажений, кляр
171454;Курятина, курчата-бройлери або курчата для смаження, лише шкіра, після приготування, смажений, борошно
171055;Курятина, курчата-бройлери або курчата для смаження, лише шкіра, після приготування, запечений
171056;Курятина, курчата-бройлери або курчата для смаження, лише шкіра, після приготування, тушкований
171452;Курятина, курчата-бройлери або курчата для смаження, лише шкіра, у сирому вигляді
172386;Курятина, курчата-бройлери або курчата для смаження, стегно, м’ясо зі шкірою, після приготування, смажений, кляр
173624;Курятина, курчата-бройлери або курчата для смаження, стегно, м’ясо зі шкірою, після приготування, смажений, борошно
173625;Курятина, курчата-бройлери або курчата для смаження, стегно, м’ясо зі шкірою, після приготування, запечений
173626;Курятина, курчата-бройлери або курчата для смаження, стегно, м’ясо зі шкірою, після приготування, тушкований
172385;Курятина, курчата-бройлери або курчата для смаження, стегно, м’ясо зі шкірою, у сирому вигляді
172387;Курятина, курчата-бройлери або курчата для смаження, стегно, лише м’ясо, після приготування, смажений
172388;Курятина, курчата-бройлери або курчата для смаження, стегно, лише м’ясо, після приготування, запечений
172389;Курятина, курчата-бройлери або курчата для смаження, стегно, лише м’ясо, після приготування, тушкований
173628;Курятина, курчата-бройлери або курчата для смаження, крило, м’ясо зі шкірою, після приготування, смажений, кляр
173629;Курятина, курчата-бройлери або курчата для смаження, крило, м’ясо зі шкірою, після приготування, смажений, борошно
173630;Курятина, курчата-бройлери або курчата для смаження, крило, м’ясо зі шкірою, після приготування, запечений
173631;Курятина, курчата-бройлери або курчата для смаження, крило, м’ясо зі шкірою, після приготування, тушкований
172390;Курятина, курчата-бройлери або курчата для смаження, крило, м’ясо зі шкірою, у сирому вигляді
172391;Курятина, курчата-бройлери або курчата для смаження, крило, лише м’ясо, після приготування, смажений
172392;Курятина, курчата-бройлери або курчата для смаження, крило, лише м’ясо, після приготування, запечений
172393;Курятина, курчата-бройлери або курчата для смаження, крило, лише м’ясо, після приготування, тушкований
173632;Курятина, курчата-бройлери або курчата для смаження, крило, лише м’ясо, у сирому вигляді
171099;Курятина, консервований, лише м’ясо, з бульйоном
171110;Курятина, консервований, без бульйон
174466;Курятина, капонс, потрухи, після приготування, томлений
174465;Курятина, капонс, потрухи, у сирому вигляді
172407;Курятина, капонс, м’ясо, шкіра, потрухи та шия, після приготування, запечений
172406;Курятина, капонс, м’ясо, шкіра, потрухи та шия, у сирому вигляді
173646;Курятина, капонс, м’ясо зі шкірою, після приготування, запечений
173645;Курятина, капонс, м’ясо зі шкірою, у сирому вигляді
171107;Курятина, корніш гаме хенс, м’ясо зі шкірою, після приготування, запечений
171507;Курятина, корніш гаме хенс, м’ясо зі шкірою, у сирому вигляді
171109;Курятина, корніш гаме хенс, лише м’ясо, після приготування, запечений
171108;Курятина, корніш гаме хенс, лише м’ясо, у сирому вигляді
174504;Курятина, темне м’ясо, гомілка, м’ясо зі шкірою, з доданим розчином, після приготування, тушкований
172861;Курятина, темне м’ясо, гомілка, м’ясо зі шкірою, з доданим розчином, після приготування, запечений
172860;Курятина, темне м’ясо, гомілка, м’ясо зі шкірою, з доданим розчином, у сирому вигляді
172857;Курятина, темне м’ясо, гомілка, лише м’ясо, з доданим розчином, після приготування, тушкований
172856;Курятина, темне м’ясо, гомілка, лише м’ясо, з доданим розчином, після приготування, запечений
174499;Курятина, темне м’ясо, гомілка, лише м’ясо, з доданим розчином, у сирому вигляді
172862;Курятина, темне м’ясо, стегно, м’ясо зі шкірою, з доданим розчином, після приготування, тушкований
174505;Курятина, темне м’ясо, стегно, м’ясо зі шкірою, з доданим розчином, після приготування, запечений
172863;Курятина, темне м’ясо, стегно, м’ясо зі шкірою, з доданим розчином, у сирому вигляді
172858;Курятина, темне м’ясо, стегно, лише м’ясо, з доданим розчином, після приготування, тушкований
174500;Курятина, темне м’ясо, стегно, лише м’ясо, з доданим розчином, після приготування, запечений
172859;Курятина, темне м’ясо, стегно, лише м’ясо, з доданим розчином, у сирому вигляді
171119;Курятина, лапки, відварений
171457;Курятина, м’язовий шлунок, усі класи, після приготування, томлений
171456;Курятина, м’язовий шлунок, усі класи, у сирому вигляді
171117;Курятина, мелений, крихта, після приготування, пательня-підрум’янений
171116;Курятина, мелений, у сирому вигляді
171059;Курятина, серце, усі класи, після приготування, томлений
171458;Курятина, серце, усі класи, у сирому вигляді
174491;Курятина, печінка, усі класи, після приготування, смажений на пательні
171061;Курятина, печінка, усі класи, після приготування, томлений
171060;Курятина, печінка, усі класи, у сирому вигляді
169886;Курятина, без м’яса
167719;Курятина, без м’яса, у паніровці, смажений
172111;Курятина, нуггетс, темний і біле м’ясо, попередньо приготовлений, заморожений, не рехітед
172112;Курятина, нуггетс, біле м’ясо, попередньо приготовлений, заморожений, не рехітед
173639;Курятина, для запікання, темне м’ясо, лише м’ясо, після приготування, запечений
173638;Курятина, для запікання, темне м’ясо, лише м’ясо, у сирому вигляді
172397;Курятина, для запікання, потрухи, після приготування, томлений
172396;Курятина, для запікання, потрухи, у сирому вигляді
173637;Курятина, для запікання, світле м’ясо, лише м’ясо, після приготування, запечений
172398;Курятина, для запікання, світле м’ясо, лише м’ясо, у сирому вигляді
173633;Курятина, для запікання, м’ясо, шкіра, потрухи та шия, після приготування, запечений
172394;Курятина, для запікання, м’ясо, шкіра, потрухи та шия, у сирому вигляді
173635;Курятина, для запікання, м’ясо зі шкірою, після приготування, запечений
172395;Курятина, для запікання, лише м’ясо, після приготування, запечений
173636;Курятина, для запікання, лише м’ясо, у сирому вигляді
172854;Курятина, шкіра (друмстікс і стегна), після приготування, тушкований
174496;Курятина, шкіра (друмстікс і стегна), після приготування, запечений
172855;Курятина, шкіра (друмстікс і стегна), у сирому вигляді
174501;Курятина, шкіра (друмстікс і стегна), з доданим розчином, після приготування, тушкований
174503;Курятина, шкіра (друмстікс і стегна), з доданим розчином, після приготування, запечений
174502;Курятина, шкіра (друмстікс і стегна), з доданим розчином, у сирому вигляді
172405;Курятина, для тушкування, темне м’ясо, лише м’ясо, після приготування, тушкований
172404;Курятина, для тушкування, темне м’ясо, лише м’ясо, у сирому вигляді
173642;Курятина, для тушкування, потрухи, після приготування, томлений
173641;Курятина, для тушкування, потрухи, у сирому вигляді
173644;Курятина, для тушкування, світле м’ясо, лише м’ясо, після приготування, тушкований
173643;Курятина, для тушкування, світле м’ясо, лише м’ясо, у сирому вигляді
172399;Курятина, для тушкування, м’ясо зі шкірою, і потрухи і шия, після приготування, тушкований
173640;Курятина, для тушкування, м’ясо зі шкірою, і потрухи і шия, у сирому вигляді
172401;Курятина, для тушкування, м’ясо зі шкірою, після приготування, тушкований
172400;Курятина, для тушкування, м’ясо зі шкірою, у сирому вигляді
172403;Курятина, для тушкування, лише м’ясо, після приготування, тушкований
172402;Курятина, для тушкування, лише м’ясо, у сирому вигляді
168961;Курятина, стегна, заморожений, у паніровці, рехітед
171111;Курятина, крило, заморожений, глазурований, барбекю ароматизований
171115;Курятина, крило, заморожений, глазурований, барбекю ароматизований, підігрітий (звичайний духовка)
171508;Курятина, крило, заморожений, глазурований, барбекю ароматизований, підігрітий (для мікрохвильової печі)
174288;Чікпі борошно (бесан)
173800;Нут, BENGAL GRAM), зріле насіння, консервований, відціджена тверда частина
173801;Нут, BENGAL GRAM), зріле насіння, консервований, відціджений, промитий водопровідною водою
175206;Нут, BENGAL GRAM), зріле насіння, консервований, тверда частина та рідина
175250;Нут, BENGAL GRAM), зріле насіння, консервований, тверда частина та рідина, зі зниженим вмістом натрію
173799;Нут, BENGAL GRAM), зріле насіння, після приготування, відварений, із сіллю
173757;Нут, BENGAL GRAM), зріле насіння, після приготування, відварений, без солі
173756;Нут, BENGAL GRAM), зріле насіння, у сирому вигляді
169992;Чікори грінс, у сирому вигляді
169993;Чікори рутс, у сирому вигляді
170404;Чікори, вітлуф, у сирому вигляді
172313;Чілд суміш, ABBOTT NUTRITION, PEDIASURE, готовий до годування
173550;Чілд суміш, ABBOTT NUTRITION, PEDIASURE, готовий до годування, із залізом і клітковина
172097;Чилі кон карне з квасолею, консервований основна готова страва
175207;Чилі з квасолею, консервований
172110;Чилі з квасолею, мікроуавабле боулс
172098;Чилі, без квасоля, консервований основна готова страва
170075;Чівес, сублімовано висушений
169994;Чівес, у сирому вигляді
170271;Шоколад, темний, 45- 59% какао тверда частина
170272;Шоколад, темний, 60-69% какао тверда частина
170273;Шоколад, темний, 70-85% какао тверда частина
168000;Шоколад-ароматизований хазелнут спред
168491;Хризантема, зелень листя, у сирому вигляді
168522;Хризантема, зелень, гарланд, після приготування, відварений, відціджений, із сіллю
170405;Хризантема, зелень, гарланд, після приготування, відварений, відціджений, без солі
169995;Хризантема, зелень, гарланд, у сирому вигляді
167940;Кориця бунс, у глазурі (включає мед бунс)
168195;Клементінес, у сирому вигляді
173477;Кліф З батончик
171887;Какао суміш, NESTLE, Річ Шоколад Гострий Какао Суміш
170657;Какао, сухий порошок, хі-жир або сніданок, прокессед з алкалі
169593;Какао, сухий порошок, без підсолоджувачів
168774;Какао, сухий порошок, без підсолоджувачів, HERSHEY'S Європейський Стиль Какао
169594;Какао, сухий порошок, без підсолоджувачів, прокессед з алкалі
168523;Листова капуста, після приготування, відварений, відціджений, із сіллю
170407;Листова капуста, після приготування, відварений, відціджений, без солі
168524;Листова капуста, заморожений, подрібнений, після приготування, відварений, відціджений, із сіллю
169996;Листова капуста, заморожений, подрібнений, після приготування, відварений, відціджений, без солі
170408;Листова капуста, заморожений, подрібнений, не приготовлений
170406;Листова капуста, у сирому вигляді
173256;Контінентал Міллс, Крустіз Мигдаль Попписід Муффін Суміш, Артіфікіалли Ароматизований, сухий
174079;Печиво, вершкове масло або цукор, з шоколад ікінг або начинка
174080;Печиво, шоколад, з глазур’ю або покриття
171835;Печиво, ванільний з карамель, кокос, і шоколад покриття
171836;Печиво, з арахісова паста начинка, шоколад-у покритті
171867;Печиво, Марі американська булочка
168014;Печиво, анімал крекери (включає арроурут, чай бісквіти або американські булочки)
171837;Печиво, анімал, з глазур’ю або ікінг
172713;Печиво, броуніс, промислового приготування
171840;Печиво, броуніс, промислового приготування, зі зниженим вмістом жиру, з доданою клітковиною
174948;Печиво, броуніс, суха суміш, звичайний
172731;Печиво, броуніс, суха суміш, без цукру
174949;Печиво, броуніс, приготований за рецептом
174950;Печиво, вершкове масло, промислового приготування, збагачений
172819;Печиво, вершкове масло, промислового приготування, незбагачений
174095;Печиво, шоколад чипс сендвіч, з крем начинка
172716;Печиво, шоколад чипс, промислового приготування, звичайний, з вищим вмістом жиру, збагачений
172820;Печиво, шоколад чипс, промислового приготування, звичайний, з вищим вмістом жиру, незбагачений
172715;Печиво, шоколад чипс, промислового приготування, звичайний, нижчий жир
172717;Печиво, шоколад чипс, промислового приготування, м’який-тип
172732;Печиво, шоколад чипс, промислового приготування, спекіал дітари
174952;Печиво, шоколад чипс, суха суміш
172808;Печиво, шоколад чипс, приготований за рецептом, виготовлений із вершкове масло
174955;Печиво, шоколад чипс, приготований за рецептом, виготовлений із маргарин
174953;Печиво, шоколад чипс, охолоджене тісто
174954;Печиво, шоколад чипс, охолоджене тісто, печений
171866;Печиво, шоколад вершки вкритий американська булочка палички
171841;Печиво, шоколад сендвіч, з крем начинка, зі зниженим вмістом жиру
172718;Печиво, шоколад сендвіч, з крем начинка, звичайний
172719;Печиво, шоколад сендвіч, з крем начинка, звичайний, шоколад-у покритті
172733;Печиво, шоколад сендвіч, з крем начинка, спекіал дітари
172720;Печиво, шоколад сендвіч, з додатковий крем начинка
172714;Печиво, шоколад вафлі
174096;Печиво, шоколад, виготовлений із рис каша або зерновий продукт
171847;Печиво, кокос макарун
172721;Печиво, інжир батончики
172722;Печиво, фортуне
174951;Печиво, фадж, торт або кекс-тип (включає троллі торти або кекси)
174956;Печиво, гінгерснапс
171857;Печиво, без глютену, шоколад сендвіч, з крем начинка
171858;Печиво, без глютену, шоколад вафля
171859;Печиво, без глютену, лимон вафля
171860;Печиво, без глютену, ванільний сендвіч, з крем начинка
174958;Печиво, із борошна Ґрема крекери, шоколад-у покритті
174957;Печиво, із борошна Ґрема крекери, без добавок або мед (включає кориця)
174083;Печиво, із борошна Ґрема крекери, без добавок або мед, з низьким вмістом жиру
174959;Печиво, ладифінгерс, з лимон сік і рінд
172821;Печиво, ладифінгерс, без лимон сік і рінд
172723;Печиво, маршмелоу, шоколад-у покритті (включає маршмелоу піс)
174097;Печиво, маршмелоу, з рисом каша або зерновий продукт і шоколад чипси
172724;Печиво, меляса
171842;Печиво, вівсяна каша сендвіч, з крем начинка
172725;Печиво, вівсяна каша, промислового приготування, звичайний
172726;Печиво, вівсяна каша, промислового приготування, м’який-тип
172734;Печиво, вівсяна каша, промислового приготування, спекіал дітари
174960;Печиво, вівсяна каша, суха суміш
172807;Печиво, вівсяна каша, приготований за рецептом, без родзинки
171865;Печиво, вівсяна каша, зі зниженим вмістом жиру
174961;Печиво, вівсяна каша, охолоджене тісто
174962;Печиво, вівсяна каша, охолоджене тісто, печений
174963;Печиво, вівсяна каша, з родзинками
174965;Печиво, арахісова паста сендвіч, звичайний
174969;Печиво, арахісова паста сендвіч, спекіал дітари
172727;Печиво, арахісова паста, промислового приготування, звичайний
172728;Печиво, арахісова паста, промислового приготування, м’який-тип
171843;Печиво, арахісова паста, промислового приготування, без цукру
174964;Печиво, арахісова паста, приготований за рецептом
172729;Печиво, арахісова паста, охолоджене тісто
172730;Печиво, арахісова паста, охолоджене тісто, печений
174966;Печиво, родзинки, м’який-тип
174968;Печиво, шортбрід, промислового приготування, пекан
174967;Печиво, шортбрід, промислового приготування, без добавок
174087;Печиво, шортбрід, зі зниженим вмістом жиру
174088;Печиво, цукор вафля, шоколад-вкритий
174970;Печиво, цукор вафля, з крем начинка, без цукру
172736;Печиво, цукор вафлі з крем начинка, звичайний
174971;Печиво, цукор, промислового приготування, звичайний (включає ванільний)
174972;Печиво, цукор, охолоджене тісто
172735;Печиво, цукор, охолоджене тісто, печений
172737;Печиво, ванільний сендвіч з крем начинка
171868;Печиво, ванільний сендвіч з крем начинка, зі зниженим вмістом жиру
174974;Печиво, ванільний вафлі, з вищим вмістом жиру
174973;Печиво, ванільний вафлі, нижчий жир
169997;Коріандер (кілантро) листя, у сирому вигляді
170289;Кукурудза висівки, круде
173345;Кукурудза догс, заморожений, приготований
169694;Кукурудзяне борошно, маса, збагачений, білий
169696;Кукурудзяне борошно, маса, незбагачений, білий
168921;Кукурудзяне борошно, цілий-зерно, блакитний (харіна де мейз морадо)
169748;Кукурудзяне борошно, цілий-зерно, білий
170290;Кукурудзяне борошно, цілий-зерно, жовтий
169695;Кукурудзяне борошно, жовтий, без зародків зерна, незбагачений
169749;Кукурудзяне борошно, жовтий, маса, збагачений
168920;Кукурудза зерно, білий
170288;Кукурудза зерно, жовтий
170492;Кукурудза пудинг, домашнього приготування
169218;Кукурудза з червоний і зелений перець, консервований, тверда частина та рідина
169363;Кукурудза, солодкий, білий, консервований, вершки стиль, без додавання солі
169362;Кукурудза, солодкий, білий, консервований, вершки стиль, стандартне консервування
168543;Кукурудза, солодкий, білий, консервований, у вакуумному пакуванні, без додавання солі
168542;Кукурудза, солодкий, білий, консервований, у вакуумному пакуванні, стандартне консервування
169361;Кукурудза, солодкий, білий, консервований, цілий зерно, відціджена тверда частина
169360;Кукурудза, солодкий, білий, консервований, цілий зерно, без додавання солі, тверда частина та рідина
168541;Кукурудза, солодкий, білий, консервований, цілий зерно, стандартне консервування, тверда частина та рідина
168540;Кукурудза, солодкий, білий, після приготування, відварений, відціджений, із сіллю
168539;Кукурудза, солодкий, білий, після приготування, відварений, відціджений, без солі
169364;Кукурудза, солодкий, білий, заморожений, зерна відруб без качан, відварений, відціджений, із сіллю
168545;Кукурудза, солодкий, білий, заморожений, зерна відруб без качан, відварений, відціджений, без солі
168544;Кукурудза, солодкий, білий, заморожений, зерна відруб без качан, не приготовлений
169367;Кукурудза, солодкий, білий, заморожений, зерна з качан, після приготування, відварений, відціджений, із сіллю
169366;Кукурудза, солодкий, білий, заморожений, зерна з качан, після приготування, відварений, відціджений, без солі
169365;Кукурудза, солодкий, білий, заморожений, зерна з качан, не приготовлений
168538;Кукурудза, солодкий, білий, у сирому вигляді
170409;Кукурудза, солодкий, жовтий, консервований, бріне пакування, стандартне консервування, тверда частина та рідина
169346;Кукурудза, солодкий, жовтий, консервований, вершки стиль, без додавання солі
169215;Кукурудза, солодкий, жовтий, консервований, вершки стиль, стандартне консервування
168397;Кукурудза, солодкий, жовтий, консервований, відціджена тверда частина, рінсед з водопровідна вода
169345;Кукурудза, солодкий, жовтий, консервований, без додавання солі, тверда частина та рідина (Включає харчові продукти для USDA'с Харчовий продукт Розподіл Програма)
169347;Кукурудза, солодкий, жовтий, консервований, у вакуумному пакуванні, без додавання солі
169216;Кукурудза, солодкий, жовтий, консервований, у вакуумному пакуванні, стандартне консервування
169214;Кукурудза, солодкий, жовтий, консервований, цілий зерно, відціджена тверда частина
168525;Кукурудза, солодкий, жовтий, після приготування, відварений, відціджений, із сіллю
169999;Кукурудза, солодкий, жовтий, після приготування, відварений, відціджений, без солі
168399;Кукурудза, солодкий, жовтий, заморожений, зерна відруб без качан, відварений, відціджений, без солі
168398;Кукурудза, солодкий, жовтий, заморожений, зерна відруб без качан, не приготовлений (Включає харчові продукти для USDA'с Харчовий продукт Розподіл Програма)
169349;Кукурудза, солодкий, жовтий, заморожений, зерна з качан, після приготування, відварений, відціджений, із сіллю
168401;Кукурудза, солодкий, жовтий, заморожений, зерна з качан, після приготування, відварений, відціджений, без солі
168400;Кукурудза, солодкий, жовтий, заморожений, зерна з качан, не приготовлений
169348;Кукурудза, солодкий, жовтий, заморожений, зерна, відруб без качан, відварений, відціджений, із сіллю
169998;Кукурудза, солодкий, жовтий, у сирому вигляді
169217;Кукурудза, жовтий, цілий зерно, заморожений, приготований у мікрохвильовій печі
173860;Солонина буханець або рулет, джеллід
168922;Кукурудзяна крупа, без зародків зерна, збагачений, білий
168867;Кукурудзяна крупа, без зародків зерна, збагачений, жовтий
172015;Кукурудзяна крупа, без зародків зерна, незбагачений, білий
168929;Кукурудзяна крупа, без зародків зерна, незбагачений, жовтий
168923;Кукурудзяна крупа, білий, самопіднімальний, просіяний, без добавок, збагачений
168924;Кукурудзяна крупа, білий, самопіднімальний, просіяний, з пшеничне борошно доданий, збагачений
168925;Кукурудзяна крупа, білий, самопіднімальний, без зародків зерна, збагачений
169750;Кукурудзяна крупа, цілий-зерно, білий
169697;Кукурудзяна крупа, цілий-зерно, жовтий
168868;Кукурудзяна крупа, жовтий, самопіднімальний, просіяний, без добавок, збагачений
168869;Кукурудзяна крупа, жовтий, самопіднімальний, просіяний, з пшеничне борошно доданий, збагачений
168870;Кукурудзяна крупа, жовтий, самопіднімальний, без зародків зерна, збагачений
169219;Корнсалад, у сирому вигляді
169698;Корнстарч
169700;Кускус, після приготування
169699;Кускус, сухий
168526;Коров’ячий горох «чорне око», незріле насіння, після приготування, відварений, відціджений, із сіллю
168402;Коров’ячий горох «чорне око», незріле насіння, після приготування, відварений, відціджений, без солі
168527;Коров’ячий горох «чорне око», незріле насіння, заморожений, після приготування, відварений, відціджений, із сіллю
168404;Коров’ячий горох «чорне око», незріле насіння, заморожений, після приготування, відварений, відціджений, без солі
168403;Коров’ячий горох «чорне око», незріле насіння, заморожений, не приготовлений
169220;Коров’ячий горох «чорне око», незріле насіння, у сирому вигляді
175251;Коров’ячий горох, катджанг, зріле насіння, після приготування, відварений, із сіллю
175209;Коров’ячий горох, катджанг, зріле насіння, після приготування, відварений, без солі
175208;Коров’ячий горох, катджанг, зріле насіння, у сирому вигляді
173761;Коров’ячий горох, звичайний (чорне око, кроудер, південний), зріле насіння, консервований зі свининою
173760;Коров’ячий горох, звичайний (чорне око, кроудер, південний), зріле насіння, консервований, без добавок
172749;Крекери, цільнозерновий пшеничний
175252;Коров’ячий горох, звичайний (чорне око, кроудер, південний), зріле насіння, після приготування, відварений, із сіллю
173759;Коров’ячий горох, звичайний (чорне око, кроудер, південний), зріле насіння, після приготування, відварений, без солі
173758;Коров’ячий горох, звичайний (чорне око, кроудер, південний), зріле насіння, у сирому вигляді
168529;Коров’ячий горох, ліфи тіпс, після приготування, відварений, відціджений, із сіллю
168406;Коров’ячий горох, ліфи тіпс, після приготування, відварений, відціджений, без солі
169224;Коров’ячий горох, ліфи тіпс, у сирому вигляді
168528;Коров’ячий горох, молоді стручки з насіння, після приготування, відварений, відціджений, із сіллю
169221;Коров’ячий горох, молоді стручки з насіння, після приготування, відварений, відціджений, без солі
168405;Коров’ячий горох, молоді стручки з насіння, у сирому вигляді
171721;Крабапплес, у сирому вигляді
172750;Крекер, страва або борошно грубого помелу
175060;Крекери, сир, зі зниженим вмістом натрію
167941;Крекери, сир, зі зниженим вмістом жиру
174975;Крекери, сир, звичайний
167925;Крекери, сир, сендвіч-тип із сиром начинка
174976;Крекери, сир, сендвіч-тип з арахісова паста начинка
174084;Крекери, сир, цілий зерно
167530;Крекери, вершки, Гамеса Сабросас
167531;Крекери, вершки, Ла Модерна Рікіс Вершки Крекери
172739;Крекери, хрусткий хлібець, жито
174098;Крекери, ароматизований, риба-шапед
174104;Крекери, без глютену, із кількома видами насіння і багатозерновий
174103;Крекери, без глютену, багатозерновий і овочевий, виготовлений із кукурудза крохмаль і білий рис борошно
172741;Крекери, маца, яйце
172812;Крекери, маца, яйце і цибуля
172740;Крекери, маца, без добавок
172742;Крекери, маца, цільнозерновий пшеничний
174977;Крекери, тост мельба, без добавок
172822;Крекери, тост мельба, без добавок, без солі
174978;Крекери, тост мельба, жито (включає пумпернікел)
174979;Крекери, тост мельба, пшениця
174980;Крекери, молоко
171838;Крекери, багатозерновий
174981;Крекери, сухарі
172743;Крекери, жито, сендвіч-тип із сиром начинка
172744;Крекери, жито, вафлі, без добавок
172745;Крекери, жито, вафлі, приправлений
172746;Крекери, салтінес (включає устриця, газований напій, суп)
175068;Крекери, салтінес, знежирений, зі зниженим вмістом натрію
175056;Крекери, салтінес, низький сіль (включає устриця, газований напій, суп)
175057;Крекери, салтінес, несолоний топс (включає устриця, газований напій, суп)
167942;Крекери, салтінес, цільнозерновий пшеничний (включає мулті-зерно)
171848;Крекери, сендвіч-тип, арахісова паста з начинкою, зі зниженим вмістом жиру
167529;Крекери, перекус, Гойа Крекери
174982;Крекери, категорія Стандартний перекус-тип, звичайний
175058;Крекери, категорія Стандартний перекус-тип, звичайний, низький сіль
174983;Крекери, категорія Стандартний перекус-тип, сендвіч, із сиром начинка
174984;Крекери, категорія Стандартний перекус-тип, сендвіч, з арахісова паста начинка
171846;Крекери, категорія Стандартний перекус-тип, з цільнозерновий пшеничний
171854;Крекери, тоаст тінс, зі зниженим вмістом натрію
171856;Крекери, вода бісквіти або американські булочки
175059;Крекери, пшениця, низький сіль
167934;Крекери, пшениця, зі зниженим вмістом жиру
174985;Крекери, пшениця, звичайний
172747;Крекери, пшениця, сендвіч, із сиром начинка
172748;Крекери, пшениця, сендвіч, з арахісова паста начинка
171855;Крекери, цілий зерно, сендвіч-тип, з арахісова паста начинка
172823;Крекери, цільнозерновий пшеничний, низький сіль
167933;Крекери, цільнозерновий пшеничний, зі зниженим вмістом жиру
171723;Журавлина, сушений, підсолоджений (Включає харчові продукти для USDA'с Харчовий продукт Розподіл Програма)
171722;Журавлина, у сирому вигляді
168212;Журавлина суміш соків, 100% сік, бутильований, з доданий вітамін К і кальцій
171903;Журавлина сік коктейль, бутильований
171904;Журавлина сік коктейль, бутильований, низькокалорійний, з кальцій, сахарин і кукурудза підсолоджувач
173653;Журавлина сік коктейль, заморожений концентрат
173654;Журавлина сік коктейль, заморожений концентрат, приготований з водою
168117;Журавлина сік, без підсолоджувачів
173961;Журавлинний соус, консервований, підсолоджений
167804;Журавлинний соус, джеллід, консервований, OCEAN SPRAY
167803;Журавлинний соус, цілий, консервований, OCEAN SPRAY
173962;Журавлина-помаранчевий реліш, консервований
174986;Вершки пуфф шелл, приготований за рецептом
167534;Вершки пуфф, еклейр, заварний крем або вершки з начинкою, ікед
173453;Вершки замінник, ароматизований, рідкий
172214;Вершки замінник, ароматизований, порошкоподібний
168097;Вершки замінник, рідкий, легкий
171261;Вершки замінник, рідкий, з гідрогенізований рослинна олія і соєвий білок
171262;Вершки замінник, рідкий, з лорік кислота олія і натрій касеінате
171263;Вершки замінник, порошкоподібний
167688;Вершки замінник, порошкоподібний, легкий
171255;Вершки, рідкий, суміш молока та вершків
170859;Вершки, рідкий, високої жирності віппінг
170857;Вершки, рідкий, легкий (кава вершки або столове вершки)
170858;Вершки, рідкий, легкий віппінг
172212;Вершки, суміш молока та вершків, знежирений
171308;Вершки, суміш молока та вершків, з низьким вмістом жиру
171257;Вершки, кислий, културед
171256;Вершки, кислий, зі зниженим вмістом жиру, културед
170860;Вершки, збитий, вершки топінг, прессурізед
167684;Кремовий заправка, виготовлений із сметана і/або маслянка і олія, зі зниженою калорійністю
168100;Кремовий заправка, виготовлений із сметана і/або маслянка і олія, зі зниженою калорійністю, чолестерол-без
168099;Кремовий заправка, виготовлений із сметана і/або маслянка і олія, зі зниженою калорійністю, знежирений
169350;Крес-салат, гарден, після приготування, відварений, відціджений, із сіллю
168408;Крес-салат, гарден, після приготування, відварений, відціджений, без солі
168407;Крес-салат, гарден, у сирому вигляді
174988;Круасани, яблуко
174987;Круасани, вершкове масло
174989;Круасани, сир
172751;Краутонс, без добавок
172752;Краутонс, приправлений
167591;Крунчмастер, Мулті-Зерно Кріспс, Перекус Крекери, Без глютену
174202;Ракоподібні, краб, аляскинський кінг, після приготування, вологе нагрівання
174203;Ракоподібні, краб, аляскинський кінг, імітація, виготовлений із сурімі
175164;Ракоподібні, краб, аляскинський кінг, у сирому вигляді
171966;Ракоподібні, краб, блакитний, консервований
174205;Ракоподібні, краб, блакитний, після приготування, вологе нагрівання
171967;Ракоподібні, краб, блакитний, краб торти або кекси, домашній рецепт
174204;Ракоподібні, краб, блакитний, у сирому вигляді
172007;Ракоподібні, краб, дунгенесс, після приготування, вологе нагрівання
171968;Ракоподібні, краб, дунгенесс, у сирому вигляді
172008;Ракоподібні, краб, квін, після приготування, вологе нагрівання
171969;Ракоподібні, краб, квін, у сирому вигляді
175170;Ракоподібні, річковий рак, суміш видів, вирощений на фермі, після приготування, вологе нагрівання
175169;Ракоподібні, річковий рак, суміш видів, вирощений на фермі, у сирому вигляді
174207;Ракоподібні, річковий рак, суміш видів, дикий, після приготування, вологе нагрівання
174206;Ракоподібні, річковий рак, суміш видів, дикий, у сирому вигляді
174209;Ракоподібні, омар, північний, після приготування, вологе нагрівання
174208;Ракоподібні, омар, північний, у сирому вигляді
175180;Ракоподібні, креветка, після приготування
171972;Ракоподібні, креветка, суміш видів, консервований
171970;Ракоподібні, креветка, суміш видів, після приготування, у паніровці, смажений
171971;Ракоподібні, креветка, суміш видів, після приготування, вологе нагрівання (мей контейн аддітівес до ретейн волога)
171973;Ракоподібні, креветка, суміш видів, імітація, виготовлений із сурімі
174210;Ракоподібні, креветка, суміш видів, у сирому вигляді (мей контейн аддітівес до ретейн волога)
175179;Ракоподібні, креветка, у сирому вигляді
172009;Ракоподібні, спіни омар, суміш видів, після приготування, вологе нагрівання
174211;Ракоподібні, спіни омар, суміш видів, у сирому вигляді
169225;Огірок, очищений, у сирому вигляді
168409;Огірок, з піл, у сирому вигляді
173963;Смородина, європейський чорний, у сирому вигляді
173964;Смородина, червоний і білий, у сирому вигляді
171724;Смородина, занте, сушений
171725;Заварний крем-яблуко, (буллок’с-серце), у сирому вигляді
169351;Листя кульбаби, після приготування, відварений, відціджений, із сіллю
169227;Листя кульбаби, після приготування, відварений, відціджений, без солі
169226;Листя кульбаби, у сирому вигляді
172754;Данська випічка, сир
172753;Данська випічка, кориця, збагачений
172824;Данська випічка, кориця, незбагачений
172755;Данська випічка, фрукти, збагачений (включає яблуко, кориця, родзинки, лимон, малина, полуниця)
172825;Данська випічка, фрукти, незбагачений (включає яблуко, кориця, родзинки, полуниця)
172827;Данська випічка, лимон, незбагачений
175061;Данська випічка, малина, незбагачений
171726;Фініки, деглет нур
168191;Фініки, медджул
170865;Десерт топінг, порошкоподібний
170866;Десерт топінг, порошкоподібний, 1.5 аунке приготований з 1/2 стаканчик молоко
170867;Десерт топінг, прессурізед
170868;Десерт топінг, семі солід, заморожений
169601;Десерти, яблуко хрусткий, приготований за рецептом
169595;Десерти, яйце заварний крем, печений, приготований за рецептом
167574;Десерти, флан, карамель заварний крем, приготований за рецептом
168777;Десерти, мауссе, шоколад, приготований за рецептом
169616;Десерти, ренін, шоколад, суха суміш
168794;Десерти, ренін, таблетс, без підсолоджувачів
168792;Десерти, ренін, ванільний, суха суміш
172233;Зелень кропу, свіжий
171834;Дип-соус, FRITO'S, квасоля, оригінальний смак
174069;Дип-соус, TOSTITOS, салса кон кесо, середній
171832;Дип-соус, квасоля, оригінальний смак
174068;Дип-соус, салса кон кесо, сир і салса- середній
169371;Щавель кінський, після приготування, відварений, відціджений, із сіллю
170077;Щавель кінський, після приготування, відварений, відціджений, без солі
170076;Щавель кінський, у сирому вигляді
174993;Пончики, торт або кекс-тип, шоколад, сугаред або глазурований
174990;Пончики, торт або кекс-тип, без добавок (включає унсугаред, старий-фашіонед)
174991;Пончики, торт або кекс-тип, без добавок, шоколад-у покритті або у глазурі
174992;Пончики, торт або кекс-тип, без добавок, сугаред або глазурований
172756;Пончики, французький круллерс, глазурований
172758;Пончики, дріжджі-лівенед, глазурований, збагачений (включає мед бунс)
175062;Пончики, дріжджі-лівенед, глазурований, незбагачений (включає мед бунс)
172757;Пончики, дріжджі-лівенед, з крем начинка
172759;Пончики, дріжджі-лівенед, з джелли начинка
169905;Дове, після приготування (включає молодий голуб)
171046;Заправка, мед гірчиця, знежирений
168531;Листя моринги, після приготування, відварений, відціджений, із сіллю
168417;Листя моринги, після приготування, відварений, відціджений, без солі
168416;Листя моринги, у сирому вигляді
168532;Стручки моринги, після приготування, відварений, відціджений, із сіллю
170484;Стручки моринги, після приготування, відварений, відціджений, без солі
170483;Стручки моринги, у сирому вигляді
174467;Качка, одомашнений, печінка, у сирому вигляді
172409;Качка, одомашнений, м’ясо зі шкірою, після приготування, запечений
172408;Качка, одомашнений, м’ясо зі шкірою, у сирому вигляді
172411;Качка, одомашнений, лише м’ясо, після приготування, запечений
172410;Качка, одомашнений, лише м’ясо, у сирому вигляді
174469;Качка, дикий, грудка, лише м’ясо, у сирому вигляді
174468;Качка, дикий, м’ясо зі шкірою, у сирому вигляді
171510;Качка, молодий дуклінг, одомашнений, Білий Пекін, грудка, м’ясо зі шкірою, без кістки, після приготування, запечений
171511;Качка, молодий дуклінг, одомашнений, Білий Пекін, грудка, лише м’ясо, без кістки, після приготування без шкірки, підсмажений під грилем
171112;Качка, молодий дуклінг, одомашнений, Білий Пекін, ніжка, м’ясо зі шкірою, на кістці, після приготування, запечений
171113;Качка, молодий дуклінг, одомашнений, Білий Пекін, ніжка, лише м’ясо, на кістці, після приготування без шкірки, тушкований
173461;Дулке де Лече
169779;Думплінг, картопля- або сир-з начинкою, заморожений
168192;Дуріан, у сирому вигляді або заморожений
173861;Дуч торгова марка буханець або рулет, курятина, свинина і яловичина
168411;Едамаме, заморожений, приготований
168410;Едамаме, заморожений, не приготовлений
168772;Яєчні заварні креми, суха суміш
168787;Яєчні заварні креми, суха суміш, приготований із молоком 2% жирності
168773;Яєчні заварні креми, суха суміш, приготований із незбираним молоком
172104;Яйце булочки, курятина, охолоджений, підігрітий
172103;Яйце булочки, свинина, охолоджений, підігрітий
172105;Яйце булочки, овочевий, заморожений, приготований
173462;Замінник яйця, рідкий або заморожений, знежирений
173429;Замінник яйця, порошок
172189;Яйце, качка, цілий, свіжий, у сирому вигляді
172190;Яйце, гуска, цілий, свіжий, у сирому вигляді
172191;Яйце, перепілка, цілий, свіжий, у сирому вигляді
172192;Яйце, індичатина, цілий, свіжий, у сирому вигляді
172204;Яйце, білий, сушений
173426;Яйце, білий, сушений, пластівці, стабілізед, глукосе знижений
173427;Яйце, білий, сушений, порошок, стабілізед, глукосе знижений
170895;Яйце, білий, сушений, стабілізед, глукосе знижений
172183;Яйце, білий, у сирому вигляді, свіжий
172203;Яйце, білий, у сирому вигляді, заморожений, пастеризований
173423;Яйце, цілий, після приготування, смажений
173424;Яйце, цілий, після приготування, твердий-відварений
172185;Яйце, цілий, після приготування, омелет
172186;Яйце, цілий, після приготування, припущений
172187;Яйце, цілий, після приготування, скрамблед
172188;Яйце, цілий, сушений
173425;Яйце, цілий, сушений, стабілізед, глукосе знижений
171287;Яйце, цілий, у сирому вигляді, свіжий
172202;Яйце, цілий, у сирому вигляді, заморожений, пастеризований (Включає харчові продукти для USDA'с Харчовий продукт Розподіл Програма)
170893;Яйце, цілий, у сирому вигляді, заморожений, солоний, пастеризований
173428;Яйце, иолк, сушений
172184;Яйце, иолк, у сирому вигляді, свіжий
173421;Яйце, иолк, у сирому вигляді, заморожений, пастеризований
173436;Яйце, иолк, у сирому вигляді, заморожений, солоний, пастеризований
173422;Яйце, иолк, у сирому вигляді, заморожений, сугаред, пастеризований
171258;Еггног
169352;Баклажан, після приготування, відварений, відціджений, із сіллю
169229;Баклажан, після приготування, відварений, відціджений, без солі
169892;Баклажан, маринований
169228;Баклажан, у сирому вигляді
169904;Яйця, скрамблед, заморожений мікстуре
171727;Бузина чорна, ягоди, у сирому вигляді
174477;М’ясо ему, фан філе, після приготування, підсмажений під грилем
174476;М’ясо ему, фан філе, у сирому вигляді
174478;М’ясо ему, плоский філе, у сирому вигляді
172834;М’ясо ему, повний огузок, після приготування, підсмажений під грилем
174479;М’ясо ему, повний огузок, у сирому вигляді
172833;М’ясо ему, мелений, після приготування, підсмажений на сухій пательні
172832;М’ясо ему, мелений, у сирому вигляді
172835;М’ясо ему, внутрішня частина друм, у сирому вигляді
172836;М’ясо ему, внутрішня частина друмс, після приготування, підсмажений під грилем
172837;М’ясо ему, зовнішня частина друм, у сирому вигляді
172838;М’ясо ему, устриця, у сирому вигляді
174480;М’ясо ему, верхня частина корейки, після приготування, підсмажений під грилем
168412;Ендіве, у сирому вигляді
175063;Англійські мафіни, без добавок, збагачений, без кальцій пропіонат(включає на заквасці)
172828;Англійські мафіни, без добавок, незбагачений, з кальцій пропіонат (включає на заквасці)
173238;Англійські мафіни, без добавок, незбагачений, без кальцій пропіонат (включає на заквасці)
174093;Англійські мафіни, цілий зерно білий
169398;Епазоте, у сирому вигляді
170078;Еппо, у сирому вигляді
168413;Ескароле, після приготування, відварений, відціджений, без додавання солі
172455;Фалафел, домашній-приготований
173467;Знежирений морозиво, без додавання цукру, смаки інші ніж шоколад
171400;Жир, яловичина таллоу
173564;Жир, курятина
173572;Жир, гуска
173571;Жир, індичатина
168176;Феіджоа, у сирому вигляді
169385;Фенхель, булб, у сирому вигляді
168584;Фіддлехід фернс, заморожений, не приготовлений
169405;Фіддлехід фернс, у сирому вигляді
173025;Інжир, консервований, додатковий у густому сиропі, тверда частина та рідина
173024;Інжир, консервований, у густому сиропі, тверда частина та рідина
173023;Інжир, консервований, у легкому сиропі, тверда частина та рідина
173022;Інжир, консервований, у воді, тверда частина та рідина
174666;Інжир, сушений, тушкований
174665;Інжир, сушений, не приготовлений
173021;Інжир, у сирому вигляді
169399;Фіревід, листя, у сирому вигляді
171606;Риба бульйон
173577;Риб’ячий жир, тріска печінка
172340;Риб’ячий жир, оселедець
172341;Риб’ячий жир, менхаден
172342;Риб’ячий жир, менхаден, повністю гідрогенізований
172343;Риб’ячий жир, лосось
173578;Риб’ячий жир, сардина
173724;Риба, Лосось, рожевий, консервований, відціджена тверда частина, без шкірки і кістки
174183;Риба, анчоус, європейський, консервований у олія, відціджена тверда частина
174182;Риба, анчоус, європейський, у сирому вигляді
174184;Риба, окунь, свіжий вода, суміш видів, у сирому вигляді
171989;Риба, окунь, прісноводний, суміш видів, після приготування, сухе нагрівання
174228;Риба, окунь, стріпед, після приготування, сухе нагрівання
171948;Риба, окунь, стріпед, у сирому вигляді
174229;Риба, луфар, після приготування, сухе нагрівання
171949;Риба, луфар, у сирому вигляді
174230;Риба, бурбот, після приготування, сухе нагрівання
171950;Риба, бурбот, у сирому вигляді
174231;Риба, буттерфіш, після приготування, сухе нагрівання
171951;Риба, буттерфіш, у сирому вигляді
174185;Риба, короп, після приготування, сухе нагрівання
171952;Риба, короп, у сирому вигляді
174187;Риба, сом, чаннел, після приготування, у паніровці, смажений
175166;Риба, сом, чаннел, вирощений на фермі, після приготування, сухе нагрівання
175165;Риба, сом, чаннел, вирощений на фермі, у сирому вигляді
173714;Риба, сом, чаннел, дикий, після приготування, сухе нагрівання
174186;Риба, сом, чаннел, дикий, у сирому вигляді
174188;Риба, ікра, чорний і червоний, гранулар
171953;Риба, кіско, у сирому вигляді
171954;Риба, кіско, копчений
174189;Риба, тріска, Атлантичний, консервований, тверда частина і рідкий
171956;Риба, тріска, Атлантичний, після приготування, сухе нагрівання
174190;Риба, тріска, Атлантичний, сушений і солоний
171955;Риба, тріска, Атлантичний, у сирому вигляді
175178;Риба, тріска, Тихоокеанський, після приготування
171990;Риба, тріска, Тихоокеанський, після приготування, сухе нагрівання (мей контейн аддітівес до ретейн волога)
174191;Риба, тріска, Тихоокеанський, у сирому вигляді (мей хаве бін превіаусли заморожений)
171957;Риба, кроакер, Атлантичний, після приготування, у паніровці, смажений
174192;Риба, кроакер, Атлантичний, у сирому вигляді
171991;Риба, куск, після приготування, сухе нагрівання
171958;Риба, куск, у сирому вигляді
171993;Риба, друм, прісноводний, після приготування, сухе нагрівання
171960;Риба, друм, прісноводний, у сирому вигляді
174194;Риба, вугор, суміш видів, після приготування, сухе нагрівання
174193;Риба, вугор, суміш видів, у сирому вигляді
174195;Риба, риба палички, заморожений, приготований
174197;Риба, флатфіш (камбала і морський язик види), після приготування, сухе нагрівання
174196;Риба, флатфіш (камбала і морський язик види), у сирому вигляді
171961;Риба, гефілтефіш, категорія Промисловий, солодкий рецепт
171963;Риба, групер, суміш видів, після приготування, сухе нагрівання
171962;Риба, групер, суміш видів, у сирому вигляді
174198;Риба, пікша, після приготування, сухе нагрівання
171964;Риба, пікша, у сирому вигляді
174199;Риба, пікша, копчений
174201;Риба, палтус, Атлантичний і Тихоокеанський, після приготування, сухе нагрівання
174200;Риба, палтус, Атлантичний і Тихоокеанський, у сирому вигляді
171965;Риба, палтус, Грінланд, у сирому вигляді
174232;Риба, палтус, грінланд, після приготування, сухе нагрівання
175117;Риба, оселедець, Атлантичний, після приготування, сухе нагрівання
173668;Риба, оселедець, Атлантичний, кіпперед
175118;Риба, оселедець, Атлантичний, маринований
175116;Риба, оселедець, Атлантичний, у сирому вигляді
174233;Риба, оселедець, Тихоокеанський, після приготування, сухе нагрівання
173669;Риба, оселедець, Тихоокеанський, у сирому вигляді
174234;Риба, лінг, після приготування, сухе нагрівання
173670;Риба, лінг, у сирому вигляді
174235;Риба, зубатий терпуг, після приготування, сухе нагрівання
173671;Риба, зубатий терпуг, у сирому вигляді
175120;Риба, скумбрія, Атлантичний, після приготування, сухе нагрівання
175119;Риба, скумбрія, Атлантичний, у сирому вигляді
171994;Риба, скумбрія, Тихоокеанський і джак, суміш видів, після приготування, сухе нагрівання
173672;Риба, скумбрія, Тихоокеанський і джак, суміш видів, у сирому вигляді
175121;Риба, скумбрія, джак, консервований, відціджена тверда частина
174236;Риба, скумбрія, кінг, після приготування, сухе нагрівання
175122;Риба, скумбрія, кінг, у сирому вигляді
168149;Риба, скумбрія, солоний
173674;Риба, скумбрія, іспанський, після приготування, сухе нагрівання
173673;Риба, скумбрія, іспанський, у сирому вигляді
171992;Риба, махімахі, після приготування, сухе нагрівання
171959;Риба, махімахі, у сирому вигляді
171995;Риба, мілкфіш, після приготування, сухе нагрівання
173675;Риба, мілкфіш, у сирому вигляді
171996;Риба, морський чорт, після приготування, сухе нагрівання
173676;Риба, морський чорт, у сирому вигляді
175124;Риба, кефаль, стріпед, після приготування, сухе нагрівання
175123;Риба, кефаль, стріпед, у сирому вигляді
175126;Риба, окін окунь, Атлантичний, після приготування, сухе нагрівання
175125;Риба, окін окунь, Атлантичний, у сирому вигляді
173679;Риба, окунь, суміш видів, після приготування, сухе нагрівання
173678;Риба, окунь, суміш видів, у сирому вигляді
175127;Риба, щука, північний, після приготування, сухе нагрівання
173680;Риба, щука, північний, у сирому вигляді
171997;Риба, щука, світлоперий судак, після приготування, сухе нагрівання
175128;Риба, щука, світлоперий судак, у сирому вигляді
173726;Риба, минтай, Аляскинський, після приготування
173681;Риба, минтай, Аляскинський, після приготування, сухе нагрівання (мей контейн аддітівес до ретейн волога)
173725;Риба, минтай, Аляскинський, у сирому вигляді
175130;Риба, минтай, Аляскинський, у сирому вигляді (мей контейн аддітівес до ретейн волога)
174237;Риба, минтай, Атлантичний, після приготування, сухе нагрівання
175129;Риба, минтай, Атлантичний, у сирому вигляді
173683;Риба, помпано, флоріда, після приготування, сухе нагрівання
173682;Риба, помпано, флоріда, у сирому вигляді
174238;Риба, паут, окін, після приготування, сухе нагрівання
173677;Риба, паут, окін, у сирому вигляді
175131;Риба, морський окунь, Тихоокеанський, суміш видів, після приготування, сухе нагрівання
173684;Риба, морський окунь, Тихоокеанський, суміш видів, у сирому вигляді
174239;Риба, ікра, суміш видів, після приготування, сухе нагрівання
175132;Риба, ікра, суміш видів, у сирому вигляді
174251;Риба, рои, помаранчевий, після приготування, сухе нагрівання
175133;Риба, рои, помаранчевий, у сирому вигляді
174240;Риба, саблефіш, після приготування, сухе нагрівання
175134;Риба, саблефіш, у сирому вигляді
173685;Риба, саблефіш, копчений
175168;Риба, лосось, Атлантичний, вирощений на фермі, після приготування, сухе нагрівання
175167;Риба, лосось, Атлантичний, вирощений на фермі, у сирому вигляді
171998;Риба, лосось, Атлантичний, дикий, після приготування, сухе нагрівання
173686;Риба, лосось, Атлантичний, дикий, у сирому вигляді
171999;Риба, лосось, чінук, після приготування, сухе нагрівання
173688;Риба, лосось, чінук, у сирому вигляді
173687;Риба, лосось, чінук, копчений
171985;Риба, лосось, чінук, копчений, (локс), звичайний
175135;Риба, лосось, чум, консервований, відціджена тверда частина з кісткою
174224;Риба, лосось, чум, консервований, без солі, відціджена тверда частина з кісткою
172000;Риба, лосось, чум, після приготування, сухе нагрівання
173689;Риба, лосось, чум, у сирому вигляді
173716;Риба, лосось, кохо, вирощений на фермі, після приготування, сухе нагрівання
173715;Риба, лосось, кохо, вирощений на фермі, у сирому вигляді
173719;Риба, лосось, кохо, дикий, після приготування, сухе нагрівання
175137;Риба, лосось, кохо, дикий, після приготування, вологе нагрівання
175136;Риба, лосось, кохо, дикий, у сирому вигляді
175175;Риба, лосось, рожевий, консервований, відціджена тверда частина
173690;Риба, лосось, рожевий, консервований, тотал кан контентс
174225;Риба, лосось, рожевий, консервований, без солі, тверда частина з кісткою і рідкий
172001;Риба, лосось, рожевий, після приготування, сухе нагрівання
175138;Риба, лосось, рожевий, у сирому вигляді
173693;Риба, лосось, сокіе, консервований, відціджена тверда частина
174226;Риба, лосось, сокіе, консервований, без солі, відціджена тверда частина з кісткою
173692;Риба, лосось, сокіе, після приготування, сухе нагрівання
173691;Риба, лосось, сокіе, у сирому вигляді
175139;Риба, сардина, Атлантичний, консервований у олія, відціджена тверда частина з кісткою
175140;Риба, сардина, Тихоокеанський, консервований у томатний соус, відціджена тверда частина з кісткою
174241;Риба, скуп, після приготування, сухе нагрівання
175141;Риба, скуп, у сирому вигляді
173694;Риба, морський окунь, суміш видів, після приготування, сухе нагрівання
175142;Риба, морський окунь, суміш видів, у сирому вигляді
174242;Риба, сітраут, суміш видів, після приготування, сухе нагрівання
173695;Риба, сітраут, суміш видів, у сирому вигляді
174243;Риба, шад, американський, після приготування, сухе нагрівання
173696;Риба, шад, американський, у сирому вигляді
175143;Риба, акула, суміш видів, після приготування, кляр-діппед і смажений
173697;Риба, акула, суміш видів, у сирому вигляді
175145;Риба, сарг, після приготування, сухе нагрівання
175144;Риба, сарг, у сирому вигляді
175147;Риба, смелт, райдужний, після приготування, сухе нагрівання
175146;Риба, смелт, райдужний, у сирому вигляді
173699;Риба, луціан, суміш видів, після приготування, сухе нагрівання
173698;Риба, луціан, суміш видів, у сирому вигляді
174244;Риба, спот, після приготування, сухе нагрівання
173700;Риба, спот, у сирому вигляді
175148;Риба, осетер, суміш видів, після приготування, сухе нагрівання
173701;Риба, осетер, суміш видів, у сирому вигляді
175149;Риба, осетер, суміш видів, копчений
172002;Риба, сукер, білий, після приготування, сухе нагрівання
175150;Риба, сукер, білий, у сирому вигляді
172003;Риба, сунфіш, гарбуз насіння, після приготування, сухе нагрівання
175151;Риба, сунфіш, гарбуз насіння, у сирому вигляді
173702;Риба, сурімі
173704;Риба, риба-меч, після приготування, сухе нагрівання
173703;Риба, риба-меч, у сирому вигляді
175177;Риба, тілапія, після приготування, сухе нагрівання
175176;Риба, тілапія, у сирому вигляді
175152;Риба, кафельник, після приготування, сухе нагрівання
173705;Риба, кафельник, у сирому вигляді
175181;Риба, форель, брук, у сирому вигляді, Новий Иорк Стате
172004;Риба, форель, суміш видів, після приготування, сухе нагрівання
175153;Риба, форель, суміш видів, у сирому вигляді
173718;Риба, форель, райдужний, вирощений на фермі, після приготування, сухе нагрівання
173717;Риба, форель, райдужний, вирощений на фермі, у сирому вигляді
175155;Риба, форель, райдужний, дикий, після приготування, сухе нагрівання
175154;Риба, форель, райдужний, дикий, у сирому вигляді
175160;Риба, тунець салат
173707;Риба, тунець, свіжий, блуефін, після приготування, сухе нагрівання
173706;Риба, тунець, свіжий, блуефін, у сирому вигляді
175156;Риба, тунець, свіжий, скіпджак, у сирому вигляді
175159;Риба, тунець, свіжий, иеллоуфін, у сирому вигляді
173708;Риба, тунець, легкий, консервований у олія, відціджена тверда частина
174227;Риба, тунець, легкий, консервований у олія, без солі, відціджена тверда частина
173709;Риба, тунець, легкий, консервований у вода, відціджена тверда частина (Включає харчові продукти для USDA'с Харчовий продукт Розподіл Програма)
171986;Риба, тунець, легкий, консервований у вода, без солі, відціджена тверда частина
172005;Риба, тунець, скіпджак, свіжий, після приготування, сухе нагрівання
175157;Риба, тунець, білий, консервований у олія, відціджена тверда частина
171987;Риба, тунець, білий, консервований у олія, без солі, відціджена тверда частина
175158;Риба, тунець, білий, консервований у вода, відціджена тверда частина
171988;Риба, тунець, білий, консервований у вода, без солі, відціджена тверда частина
172006;Риба, тунець, иеллоуфін, свіжий, після приготування, сухе нагрівання
174245;Риба, турбот, європейський, після приготування, сухе нагрівання
173710;Риба, турбот, європейський, у сирому вигляді
174246;Риба, сиг, суміш видів, після приготування, сухе нагрівання
173711;Риба, сиг, суміш видів, у сирому вигляді
173712;Риба, сиг, суміш видів, копчений
175161;Риба, мерланг, суміш видів, після приготування, сухе нагрівання
173713;Риба, мерланг, суміш видів, у сирому вигляді
174247;Риба, волффіш, Атлантичний, після приготування, сухе нагрівання
175162;Риба, волффіш, Атлантичний, у сирому вигляді
174248;Риба, иеллоутейл, суміш видів, після приготування, сухе нагрівання
175163;Риба, иеллоутейл, суміш видів, у сирому вигляді
169602;Флан, карамель заварний крем, суха суміш
169621;Флан, карамель заварний крем, суха суміш, приготований із молоком 2% жирності
168796;Флан, карамель заварний крем, суха суміш, приготований із незбираним молоком
169883;Рідкий реплакемент, електролите розчин (включає PEDIALYTE)
167945;Фокаккіа, Італійський флатбрід, без добавок
173158;Формований харчовий батончик, Південний BEACH протеїновий батончик
174787;Формований харчовий батончик, LUNA Батончик, NUTZ OVER Шоколад
174782;Формований харчовий батончик, MARS SNACKFOOD US, COCOAVIA, Шоколад Мигдаль Перекус Батончик
173138;Формований харчовий батончик, MARS SNACKFOOD US, COCOAVIA, Шоколад Чорниця або лохина Перекус Батончик
174780;Формований харчовий батончик, MARS SNACKFOOD US, SNICKERS MARATHON Жувальний Шоколад Арахіс Батончик
173132;Формований харчовий батончик, MARS SNACKFOOD US, SNICKERS MARATHON Даубле Шоколад Горіх Батончик
173136;Формований харчовий батончик, MARS SNACKFOOD US, SNICKERS MARATHON Енергетичний батончик, усі смаки
173134;Формований харчовий батончик, MARS SNACKFOOD US, SNICKERS MARATHON Мед Горіх Овес Батончик
174781;Формований харчовий батончик, MARS SNACKFOOD US, SNICKERS MARATHON Багатозерновий Хрусткий Батончик
174786;Формований харчовий батончик, MARS SNACKFOOD US, SNICKERS MARATHON Протеїновий спортивний батончик, Карамель Горіх Руш
173137;Формований харчовий батончик, POWER Батончик, шоколад
173139;Формований харчовий батончик, SLIM-Швидкий OPTIMA страва або борошно грубого помелу батончик, молочний шоколад арахіс
174792;Формований харчовий батончик, ZONE PERFECT Класичний Хрусткий Батончик, змішаний смаки
173149;Формований харчовий батончик, високий клітковина, жувальний, овес і шоколад
174614;Сосиска, яловичина, підігрітий
167696;Сосиска, яловичина, з низьким вмістом жиру
172949;Сосиска, яловичина, свинина, і індичатина, знежирений
173862;Сосиска, яловичина, без підігрівання
171624;Сосиска, курятина
168131;Сосиска, зі зниженим вмістом натрію
172968;Сосиска, м’ясо
171633;Сосиска, м’ясо і м’ясо птиці, після приготування, відварений
171634;Сосиска, м’ясо і м’ясо птиці, після приготування, приготований на грилі
169866;Сосиска, м’ясо і м’ясо птиці, з низьким вмістом жиру
173875;Сосиска, м’ясо і м’ясо птиці, без підігрівання
174615;Сосиска, м’ясо, підігрітий
169887;Сосиска, без м’яса
172964;Сосиска, свинина
171625;Сосиска, індичатина
172763;Французький тоаст, заморожений, готовий-до-нагрівання
174998;Французький тоаст, приготований за рецептом, виготовлений із з низьким вмістом жиру (2%) молоко
172466;Фріджолес роджос волтідос (Пересмажена квасоля, червоний, консервований)
168148;Жаб’ячі лапки, у сирому вигляді
169625;Глазурі, шоколад, кремовий, суха суміш
168800;Глазурі, шоколад, кремовий, суха суміш, приготований із вершковим маслом
168845;Глазурі, шоколад, кремовий, суха суміш, приготований із маргарином
168795;Глазурі, шоколад, кремовий, готовий до споживання
169618;Глазурі, кокос-горіх, готовий до споживання
169619;Глазурі, вершковий сир-смак, готовий до споживання
168852;Глазурі, глазе, шоколад, приготований за рецептом, з вершкове масло, NFSMI Рецепт Без. К-32
169668;Глазурі, глазе, приготований за рецептом
168802;Глазурі, ванільний, кремовий, суха суміш
168844;Глазурі, ванільний, кремовий, суха суміш, приготований із маргарином
169620;Глазурі, ванільний, кремовий, готовий до споживання
168803;Глазурі, білий, флуффи, суха суміш
169626;Глазурі, білий, флуффи, суха суміш, приготований з водою
170665;Заморожені десерти, KLONDIKE, SLIM-A-Ведмежатина Шоколад Ріжок
170260;Заморожені десерти, KLONDIKE, SLIM-A-Ведмежатина Фадж Батончик, 98% знежирений, без додавання цукру
170666;Заморожені десерти, KLONDIKE, SLIM-A-Ведмежатина Ванільний Сендвіч
170667;Заморожені десерти, KLONDIKE, SLIM-A-Ведмежатина, Без додавання цукру, Стіклесс Батончик
170266;Заморожені десерти, Без додавання цукру CREAMSICLE Попс
170258;Заморожені десерти, Без додавання цукру, FUDGSICLE попс
170267;Заморожені десерти, Без цукру, CREAMSICLE Попс
169632;Заморожені десерти, фрукти і сік батончики
168130;Заморожені десерти, морозиво тип, шоколад або карамель вкритий, з горіхами
169900;Заморожені десерти, морозиво тип, сундае, препакагед
167683;Заморожені десерти, морозиво тип, ванільний морозиво, легкий, без додавання цукру, шоколад у покритті
169613;Заморожені десерти, лід або морозиво тип, фрукти, без додавання цукру
168812;Заморожені десерти, лід або морозиво тип, італійський, ресторанний-приготований
169638;Заморожені десерти, лід або морозиво тип, лайм
168847;Заморожені десерти, лід або морозиво тип, ананас-кокос
168813;Заморожені десерти, лід або морозиво тип, поп
168132;Заморожені десерти, лід або морозиво тип, поп, з низькокалорійний підсолоджувач
170259;Заморожені десерти, лід або морозиво тип, без цукру, помаранчевий, вишня або черешня, і виноград POPSICLE попс
170255;Заморожені десерти, сік тип, POPSICLE SCRIBBLERS
167721;Заморожені десерти, сік тип, сік з вершки
168113;Заморожені десерти, сік тип, помаранчевий
168104;Заморожені йогурти, шоколад
168103;Заморожені йогурти, шоколад, знежирений молоко, підсолоджений без цукор
168848;Заморожені йогурти, шоколад, м’який-подавання
168105;Заморожені йогурти, смаки інші ніж шоколад
168815;Заморожені йогурти, ванільний, м’який-подавання
168816;Фрукти буттерс, яблуко
173029;Фруктовий коктейль, (персик і ананас і груша і виноград і вишня або черешня), консервований, додатковий високої жирності сироп, тверда частина та рідина
173026;Фруктовий коктейль, (персик і ананас і груша і виноград і вишня або черешня), консервований, дуже легкий сироп, тверда частина та рідина
173028;Фруктовий коктейль, (персик і ананас і груша і виноград і вишня або черешня), консервований, високої жирності сироп, тверда частина та рідина
174668;Фруктовий коктейль, (персик і ананас і груша і виноград і вишня або черешня), консервований, у фруктовому соку, тверда частина та рідина
173027;Фруктовий коктейль, (персик і ананас і груша і виноград і вишня або черешня), консервований, легкий сироп, тверда частина та рідина
174667;Фруктовий коктейль, (персик і ананас і груша і виноград і вишня або черешня), консервований, у воді, тверда частина та рідина
168178;Фруктовий коктейль, консервований, високої жирності сироп, відціджений
167797;Фруктово-соковий смузі, BOLTHOUSE FARMS, Ягідний BOOST
167798;Фруктово-соковий смузі, BOLTHOUSE FARMS, Зелений GOODNESS
167799;Фруктово-соковий смузі, BOLTHOUSE FARMS, полуниця банан
168206;Фруктово-соковий смузі, NAKED JUICE, Блакитний MACHINE
167796;Фруктово-соковий смузі, NAKED JUICE, Зелений Мачіне
167795;Фруктово-соковий смузі, NAKED JUICE, MIGHTY Манго
168214;Фруктово-соковий смузі, NAKED JUICE, полуниця банан
168208;Фруктово-соковий смузі, ODWALLA, Оригінальний SUPERFOOD
168213;Фруктово-соковий смузі, ODWALLA, полуниця банан
174672;Фруктовий салат, (персик і груша і абрикос і ананас і вишня або черешня), консервований, додатковий високої жирності сироп, тверда частина та рідина
174670;Фруктовий салат, (персик і груша і абрикос і ананас і вишня або черешня), консервований, у фруктовому соку, тверда частина та рідина
174671;Фруктовий салат, (персик і груша і абрикос і ананас і вишня або черешня), консервований, легкий сироп, тверда частина та рідина
174669;Фруктовий салат, (персик і груша і абрикос і ананас і вишня або черешня), консервований, у воді, тверда частина та рідина
167764;Фруктовий салат, (ананас і папая і банан і гуава), тропічний, консервований, високої жирності сироп, тверда частина та рідина
167953;Фрукти сироп
168581;Фунгі, Клауд вуха, сушений
174421;М’ясо дичини, м’ясо бізона, мелений, у сирому вигляді
174423;"М’ясо дичини, м’ясо бізона, верхня філейна частина, лише відокремлюване пісне м’ясо, 1"" стейк, після приготування, підсмажений під грилем"
173844;М’ясо дичини, м’ясо антилопи, після приготування, запечений
175292;М’ясо дичини, м’ясо антилопи, у сирому вигляді
173846;М’ясо дичини, ведмежатина, після приготування, томлений
173845;М’ясо дичини, ведмежатина, у сирому вигляді
175295;М’ясо дичини, м’ясо бобра, після приготування, запечений
175294;М’ясо дичини, м’ясо бобра, у сирому вигляді
173848;М’ясо дичини, біфало, суміш з відруби, після приготування, запечений
175296;М’ясо дичини, біфало, суміш з відруби, у сирому вигляді
174424;М’ясо дичини, м’ясо бізона, шийно-лопаткова частина, плечовий м’якуш, лише відокремлюване пісне м’ясо, після приготування, тушкований
172598;М’ясо дичини, м’ясо бізона, шийно-лопаткова частина, плечовий м’якуш, лише відокремлюване пісне м’ясо, у сирому вигляді
174422;М’ясо дичини, м’ясо бізона, мелений, після приготування, підсмажений на сухій пательні
172599;"М’ясо дичини, м’ясо бізона, рібай, лише відокремлюване пісне м’ясо, 1"" стейк, після приготування, підсмажений під грилем"
172565;М’ясо дичини, м’ясо бізона, рібай, лише відокремлюване пісне м’ясо, жир обрізано до 0 дюймів, у сирому вигляді
173852;М’ясо дичини, м’ясо бізона, лише відокремлюване пісне м’ясо, після приготування, запечений
173851;М’ясо дичини, м’ясо бізона, лише відокремлюване пісне м’ясо, у сирому вигляді
172566;М’ясо дичини, м’ясо бізона, плечовий м’якуш, лише відокремлюване пісне м’ясо, жир обрізано до 0 дюймів, у сирому вигляді
172600;"М’ясо дичини, м’ясо бізона, верхня частина стегна, лише відокремлюване пісне м’ясо, 1"" стейк, після приготування, підсмажений під грилем"
172601;"М’ясо дичини, м’ясо бізона, верхня частина стегна, лише відокремлюване пісне м’ясо, 1"" стейк, у сирому вигляді"
172564;М’ясо дичини, м’ясо бізона, верхня філейна частина, лише відокремлюване пісне м’ясо, жир обрізано до 0 дюймів, у сирому вигляді
175298;М’ясо дичини, м’ясо дикого кабана, дикий, після приготування, запечений
175297;М’ясо дичини, м’ясо дикого кабана, дикий, у сирому вигляді
175300;М’ясо дичини, м’ясо буйвола, вода, після приготування, запечений
175299;М’ясо дичини, м’ясо буйвола, вода, у сирому вигляді
173854;М’ясо дичини, м’ясо карібу, після приготування, запечений
173853;М’ясо дичини, м’ясо карібу, у сирому вигляді
175085;М’ясо дичини, оленина, після приготування, запечений
172603;М’ясо дичини, оленина, мелений, після приготування, підсмажений на сухій пательні
172602;М’ясо дичини, оленина, мелений, у сирому вигляді
172604;"М’ясо дичини, оленина, корейка, лише відокремлюване пісне м’ясо, 1"" стейк, після приготування, підсмажений під грилем"
173855;М’ясо дичини, оленина, у сирому вигляді
172605;М’ясо дичини, оленина, плечовий м’якуш, лише відокремлюване пісне м’ясо, після приготування, тушкований
174430;М’ясо дичини, оленина, вирізка, лише відокремлюване пісне м’ясо, після приготування, підсмажений під грилем
174431;"М’ясо дичини, оленина, верхня частина стегна, лише відокремлюване пісне м’ясо, 1"" стейк, після приготування, підсмажений під грилем"
175302;М’ясо дичини, м’ясо вапіті, після приготування, запечений
174426;М’ясо дичини, м’ясо вапіті, мелений, після приготування, підсмажений на сухій пательні
174425;М’ясо дичини, м’ясо вапіті, мелений, у сирому вигляді
174427;М’ясо дичини, м’ясо вапіті, корейка, лише відокремлюване пісне м’ясо, після приготування, підсмажений під грилем
175301;М’ясо дичини, м’ясо вапіті, у сирому вигляді
174428;М’ясо дичини, м’ясо вапіті, тазостегнова частина, лише відокремлюване пісне м’ясо, після приготування, підсмажений під грилем
174429;М’ясо дичини, м’ясо вапіті, вирізка, лише відокремлюване пісне м’ясо, після приготування, підсмажений під грилем
175304;М’ясо дичини, козлятина, після приготування, запечений
175303;М’ясо дичини, козлятина, у сирому вигляді
175087;М’ясо дичини, хорсе, після приготування, запечений
175086;М’ясо дичини, хорсе, у сирому вигляді
174345;М’ясо дичини, лосятина, після приготування, запечений
174344;М’ясо дичини, лосятина, у сирому вигляді
172519;М’ясо дичини, м’ясо ондатри, після приготування, запечений
172518;М’ясо дичини, м’ясо ондатри, у сирому вигляді
172520;М’ясо дичини, м’ясо опосума, після приготування, запечений
172522;М’ясо дичини, кролятина, одомашнений, суміш з відруби, після приготування, запечений
174346;М’ясо дичини, кролятина, одомашнений, суміш з відруби, після приготування, тушкований
172521;М’ясо дичини, кролятина, одомашнений, суміш з відруби, у сирому вигляді
174348;М’ясо дичини, кролятина, дикий, після приготування, тушкований
174347;М’ясо дичини, кролятина, дикий, у сирому вигляді
174349;М’ясо дичини, м’ясо єнота, після приготування, запечений
172524;М’ясо дичини, м’ясо білки, після приготування, запечений
172523;М’ясо дичини, м’ясо білки, у сирому вигляді
167939;Часник хліб, заморожений
169230;Часник, у сирому вигляді
168775;Желатинові десерти, суха суміш
169596;Желатинові десерти, суха суміш, приготований з водою
169597;Желатинові десерти, суха суміш, зі зниженою калорійністю, з аспартам
169692;Желатинові десерти, суха суміш, зі зниженою калорійністю, з аспартам, доданий фосфорус, потассіум, натрій, вітамін К
169693;Желатинові десерти, суха суміш, зі зниженою калорійністю, з аспартам, без доданий натрій
169598;Желатинові десерти, суха суміш, зі зниженою калорійністю, з аспартам, приготований з водою
169691;Желатинові десерти, суха суміш, з з доданою аскорбіновою кислотою, натрій-кітрате і сіль
169599;Гелатінс, сухий порошок, без підсолоджувачів
173254;Георге Вестон Бакеріс, Броунберри Шавлія і Цибуля Начинка Суміш, сухий
167515;Георге Вестон Бакеріс, Томас Англійські мафіни
169765;Імбир рут, маринований, консервований, зі штучним підсолоджувачем
169231;Імбир рут, у сирому вигляді
167592;GLUTINO, Без глютену Печиво, Шоколад Ванільний Крем
167593;GLUTINO, Без глютену Печиво, Ванільний Крем
168002;GLUTINO, Без глютену Вафлі, Лимон Ароматизований
168003;GLUTINO, Без глютену Вафлі, Молочний шоколад
173032;Годжі берріс, сушений
172412;Гуска, одомашнений, м’ясо зі шкірою, після приготування, запечений
174470;Гуска, одомашнений, м’ясо зі шкірою, у сирому вигляді
172414;Гуска, одомашнений, лише м’ясо, після приготування, запечений
172413;Гуска, одомашнений, лише м’ясо, у сирому вигляді
172415;Гуска, печінка, у сирому вигляді
173031;Аґрус, консервований, у легкому сиропі, тверда частина та рідина
173030;Аґрус, у сирому вигляді
168530;Гарбузова культура, дішклот (тоуелгаурд), після приготування, відварений, відціджений, із сіллю
168415;Гарбузова культура, дішклот (тоуелгаурд), після приготування, відварений, відціджений, без солі
168414;Гарбузова культура, дішклот (тоуелгаурд), у сирому вигляді
169353;Гарбузова культура, білий-флоуеред (калабаш), після приготування, відварений, відціджений, із сіллю
169233;Гарбузова культура, білий-флоуеред (калабаш), після приготування, відварений, відціджений, без солі
169232;Гарбузова культура, білий-флоуеред (калабаш), у сирому вигляді
168095;Батончик гранола, м’який, молочний шоколад у покритті, арахісова паста
173041;Виноград сік, консервований або бутильований, без підсолоджувачів, з з доданою аскорбіновою кислотою
168207;Виноград сік, консервований або бутильований, без підсолоджувачів, з з доданою аскорбіновою кислотою і кальцій
173042;Виноград сік, консервований або бутильований, без підсолоджувачів, без з доданою аскорбіновою кислотою
169393;Виноград листя, консервований
168575;Виноград листя, у сирому вигляді
173038;Грейпфрут сік, рожевий або червоний, з доданим кальцієм
167774;Грейпфрут сік, рожевий, у сирому вигляді
168189;Грейпфрут сік, білий, бутильований, без підсолоджувачів, OCEAN SPRAY
174678;Грейпфрут сік, білий, консервований або бутильований, без підсолоджувачів
174679;Грейпфрут сік, білий, консервований, підсолоджений
174681;Грейпфрут сік, білий, заморожений концентрат, без підсолоджувачів, розведений з 3 об’єм вода
174680;Грейпфрут сік, білий, заморожений концентрат, без підсолоджувачів, нерозведений
173039;Грейпфрут сік, білий, у сирому вигляді
173033;Грейпфрут, у сирому вигляді, рожевий і червоний і білий, усі аріс
174674;Грейпфрут, у сирому вигляді, рожевий і червоний, Каліфорнійський і Арізона
174675;Грейпфрут, у сирому вигляді, рожевий і червоний, Флоріда
174673;Грейпфрут, у сирому вигляді, рожевий і червоний, усі аріс
174677;Грейпфрут, у сирому вигляді, білий, Каліфорнійський
173034;Грейпфрут, у сирому вигляді, білий, Флоріда
174676;Грейпфрут, у сирому вигляді, білий, усі аріс
173036;Грейпфрут, секшнс, консервований, у фруктовому соку, тверда частина та рідина
173037;Грейпфрут, секшнс, консервований, у легкому сиропі, тверда частина та рідина
173035;Грейпфрут, секшнс, консервований, у воді, тверда частина та рідина
174682;Виноград, американський тип (сліп шкіра), у сирому вигляді
174685;Виноград, консервований, томпсон без насіння, у густому сиропі, тверда частина та рідина
174684;Виноград, консервований, томпсон без насіння, у воді, тверда частина та рідина
173040;Виноград, мускадіне, у сирому вигляді
174683;Виноград, червоний або зелений (Європейський тип, суч як Томпсон без насіння), у сирому вигляді
171600;Підлива, CAMPBELL'S, курятина
174072;Підлива, HEINZ Домашній Стиль, класичний курятина
171599;Підлива, HEINZ Домашній Стиль, чабер яловичина
171168;Підлива, о джус, консервований
171169;Підлива, о джус, сухий
171564;Підлива, яловичина, консервований, готовий до подавання
171588;Підлива, коричневий розчинний, сухий
171565;Підлива, коричневий, сухий
171566;Підлива, курятина, консервований або бутильований, готовий до подавання
171567;Підлива, курятина, сухий
171589;Підлива, розчинний яловичина, сухий
171590;Підлива, розчинний індичатина, сухий
171598;Підлива, м’ясо або м’ясо птиці, зі зниженим вмістом натрію, приготований
171170;Підлива, гриб, консервований
171171;Підлива, гриб, сухий, порошок
171172;Підлива, цибуля, сухий, суміш
171173;Підлива, свинина, сухий, порошок
171568;Підлива, індичатина, консервований, готовий до подавання
171569;Підлива, індичатина, сухий
171570;Підлива, не уточнено тип, сухий
173043;Граундчерріс, (капе-аґрус або поха), у сирому вигляді
168196;Гуанабана нектар, консервований
167784;Гуава нектар, консервований, з з доданою аскорбіновою кислотою
168210;Гуава нектар, з сукралосе, консервований
174686;Гуава соус, після приготування
173044;Гуавас, звичайний, у сирому вигляді
173045;Гуавас, полуниця, у сирому вигляді
172416;Цесарка, м’ясо зі шкірою, у сирому вигляді
174471;Цесарка, лише м’ясо, у сирому вигляді
169045;Гумс, насіння гумс (включає локуст квасоля, гуар)
168320;HORMEL ALWAYS TENDER, Без кістки Свинина Корейка, Свіжий Свинина
168319;HORMEL ALWAYS TENDER, Центральний відруб Відбивні, Свіжий Свинина
168318;HORMEL ALWAYS TENDER, Свинина Корейка Філетс, Лимон Часник-Ароматизований
168317;HORMEL ALWAYS TENDER, Свинина Вирізка, Пепперкорн-Ароматизований
167910;HORMEL ALWAYS TENDER, Свинина Вирізка, Теріиакі-Ароматизований
167911;HORMEL Канадіан Стиль Бекон
167909;HORMEL, Куре 81 Шинка
173327;Гострий POCKETS Шинка 'Н Сир Стуффед Сендвіч, заморожений
173326;Гострий POCKETS, CROISSANT POCKETS Курятина, Броколі, і Чедер Стуффед Сендвіч, заморожений
172107;Гострий POCKETS, мітбаллс & моцарела стуффед сендвіч, заморожений
173788;HOUSE Харчові продукти Преміальний Щільний Тофу
173787;HOUSE Харчові продукти Преміальний М’який Тофу
169782;HUNGRY MAN, Салісбури Стейк З підливою, заморожений, не приготовлений
171628;Шинка і сир буханець або рулет або булочка
171629;Шинка і сирна паста
173866;Шинка салат спред
171626;Шинка, подрібнений, консервований
171627;Шинка, подрібнений, не консервований
174611;Шинка, мед, копчений, після приготування
173865;Шинка, дрібно нарізаний
173863;Шинка, нарізаний скибками, пре-фасований, делі м’ясо (96%знежирений, вода доданий)
173864;Шинка, нарізаний скибками, звичайний (приблизно 11% жир)
173881;Шинка, копчений, особливо пісний, зі зниженим вмістом натрію
168092;Шинка, індичатина, нарізаний скибками, особливо пісний, препакагед або делі
171630;Хідчісе, свинина
168569;Хіртс з пальма, консервований
167714;Хіртс з пальма, у сирому вигляді
167922;Хеінз, Веайт Вачер, Шоколад Еклейр, заморожений
169701;Хоміни, консервований, білий
169752;Хоміни, консервований, жовтий
169640;Мед
172943;Мед булочка ковбаса, яловичина
174593;HORMEL Піллоу Пак Нарізаний скибками Індичатина Пепероні
167791;Хорнед диня (Ківано)
173472;Хорсерадіш, приготований
174289;Хуммус, категорія Промисловий
172454;Хуммус, домашнього приготування
174999;Хуш пуппіс, приготований за рецептом
175253;Гіацинтові боби, зріле насіння, після приготування, відварений, із сіллю
175211;Гіацинтові боби, зріле насіння, після приготування, відварений, без солі
175210;Гіацинтові боби, зріле насіння, у сирому вигляді
168533;Гіацинтові боби, незріле насіння, після приготування, відварений, відціджений, із сіллю
169235;Гіацинтові боби, незріле насіння, після приготування, відварений, відціджений, без солі
169234;Гіацинтові боби, незріле насіння, у сирому вигляді
171305;Морозиво батончик, вкритий з шоколад і горіхи
171294;Морозиво батончик, паличка або нуггет, з хрусткий покриття
172228;Морозиво ріжок, вкритий шоколадом, з горіхами, смаки інші ніж шоколад
175000;Морозиво конес, торт або кекс або вафля-тип
175001;Морозиво конес, цукор, роллед-тип
172227;Морозиво печиво сендвіч
172226;Морозиво сендвіч
172229;Морозиво сендвіч, виготовлений із легкий морозиво, ванільний
172230;Морозиво сендвіч, ванільний, легкий, без додавання цукру
171306;Морозиво сундае ріжок
173466;Морозиво, батончик або паличка, вкритий шоколадом
171293;Морозиво, легкий, м’який подавання, шоколад
170911;Морозиво, з низьким вмістом жиру, без додавання цукру, ріжок, доданий арахіс і шоколад соус
173465;Морозиво, м’який подавання, шоколад
170269;Морозиво, BREYERS, 98% Знежирений Шоколад
170661;Морозиво, BREYERS, 98% Знежирений Ванільний
170268;Морозиво, BREYERS, Усі Натуральний Легкий Французький Шоколад
170660;Морозиво, BREYERS, Усі Натуральний Легкий Французький Ванільний
170663;Морозиво, BREYERS, Усі Натуральний Легкий Мінт Шоколад Чипс
170261;Морозиво, BREYERS, Усі Натуральний Легкий Ванільний
170662;Морозиво, BREYERS, Усі Натуральний Легкий Ванільний Шоколад Полуниця
170262;Морозиво, BREYERS, Без додавання цукру, Вершкове масло Пекан
170668;Морозиво, BREYERS, Без додавання цукру, Шоколад Карамель
170263;Морозиво, BREYERS, Без додавання цукру, Французький Ванільний
170264;Морозиво, BREYERS, Без додавання цукру, Ванільний
170664;Морозиво, BREYERS, Без додавання цукру, Ванільний Шоколад Полуниця
170265;Морозиво, BREYERS, Без додавання цукру, Ванільний Фадж Твірл
168809;Морозиво, шоколад
167585;Морозиво, шоколад, легкий
169633;Морозиво, шоколад, легкий, без додавання цукру
168136;Морозиво, шоколад, річ
167981;Морозиво, французький ванільний, м’який-подавання
170270;Морозиво, звичайний, низький карбохидрате, шоколад
170671;Морозиво, звичайний, низький карбохидрате, ванільний
168810;Морозиво, полуниця
167575;Морозиво, ванільний
170659;Морозиво, ванільний, знежирений
167572;Морозиво, ванільний, легкий
169631;Морозиво, ванільний, легкий, без додавання цукру
167576;Морозиво, ванільний, легкий, м’який-подавання
167573;Морозиво, ванільний, річ
168089;Імітація сир, американський або чедер, низький чолестерол
174656;Інкапаріна, суха суміш (кукурудза і сой флаурс), не приготовлений
169786;Молочна суміш для немовлят, GERBER Категорія Гуд Старт 2, GENTLE Плюс, порошок
170997;Молочна суміш для немовлят, GERBER Категорія Гуд Старт 2, GENTLE Плюс, готовий до годування
171387;Молочна суміш для немовлят, MEAD JOHNSON, ENFAMIL GENTLEASE, із залізом, приготований з порошок
170986;Молочна суміш для немовлят, MEAD JOHNSON, ENFAMIL, ENFACARE, готовий до годування, з ARA і DHA
171389;Молочна суміш для немовлят, MEAD JOHNSON, ENFAMIL, GENTLEASE, з ARA і DHA порошок нерозведений
168966;Молочна суміш для немовлят, MEAD JOHNSON, ENFAMIL, Невборн, з ARA і DHA, порошок
170994;Молочна суміш для немовлят, MEAD JOHNSON, ENFAMIL, Невборн, з DHA і ARA, готовий до годування
168968;Молочна суміш для немовлят, MEAD JOHNSON, ENFAMIL, Преміальний LIPIL, Для немовлят, Рідкий концентрат, нерозведений
168967;Молочна суміш для немовлят, MEAD JOHNSON, ENFAMIL, Преміальний LIPIL, Для немовлят, порошок
168969;Молочна суміш для немовлят, MEAD JOHNSON, ENFAMIL, Преміальний, Для немовлят, Рідкий концентрат, нерозведений
169791;Молочна суміш для немовлят, MEAD JOHNSON, ENFAMIL, Преміальний, Для немовлят, порошок
169790;Молочна суміш для немовлят, MEAD JOHNSON, ENFAMIL, Преміальний, Для немовлят, готовий до годування
170988;Молочна суміш для немовлят, ABBOTT NUTRITION, ALIMENTUM Покращений, із залізом, порошок, нерозведений, з DHA і ARA
172323;Молочна суміш для немовлят, ABBOTT NUTRITION, SIMILAC NEOSURE, готовий до годування, з ARA і DHA
172326;Молочна суміш для немовлят, ABBOTT NUTRITION, SIMILAC, Покращений, із залізом, рідкий концентрат, нерозведений
173561;Молочна суміш для немовлят, ABBOTT NUTRITION, SIMILAC, Покращений, із залізом, порошок, нерозведений
173560;Молочна суміш для немовлят, ABBOTT NUTRITION, SIMILAC, Покращений, із залізом, готовий до годування
172318;Молочна суміш для немовлят, ABBOTT NUTRITION, SIMILAC, ALIMENTUM, Покращений, готовий до годування, з ARA і DHA
172310;Молочна суміш для немовлят, ABBOTT NUTRITION, SIMILAC, ALIMENTUM, із залізом, готовий до годування
171396;Молочна суміш для немовлят, ABBOTT NUTRITION, SIMILAC, Експерт Каре, Діаррхі, готовий- до- годування з ARA і DHA
171399;Молочна суміш для немовлят, ABBOTT NUTRITION, SIMILAC, Для Спіт Уп, порошок, з ARA і DHA
171397;Молочна суміш для немовлят, ABBOTT NUTRITION, SIMILAC, Для Спіт Уп, готовий до годування, з ARA і DHA
168971;Молочна суміш для немовлят, ABBOTT NUTRITION, SIMILAC, GO І GROW, порошок, з ARA і DHA
171395;Молочна суміш для немовлят, ABBOTT NUTRITION, SIMILAC, GO І GROW, готовий до годування, з ARA і DHA
171382;Молочна суміш для немовлят, ABBOTT NUTRITION, SIMILAC, ISOMIL, Покращений із залізом, рідкий концентрат
171384;Молочна суміш для немовлят, ABBOTT NUTRITION, SIMILAC, ISOMIL, Покращений із залізом, порошок, нерозведений
171383;Молочна суміш для немовлят, ABBOTT NUTRITION, SIMILAC, ISOMIL, Покращений із залізом, готовий до годування
173542;Молочна суміш для немовлят, ABBOTT NUTRITION, SIMILAC, ISOMIL, із залізом, рідкий концентрат
173543;Молочна суміш для немовлят, ABBOTT NUTRITION, SIMILAC, ISOMIL, із залізом, порошок, нерозведений
173541;Молочна суміш для немовлят, ABBOTT NUTRITION, SIMILAC, ISOMIL, із залізом, готовий до годування
172324;Молочна суміш для немовлят, ABBOTT NUTRITION, SIMILAC, NEOSURE, порошок, з ARA і DHA
172307;Молочна суміш для немовлят, ABBOTT NUTRITION, SIMILAC, PM 60/40, порошок нерозведений
172325;Молочна суміш для немовлят, ABBOTT NUTRITION, SIMILAC, SENSITIVE (Без лактози) готовий до годування, з ARA і DHA
173558;Молочна суміш для немовлят, ABBOTT NUTRITION, SIMILAC, SENSITIVE, (Без лактози), рідкий концентрат, з ARA і DHA
173559;Молочна суміш для немовлят, ABBOTT NUTRITION, SIMILAC, SENSITIVE, (Без лактози), порошок, з ARA і DHA
172312;Молочна суміш для немовлят, ABBOTT NUTRITION, SIMILAC, із залізом, рідкий концентрат, нерозведений
173546;Молочна суміш для немовлят, ABBOTT NUTRITION, SIMILAC, із залізом, порошок, нерозведений
168972;Молочна суміш для немовлят, GERBER, Категорія Гуд Старт 2 SOY, із залізом, порошок
170995;Молочна суміш для немовлят, GERBER, Категорія Гуд Старт 2 Сой, із залізом, готовий до годування
169787;Молочна суміш для немовлят, GERBER, Категорія Гуд Старт 2, PROTECT Плюс, порошок
171394;Молочна суміш для немовлят, GERBER, Категорія Гуд Старт 2, PROTECT Плюс, готовий до годування
169785;Молочна суміш для немовлят, GERBER, Категорія Гуд Старт, PROTECT Плюс, порошок
170996;Молочна суміш для немовлят, GERBER, Категорія Гуд Старт, PROTECT Плюс, готовий до годування
172304;Молочна суміш для немовлят, MEAD JOHNSON, ENFAMIL LIPIL, із залізом, готовий до годування, з ARA і DHA
172322;Молочна суміш для немовлят, MEAD JOHNSON, ENFAMIL, AR, порошок, з ARA і DHA
172321;Молочна суміш для немовлят, MEAD JOHNSON, ENFAMIL, AR, готовий до годування, з ARA і DHA
172311;Молочна суміш для немовлят, MEAD JOHNSON, ENFAMIL, ENFACARE, із залізом, порошок, з ARA і DHA
168970;Молочна суміш для немовлят, MEAD JOHNSON, ENFAMIL, ENFAGROW, GENTLEASE, Для дітей раннього віку трансішнс, з ARA і DHA, порошок
169788;Молочна суміш для немовлят, MEAD JOHNSON, ENFAMIL, ENFAGROW, Сой, Для дітей раннього віку трансішнс, з ARA і DHA, порошок
171390;Молочна суміш для немовлят, MEAD JOHNSON, ENFAMIL, Енфагроу, Сой, Для дітей раннього віку готовий до годування
172306;Молочна суміш для немовлят, MEAD JOHNSON, ENFAMIL, Для немовлят, готовий до годування, з ARA і DHA
172303;Молочна суміш для немовлят, MEAD JOHNSON, ENFAMIL, Для немовлят, із залізом, рідкий концентрат, з ARA і DHA, реконстітутед
172302;Молочна суміш для немовлят, MEAD JOHNSON, ENFAMIL, Для немовлят, із залізом, порошок, з ARA і DHA
173537;Молочна суміш для немовлят, MEAD JOHNSON, ENFAMIL, LIPIL, низький залізо, рідкий концентрат, з ARA і DHA
172305;Молочна суміш для немовлят, MEAD JOHNSON, ENFAMIL, LIPIL, низький залізо, готовий до годування, з ARA і DHA
171391;Молочна суміш для немовлят, MEAD JOHNSON, ENFAMIL, NUTRAMIGEN AA, готовий до годування
172308;Молочна суміш для немовлят, MEAD JOHNSON, ENFAMIL, NUTRAMIGEN З LGG, із залізом, порошок, нерозведений, з ARA і DHA
168973;Молочна суміш для немовлят, MEAD JOHNSON, ENFAMIL, NUTRAMIGEN, Пураміно, порошок, нерозведений
173544;Молочна суміш для немовлят, MEAD JOHNSON, ENFAMIL, NUTRAMIGEN, із залізом, рідкий концентрат нерозведений, з ARA і DHA
172309;Молочна суміш для немовлят, MEAD JOHNSON, ENFAMIL, NUTRAMIGEN, із залізом, готовий до годування, з ARA і DHA
173547;Молочна суміш для немовлят, MEAD JOHNSON, ENFAMIL, PROSOBEE, рідкий концентрат, реконстітутед, з ARA і DHA
173545;Молочна суміш для немовлят, MEAD JOHNSON, ENFAMIL, PROSOBEE, із залізом, порошок, нерозведений, з ARA і DHA
168974;Молочна суміш для немовлят, MEAD JOHNSON, ENFAMIL, Прематуре, 20 калорії готовий до годування Низький залізо
169789;Молочна суміш для немовлят, MEAD JOHNSON, ENFAMIL, Прематуре, 24 калорії готовий до годування Низький залізо
171392;Молочна суміш для немовлят, MEAD JOHNSON, ENFAMIL, Прематуре, із залізом, 20 калорії, готовий до годування
171393;Молочна суміш для немовлят, MEAD JOHNSON, ENFAMIL, Прематуре, із залізом, 24 калорії, готовий до годування
172301;Молочна суміш для немовлят, MEAD JOHNSON, ENFAMIL, із залізом, порошок
173522;Молочна суміш для немовлят, MEAD JOHNSON, ENFAMIL 24, готовий до годування, з ARA і DHA
173523;Молочна суміш для немовлят, MEAD JOHNSON, ENFAMIL Енспіре Порошок, з ARA і DHA, нерозведений
172290;Молочна суміш для немовлят, MEAD JOHNSON, ENFAMIL Прематуре 30 Калорії, готовий до годування, з ARA і DHA
172289;Молочна суміш для немовлят, MEAD JOHNSON, ENFAMIL Прематуре Високий Білок 24 Калорії, готовий до годування, з ARA і DHA
172292;Молочна суміш для немовлят, MEAD JOHNSON, ENFAMIL Регуліне Порошок, з ARA і DHA, нерозведений
173524;Молочна суміш для немовлят, MEAD JOHNSON, ENFAMIL Регуліне, готовий до годування, з ARA і DHA
172291;Молочна суміш для немовлят, MEAD JOHNSON, ENFAMIL для Супплементінг, порошок, з ARA і DHA, нерозведений
172295;Молочна суміш для немовлят, MEAD JOHNSON, ENFAMIL для Супплементінг, готовий до годування, з ARA і DHA
173525;Молочна суміш для немовлят, MEAD JOHNSON, Гентлісе, готовий до годування, з ARA і DHA
173552;Молочна суміш для немовлят, MEAD JOHNSON, NEXT STEP PROSOBEE, порошок, нерозведений
172314;Молочна суміш для немовлят, MEAD JOHNSON, NEXT STEP, PROSOBEE LIPIL, порошок, з ARA і DHA
172315;Молочна суміш для немовлят, MEAD JOHNSON, NEXT STEP, PROSOBEE, LIPIL, готовий до годування, з ARA і DHA
173538;Молочна суміш для немовлят, MEAD JOHNSON, PREGESTIMIL, із залізом, порошок, з ARA і DHA, нерозведений
173539;Молочна суміш для немовлят, MEAD JOHNSON, PREGESTIMIL, із залізом, з ARA і DHA, приготований з порошок
173548;Молочна суміш для немовлят, MEAD JOHNSON, PROSOBEE, із залізом, готовий до годування, з ARA і DHA
173540;Молочна суміш для немовлят, MEAD JOHNSON, PROSOBEE, із залізом, готовий до годування
173527;Молочна суміш для немовлят, MEAD JOHNSON, Прегестіміл 20 Калорії, готовий до годування, з ARA і DHA
172293;Молочна суміш для немовлят, MEAD JOHNSON, Прегестіміл 24 Калорії, готовий до годування, з ARA і DHA
173553;Молочна суміш для немовлят, MEAD JOHNSON, NEXT STEP PROSOBEE, приготований з порошок
173551;Молочна суміш для немовлят, NESTLE, Категорія Гуд Старт ESSENTIALS SOY, із залізом, порошок
172316;Молочна суміш для немовлят, NESTLE, Категорія Гуд Старт SOY, з ARA і DHA, порошок
170991;Молочна суміш для немовлят, NESTLE, Категорія Гуд Старт SOY, з DHA і ARA, рідкий концентрат
173549;Молочна суміш для немовлят, NESTLE, Категорія Гуд Старт SOY, з DHA і ARA, готовий до годування
171386;Молочна суміш для немовлят, NESTLE, Категорія Гуд Старт SUPREME, із залізом, DHA і ARA, приготований з рідкий концентрат
171385;Молочна суміш для немовлят, NESTLE, Категорія Гуд Старт SUPREME, із залізом, DHA і ARA, готовий до годування
173535;Молочна суміш для немовлят, NESTLE, Категорія Гуд Старт SUPREME, із залізом, рідкий концентрат, нерозведений
173536;Молочна суміш для немовлят, NESTLE, Категорія Гуд Старт SUPREME, із залізом, порошок
172320;Молочна суміш для немовлят, PBM Продукти, магазинний торгова марка, рідкий концентрат, нерозведений
173554;Молочна суміш для немовлят, PBM Продукти, магазинний торгова марка, порошок
172319;Молочна суміш для немовлят, PBM Продукти, магазинний торгова марка, готовий до годування
173556;Молочна суміш для немовлят, PBM Продукти, магазинний торгова марка, сой, рідкий концентрат, нерозведений
173557;Молочна суміш для немовлят, PBM Продукти, магазинний торгова марка, сой, порошок
173555;Молочна суміш для немовлят, PBM Продукти, магазинний торгова марка, сой, готовий до годування
167923;Інтерстате Брандс Корп, Вондер Гамбургер Булочки
169784;JIMMY DEAN, Ковбаса, Яйце, і Сир Сніданок Американська булочка, заморожений, не приготовлений
168190;Джекфрут, консервований, сироп пакування
174687;Джекфрут, у сирому вигляді
169641;Джеми та варення
170645;Джеми та варення, абрикос
169058;Джеми та варення, без цукор (з натрій сахарин), ани смак
167706;Джамс, пресервес, мармаладе, зі зниженим вмістом цукру
170280;Джамс, пресервес, мармаладес, підсолоджений із фруктами сік
168150;Джава-слива, (джамболан), у сирому вигляді
169642;Желе
169879;Желе, без цукор (з натрій сахарин), ани смаки
168145;Желе, зі зниженим вмістом цукру, домашній пресервед
168129;Джеллифіш, сушений, солоний
169236;Джерусалем-артишоки, у сирому вигляді
169237;Джев’с ір, (пепіо), у сирому вигляді
168197;Сік, яблуко і виноград суміш, з з доданою аскорбіновою кислотою
168198;Сік, яблуко, виноград і груша суміш, з з доданою аскорбіновою кислотою і кальцій
168152;Джуджубе, Китайський, свіжий, сушений
168151;Джуджубе, у сирому вигляді
169354;Джут, листя, потерб, після приготування, відварений, відціджений, із сіллю
168420;Джут, листя, потерб, після приготування, відварений, відціджений, без солі
168419;Джут, листя, потерб, у сирому вигляді
172211;KRAFT BREAKSTONE'S Без Знежирений Сметана
172210;KRAFT BREAKSTONE'S Зі зниженим вмістом жиру Сметана
173446;KRAFT CHEEZ WHIZ Легкий Пастеризований плавлений сир Продукт
172209;KRAFT CHEEZ WHIZ Пастеризований плавлений сир Соус
173447;KRAFT Без Сінглес Американський Знежирений Пастеризований плавлений сир Продукт
173449;KRAFT VELVEETA Легкий Зі зниженим вмістом жиру Пастеризований плавлений сир Продукт
173448;KRAFT VELVEETA Пастеризований плавлений сир Спред
169355;Кейл, після приготування, відварений, відціджений, із сіллю
169238;Кейл, після приготування, відварений, відціджений, без солі
169356;Кейл, заморожений, після приготування, відварений, відціджений, із сіллю
169240;Кейл, заморожений, після приготування, відварений, відціджений, без солі
169239;Кейл, заморожений, не приготовлений
168421;Кейл, у сирому вигляді
169241;Канпио, (сушений гарбузова культура смужки)
173255;Кіблер, Кіблер Шоколад Із борошна Ґрема SELECTS
170904;Кефір, з низьким вмістом жиру, без добавок, LIFEWAY
171301;Кефір, з низьким вмістом жиру, полуниця, LIFEWAY
167936;Кеікітос (мафіни), Латіно бакери ітем
174607;Кільбаса, Поліш, індичатина і яловичина, копчений
173877;Кільбаса, повністю приготовлений, приготований на грилі
173878;Кільбаса, повністю приготовлений, смажений на пательні
173879;Кільбаса, повністю приготовлений, без підігрівання
168211;Ківі, ZESPRI Сунголд, у сирому вигляді
168153;Ківі, зелений, у сирому вигляді
173867;Кнаквурст, кноквурст, свинина, яловичина
169357;Кольрабі, після приготування, відварений, відціджений, із сіллю
168425;Кольрабі, після приготування, відварений, відціджений, без солі
168424;Кольрабі, у сирому вигляді
167514;KRAFT Харчові продукти, Шейк Н Випікання Оригінальний Рецепт, Покриття для Свинина, сухий
175079;KRAFT, Стове Верхній Начинка Суміш Курятина Смак
168154;Кумкватс, у сирому вигляді
172108;Пісний POCKETS, Шинка Н Чедер
172608;Баранина, Австралійський, мелений, 85% пісний / 15% жир, у сирому вигляді
174398;Баранина, Австралійський, імпортований, свіжий, суміш обрізаних роздрібних відрубів, відокремлювані пісне м’ясо та жир, жир обрізано до 1/8 дюйма, після приготування
174397;Баранина, Австралійський, імпортований, свіжий, суміш обрізаних роздрібних відрубів, відокремлювані пісне м’ясо та жир, жир обрізано до 1/8 дюйма, у сирому вигляді
174400;Баранина, Австралійський, імпортований, свіжий, суміш обрізаних роздрібних відрубів, лише відокремлюване пісне м’ясо, жир обрізано до 1/8 дюйма, після приготування
174399;Баранина, Австралійський, імпортований, свіжий, суміш обрізаних роздрібних відрубів, лише відокремлюване пісне м’ясо, жир обрізано до 1/8 дюйма, у сирому вигляді
174891;Баранина, Австралійський, імпортований, свіжий, зовнішній жир, після приготування
174892;Баранина, Австралійський, імпортований, свіжий, зовнішній жир, у сирому вигляді
172575;Баранина, Австралійський, імпортований, свіжий, передня голяшка, відокремлювані пісне м’ясо та жир, жир обрізано до 1/8 дюйма, після приготування, тушкований
172574;Баранина, Австралійський, імпортований, свіжий, передня голяшка, відокремлювані пісне м’ясо та жир, жир обрізано до 1/8 дюйма, у сирому вигляді
174402;Баранина, Австралійський, імпортований, свіжий, передня голяшка, лише відокремлюване пісне м’ясо, жир обрізано до 1/8 дюйма, після приготування, тушкований
174401;Баранина, Австралійський, імпортований, свіжий, передня голяшка, лише відокремлюване пісне м’ясо, жир обрізано до 1/8 дюйма, у сирому вигляді
172658;Баранина, Австралійський, імпортований, свіжий, ніжка, нижній, без кістки, відокремлювані пісне м’ясо та жир, жир обрізано до 1/8 дюйма, після приготування, запечений
172659;Баранина, Австралійський, імпортований, свіжий, ніжка, нижній, без кістки, відокремлювані пісне м’ясо та жир, жир обрізано до 1/8 дюйма, у сирому вигляді
174885;Баранина, Австралійський, імпортований, свіжий, ніжка, нижній, без кістки, лише відокремлюване пісне м’ясо, жир обрізано до 1/8 дюйма, після приготування, запечений
172653;Баранина, Австралійський, імпортований, свіжий, ніжка, нижній, без кістки, лише відокремлюване пісне м’ясо, жир обрізано до 1/8 дюйма, у сирому вигляді
174411;Баранина, Австралійський, імпортований, свіжий, ніжка, центральна скибка, на кістці, відокремлювані пісне м’ясо та жир, жир обрізано до 1/8 дюйма, після приготування, підсмажений під грилем
174410;Баранина, Австралійський, імпортований, свіжий, ніжка, центральна скибка, на кістці, відокремлювані пісне м’ясо та жир, жир обрізано до 1/8 дюйма, у сирому вигляді
172585;Баранина, Австралійський, імпортований, свіжий, ніжка, центральна скибка, на кістці, лише відокремлюване пісне м’ясо, жир обрізано до 1/8 дюйма, після приготування, підсмажений під грилем
174412;Баранина, Австралійський, імпортований, свіжий, ніжка, центральна скибка, на кістці, лише відокремлюване пісне м’ясо, жир обрізано до 1/8 дюйма, у сирому вигляді
174893;Баранина, Австралійський, імпортований, свіжий, ніжка, хіндшанк, хіл з, на кістці, відокремлювані пісне м’ясо та жир, жир обрізано до 1/8 дюйма, після приготування, тушкований
174894;Баранина, Австралійський, імпортований, свіжий, ніжка, хіндшанк, хіл з, на кістці, відокремлювані пісне м’ясо та жир, жир обрізано до 1/8 дюйма, у сирому вигляді
174886;Баранина, Австралійський, імпортований, свіжий, ніжка, хіндшанк, хіл з, на кістці, лише відокремлюване пісне м’ясо, жир обрізано до 1/8 дюйма, після приготування, тушкований
174887;Баранина, Австралійський, імпортований, свіжий, ніжка, хіндшанк, хіл з, на кістці, лише відокремлюване пісне м’ясо, жир обрізано до 1/8 дюйма, у сирому вигляді
172579;Баранина, Австралійський, імпортований, свіжий, ніжка, голяшка половина, відокремлювані пісне м’ясо та жир, жир обрізано до 1/8 дюйма, після приготування, запечений
172578;Баранина, Австралійський, імпортований, свіжий, ніжка, голяшка половина, відокремлювані пісне м’ясо та жир, жир обрізано до 1/8 дюйма, у сирому вигляді
174405;Баранина, Австралійський, імпортований, свіжий, ніжка, голяшка половина, лише відокремлюване пісне м’ясо, жир обрізано до 1/8 дюйма, після приготування, запечений
172580;Баранина, Австралійський, імпортований, свіжий, ніжка, голяшка половина, лише відокремлюване пісне м’ясо, жир обрізано до 1/8 дюйма, у сирому вигляді
172583;Баранина, Австралійський, імпортований, свіжий, ніжка, філейна частина відбивні, без кістки, відокремлювані пісне м’ясо та жир, жир обрізано до 1/8 дюйма, після приготування, підсмажений під грилем
172582;Баранина, Австралійський, імпортований, свіжий, ніжка, філейна частина відбивні, без кістки, відокремлювані пісне м’ясо та жир, жир обрізано до 1/8 дюйма, у сирому вигляді
174409;Баранина, Австралійський, імпортований, свіжий, ніжка, філейна частина відбивні, без кістки, лише відокремлюване пісне м’ясо, жир обрізано до 1/8 дюйма, після приготування, підсмажений під грилем
172584;Баранина, Австралійський, імпортований, свіжий, ніжка, філейна частина відбивні, без кістки, лише відокремлюване пісне м’ясо, жир обрізано до 1/8 дюйма, у сирому вигляді
174407;Баранина, Австралійський, імпортований, свіжий, ніжка, філейна частина половина, без кістки, відокремлювані пісне м’ясо та жир, жир обрізано до 1/8 дюйма, після приготування, запечений
174406;Баранина, Австралійський, імпортований, свіжий, ніжка, філейна частина половина, без кістки, відокремлювані пісне м’ясо та жир, жир обрізано до 1/8 дюйма, у сирому вигляді
172581;Баранина, Австралійський, імпортований, свіжий, ніжка, філейна частина половина, без кістки, лише відокремлюване пісне м’ясо, жир обрізано до 1/8 дюйма, після приготування, запечений
174408;Баранина, Австралійський, імпортований, свіжий, ніжка, філейна частина половина, без кістки, лише відокремлюване пісне м’ясо, жир обрізано до 1/8 дюйма, у сирому вигляді
174895;Баранина, Австралійський, імпортований, свіжий, ніжка, троттер без, на кістці, відокремлювані пісне м’ясо та жир, жир обрізано до 1/8 дюйма, після приготування, запечений
174896;Баранина, Австралійський, імпортований, свіжий, ніжка, троттер без, на кістці, відокремлювані пісне м’ясо та жир, жир обрізано до 1/8 дюйма, у сирому вигляді
172654;Баранина, Австралійський, імпортований, свіжий, ніжка, троттер без, на кістці, лише відокремлюване пісне м’ясо, жир обрізано до 1/8 дюйма, після приготування, запечений
172655;Баранина, Австралійський, імпортований, свіжий, ніжка, троттер без, на кістці, лише відокремлюване пісне м’ясо, жир обрізано до 1/8 дюйма, у сирому вигляді
174404;Баранина, Австралійський, імпортований, свіжий, ніжка, цілий (голяшка і філейна частина), відокремлювані пісне м’ясо та жир, жир обрізано до 1/8 дюйма, після приготування, запечений
174403;Баранина, Австралійський, імпортований, свіжий, ніжка, цілий (голяшка і філейна частина), відокремлювані пісне м’ясо та жир, жир обрізано до 1/8 дюйма, у сирому вигляді
172577;Баранина, Австралійський, імпортований, свіжий, ніжка, цілий (голяшка і філейна частина), лише відокремлюване пісне м’ясо, жир обрізано до 1/8 дюйма, після приготування, запечений
172576;Баранина, Австралійський, імпортований, свіжий, ніжка, цілий (голяшка і філейна частина), лише відокремлюване пісне м’ясо, жир обрізано до 1/8 дюйма, у сирому вигляді
172587;Баранина, Австралійський, імпортований, свіжий, корейка, відокремлювані пісне м’ясо та жир, жир обрізано до 1/8 дюйма, після приготування, підсмажений під грилем
172586;Баранина, Австралійський, імпортований, свіжий, корейка, відокремлювані пісне м’ясо та жир, жир обрізано до 1/8 дюйма, у сирому вигляді
174413;Баранина, Австралійський, імпортований, свіжий, корейка, лише відокремлюване пісне м’ясо, жир обрізано до 1/8 дюйма, після приготування, підсмажений під грилем
172588;Баранина, Австралійський, імпортований, свіжий, корейка, лише відокремлюване пісне м’ясо, жир обрізано до 1/8 дюйма, у сирому вигляді
172663;Баранина, Австралійський, імпортований, свіжий, каре, ростбіф або запечений відруб, зачищений по-французьки, на кістці, відокремлювані пісне м’ясо та жир, жир обрізано до 1/8 дюйма, після приготування, запечений
174890;Баранина, Австралійський, імпортований, свіжий, каре, ростбіф або запечений відруб, зачищений по-французьки, на кістці, лише відокремлюване пісне м’ясо, жир обрізано до 1/8 дюйма, після приготування, запечений
172662;Баранина, Австралійський, імпортований, свіжий, каре, ростбіф або запечений відруб, зачищений по-французьки, повністю зачищений від поверхневого жиру, на кістці, відокремлювані пісне м’ясо та жир, жир обрізано до 0 дюймів, після приготування, запечений
174889;Баранина, Австралійський, імпортований, свіжий, каре, ростбіф або запечений відруб, зачищений по-французьки, повністю зачищений від поверхневого жиру, на кістці, лише відокремлюване пісне м’ясо, жир обрізано до 0 дюймів, після приготування, запечений
174415;Баранина, Австралійський, імпортований, свіжий, реберна відбивна, зачищений по-французьки, на кістці, відокремлювані пісне м’ясо та жир, жир обрізано до 1/8 дюйма, після приготування, приготований на грилі
172589;Баранина, Австралійський, імпортований, свіжий, реберна відбивна, зачищений по-французьки, на кістці, лише відокремлюване пісне м’ясо, жир обрізано до 1/8 дюйма, після приготування, приготований на грилі
174898;Баранина, Австралійський, імпортований, свіжий, реберна відбивна, зачищений по-французьки, повністю зачищений від поверхневого жиру, на кістці, відокремлювані пісне м’ясо та жир, жир обрізано до 0 дюймів, після приготування, приготований на грилі
172661;Баранина, Австралійський, імпортований, свіжий, реберна відбивна, зачищений по-французьки, повністю зачищений від поверхневого жиру, на кістці, лише відокремлюване пісне м’ясо, жир обрізано до 0 дюймів, після приготування, приготований на грилі
174414;Баранина, Австралійський, імпортований, свіжий, реберна відбивна або каре для запікання, зачищений по-французьки, на кістці, відокремлювані пісне м’ясо та жир, жир обрізано до 1/8 дюйма, у сирому вигляді
174416;Баранина, Австралійський, імпортований, свіжий, реберна відбивна або каре для запікання, зачищений по-французьки, на кістці, лише відокремлюване пісне м’ясо, жир обрізано до 1/8 дюйма, у сирому вигляді
172656;Баранина, Австралійський, імпортований, свіжий, міжм’язовий жир, після приготування
172657;Баранина, Австралійський, імпортований, свіжий, міжм’язовий жир, у сирому вигляді
172573;Баранина, Австралійський, імпортований, свіжий, відокремлюваний жир, після приготування
172572;Баранина, Австралійський, імпортований, свіжий, відокремлюваний жир, у сирому вигляді
172597;Баранина, Австралійський, імпортований, свіжий, плечова частина, лопаткова частина, лише відокремлюване пісне м’ясо, жир обрізано до 1/8 дюйма, після приготування, підсмажений під грилем
174418;Баранина, Австралійський, імпортований, свіжий, плечова частина, плечовий відруб, відокремлювані пісне м’ясо та жир, жир обрізано до 1/8 дюйма, після приготування, тушкований
174417;Баранина, Австралійський, імпортований, свіжий, плечова частина, плечовий відруб, відокремлювані пісне м’ясо та жир, жир обрізано до 1/8 дюйма, у сирому вигляді
174420;Баранина, Австралійський, імпортований, свіжий, плечова частина, плечовий відруб, лише відокремлюване пісне м’ясо, жир обрізано до 1/8 дюйма, після приготування, тушкований
174419;Баранина, Австралійський, імпортований, свіжий, плечова частина, плечовий відруб, лише відокремлюване пісне м’ясо, жир обрізано до 1/8 дюйма, у сирому вигляді
172595;Баранина, Австралійський, імпортований, свіжий, плечова частина, лопаткова частина, відокремлювані пісне м’ясо та жир, жир обрізано до 1/8 дюйма, після приготування, підсмажений під грилем
172594;Баранина, Австралійський, імпортований, свіжий, плечова частина, лопаткова частина, відокремлювані пісне м’ясо та жир, жир обрізано до 1/8 дюйма, у сирому вигляді
172596;Баранина, Австралійський, імпортований, свіжий, плечова частина, лопаткова частина, лише відокремлюване пісне м’ясо, жир обрізано до 1/8 дюйма, у сирому вигляді
172591;Баранина, Австралійський, імпортований, свіжий, плечова частина, цілий відруб (плечова частина та лопатка), відокремлювані пісне м’ясо та жир, жир обрізано до 1/8 дюйма, після приготування
172590;Баранина, Австралійський, імпортований, свіжий, плечова частина, цілий відруб (плечова частина та лопатка), відокремлювані пісне м’ясо та жир, жир обрізано до 1/8 дюйма, у сирому вигляді
172592;Баранина, Австралійський, імпортований, свіжий, плечова частина, цілий відруб (плечова частина та лопатка), лише відокремлюване пісне м’ясо, жир обрізано до 1/8 дюйма, у сирому вигляді
172593;Баранина, Австралійський, імпортований, свіжий, плечова частина, цілий відруб (плечова частина та лопатка), лише відокремлюване пісне м’ясо, жир обрізано до 1/8 дюйма, після приготування
174897;Баранина, Австралійський, імпортований, свіжий, вирізка, без кістки, відокремлювані пісне м’ясо та жир, жир обрізано до 1/8 дюйма, після приготування, запечений
172660;Баранина, Австралійський, імпортований, свіжий, вирізка, без кістки, відокремлювані пісне м’ясо та жир, жир обрізано до 1/8 дюйма, у сирому вигляді
174888;Баранина, Австралійський, імпортований, свіжий, вирізка, без кістки, лише відокремлюване пісне м’ясо, жир обрізано до 1/8 дюйма, після приготування, запечений
172652;Баранина, Австралійський, імпортований, свіжий, вирізка, без кістки, лише відокремлюване пісне м’ясо, жир обрізано до 1/8 дюйма, у сирому вигляді
172609;Баранина, Новозеландський, імпортований, Інтермускулар жир, після приготування
174434;Баранина, Новозеландський, імпортований, Інтермускулар жир, у сирому вигляді
174436;Баранина, Новозеландський, імпортований, брейнс, після приготування, замочений і смажений
174437;Баранина, Новозеландський, імпортований, брейнс, у сирому вигляді
172610;Баранина, Новозеландський, імпортований, грудка, лише відокремлюване пісне м’ясо, після приготування, тушкований
172611;Баранина, Новозеландський, імпортований, грудка, лише відокремлюване пісне м’ясо, у сирому вигляді
172612;Баранина, Новозеландський, імпортований, чумп, без кістки, лише відокремлюване пісне м’ясо, після приготування, швидкий запечений
174438;Баранина, Новозеландський, імпортований, чумп, без кістки, лише відокремлюване пісне м’ясо, у сирому вигляді
172630;Баранина, Новозеландський, імпортований, флап, без кістки, відокремлювані пісне м’ясо та жир, після приготування, тушкований
172631;Баранина, Новозеландський, імпортований, флап, без кістки, відокремлювані пісне м’ясо та жир, у сирому вигляді
174440;Баранина, Новозеландський, імпортований, флап, без кістки, лише відокремлюване пісне м’ясо, після приготування, тушкований
174441;Баранина, Новозеландський, імпортований, флап, без кістки, лише відокремлюване пісне м’ясо, у сирому вигляді
172514;Баранина, Новозеландський, імпортований, передній-голяшка, відокремлювані пісне м’ясо та жир, після приготування, тушкований
172513;Баранина, Новозеландський, імпортований, передній-голяшка, відокремлювані пісне м’ясо та жир, у сирому вигляді
174341;Баранина, Новозеландський, імпортований, передній-голяшка, лише відокремлюване пісне м’ясо, після приготування, тушкований
174340;Баранина, Новозеландський, імпортований, передній-голяшка, лише відокремлюване пісне м’ясо, у сирому вигляді
172512;Баранина, Новозеландський, імпортований, заморожений, суміш обрізаних роздрібних відрубів, відокремлюваний жир, після приготування
172511;Баранина, Новозеландський, імпортований, заморожений, суміш обрізаних роздрібних відрубів, відокремлюваний жир, у сирому вигляді
174337;Баранина, Новозеландський, імпортований, заморожений, суміш обрізаних роздрібних відрубів, відокремлювані пісне м’ясо та жир, після приготування
174336;Баранина, Новозеландський, імпортований, заморожений, суміш обрізаних роздрібних відрубів, відокремлювані пісне м’ясо та жир, у сирому вигляді
174385;Баранина, Новозеландський, імпортований, заморожений, суміш обрізаних роздрібних відрубів, відокремлювані пісне м’ясо та жир, жир обрізано до 1/8 дюйма, після приготування
174384;Баранина, Новозеландський, імпортований, заморожений, суміш обрізаних роздрібних відрубів, відокремлювані пісне м’ясо та жир, жир обрізано до 1/8 дюйма, у сирому вигляді
174339;Баранина, Новозеландський, імпортований, заморожений, суміш обрізаних роздрібних відрубів, лише відокремлюване пісне м’ясо, після приготування
174338;Баранина, Новозеландський, імпортований, заморожений, суміш обрізаних роздрібних відрубів, лише відокремлюване пісне м’ясо, у сирому вигляді
174387;Баранина, Новозеландський, імпортований, заморожений, передня голяшка, відокремлювані пісне м’ясо та жир, жир обрізано до 1/8 дюйма, після приготування, тушкований
174386;Баранина, Новозеландський, імпортований, заморожений, передня голяшка, відокремлювані пісне м’ясо та жир, жир обрізано до 1/8 дюйма, у сирому вигляді
174343;Баранина, Новозеландський, імпортований, заморожений, ніжка, цілий (голяшка і філейна частина), відокремлювані пісне м’ясо та жир, після приготування, запечений
172561;Баранина, Новозеландський, імпортований, заморожений, ніжка, цілий (голяшка і філейна частина), відокремлювані пісне м’ясо та жир, жир обрізано до 1/8 дюйма, після приготування, запечений
172560;Баранина, Новозеландський, імпортований, заморожений, ніжка, цілий (голяшка і філейна частина), відокремлювані пісне м’ясо та жир, жир обрізано до 1/8 дюйма, у сирому вигляді
172516;Баранина, Новозеландський, імпортований, заморожений, ніжка, цілий (голяшка і філейна частина), лише відокремлюване пісне м’ясо, після приготування, запечений
175259;Баранина, Новозеландський, імпортований, заморожений, корейка, відокремлювані пісне м’ясо та жир, після приготування, підсмажений під грилем
172563;Баранина, Новозеландський, імпортований, заморожений, корейка, відокремлювані пісне м’ясо та жир, жир обрізано до 1/8 дюйма, після приготування, підсмажений під грилем
172562;Баранина, Новозеландський, імпортований, заморожений, корейка, відокремлювані пісне м’ясо та жир, жир обрізано до 1/8 дюйма, у сирому вигляді
173811;Баранина, Новозеландський, імпортований, заморожений, корейка, лише відокремлюване пісне м’ясо, після приготування, підсмажений під грилем
174389;Баранина, Новозеландський, імпортований, заморожений, реберна частина, відокремлювані пісне м’ясо та жир, жир обрізано до 1/8 дюйма, після приготування, запечений
175263;Баранина, Новозеландський, імпортований, заморожений, плечова частина, цілий відруб (плечова частина та лопатка), відокремлювані пісне м’ясо та жир, після приготування, тушкований
174391;Баранина, Новозеландський, імпортований, заморожений, плечова частина, цілий відруб (плечова частина та лопатка), відокремлювані пісне м’ясо та жир, жир обрізано до 1/8 дюйма, після приготування, тушкований
174390;Баранина, Новозеландський, імпортований, заморожений, плечова частина, цілий відруб (плечова частина та лопатка), відокремлювані пісне м’ясо та жир, жир обрізано до 1/8 дюйма, у сирому вигляді
173814;Баранина, Новозеландський, імпортований, заморожений, плечова частина, цілий відруб (плечова частина та лопатка), лише відокремлюване пісне м’ясо, після приготування, тушкований
172616;Баранина, Новозеландський, імпортований, мелений баранина, після приготування, тушкований
172617;Баранина, Новозеландський, імпортований, мелений баранина, у сирому вигляді
174443;Баранина, Новозеландський, імпортований, серце, після приготування, замочений і томлений
174444;Баранина, Новозеландський, імпортований, серце, у сирому вигляді
172632;Баранина, Новозеландський, імпортований, задній-голяшка, відокремлювані пісне м’ясо та жир, після приготування, тушкований
169087;Лічі, сушений
172633;Баранина, Новозеландський, імпортований, задній-голяшка, відокремлювані пісне м’ясо та жир, у сирому вигляді
174453;Баранина, Новозеландський, імпортований, задній-голяшка, лише відокремлюване пісне м’ясо, після приготування, тушкований
174454;Баранина, Новозеландський, імпортований, задній-голяшка, лише відокремлюване пісне м’ясо, у сирому вигляді
174439;Баранина, Новозеландський, імпортований, нирка, після приготування, замочений і смажений
174442;Баранина, Новозеландський, імпортований, нирка, у сирому вигляді
174460;Баранина, Новозеландський, імпортований, ніжка відбивна/стейк, на кістці, відокремлювані пісне м’ясо та жир, після приготування, швидкий смажений
174342;Баранина, Новозеландський, імпортований, ніжка відбивна/стейк, на кістці, відокремлювані пісне м’ясо та жир, у сирому вигляді
174459;Баранина, Новозеландський, імпортований, ніжка відбивна/стейк, на кістці, лише відокремлюване пісне м’ясо, після приготування, швидкий смажений
172515;Баранина, Новозеландський, імпортований, ніжка відбивна/стейк, на кістці, лише відокремлюване пісне м’ясо, у сирому вигляді
172614;Баранина, Новозеландський, імпортований, печінка, після приготування, замочений і смажений
172615;Баранина, Новозеландський, імпортований, печінка, у сирому вигляді
174461;Баранина, Новозеландський, імпортований, корейка відбивна, відокремлювані пісне м’ясо та жир, після приготування, швидкий смажений
172517;Баранина, Новозеландський, імпортований, корейка відбивна, відокремлювані пісне м’ясо та жир, у сирому вигляді
174457;Баранина, Новозеландський, імпортований, корейка відбивна, лише відокремлюване пісне м’ясо, після приготування, швидкий смажений
173810;Баранина, Новозеландський, імпортований, корейка відбивна, лише відокремлюване пісне м’ясо, у сирому вигляді
174462;Баранина, Новозеландський, імпортований, корейка саддле, відокремлювані пісне м’ясо та жир, після приготування, швидкий запечений
174463;Баранина, Новозеландський, імпортований, корейка саддле, відокремлювані пісне м’ясо та жир, у сирому вигляді
172624;Баранина, Новозеландський, імпортований, корейка саддле, лише відокремлюване пісне м’ясо, після приготування, швидкий запечений
172625;Баранина, Новозеландський, імпортований, корейка саддле, лише відокремлюване пісне м’ясо, у сирому вигляді
172634;Баранина, Новозеландський, імпортований, корейка, без кістки, відокремлювані пісне м’ясо та жир, після приготування, швидкий запечений
172635;Баранина, Новозеландський, імпортований, корейка, без кістки, відокремлювані пісне м’ясо та жир, у сирому вигляді
174451;Баранина, Новозеландський, імпортований, корейка, без кістки, лише відокремлюване пісне м’ясо, після приготування, швидкий запечений
174452;Баранина, Новозеландський, імпортований, корейка, без кістки, лише відокремлюване пісне м’ясо, у сирому вигляді
172636;Баранина, Новозеландський, імпортований, шия відбивні, відокремлювані пісне м’ясо та жир, після приготування, тушкований
172637;Баранина, Новозеландський, імпортований, шия відбивні, відокремлювані пісне м’ясо та жир, у сирому вигляді
172626;Баранина, Новозеландський, імпортований, шия відбивні, лише відокремлюване пісне м’ясо, після приготування, тушкований
174455;Баранина, Новозеландський, імпортований, шия відбивні, лише відокремлюване пісне м’ясо, у сирому вигляді
172638;Баранина, Новозеландський, імпортований, неттед плечова частина, роллед, без кістки, відокремлювані пісне м’ясо та жир, після приготування, повільний запечений
174464;Баранина, Новозеландський, імпортований, неттед плечова частина, роллед, без кістки, відокремлювані пісне м’ясо та жир, у сирому вигляді
172627;Баранина, Новозеландський, імпортований, неттед плечова частина, роллед, без кістки, лише відокремлюване пісне м’ясо, після приготування, повільний запечений
172628;Баранина, Новозеландський, імпортований, неттед плечова частина, роллед, без кістки, лише відокремлюване пісне м’ясо, у сирому вигляді
172640;Баранина, Новозеландський, імпортований, каре - повністю зачищений по-французьки, відокремлювані пісне м’ясо та жир, після приготування, швидкий запечений
172641;Баранина, Новозеландський, імпортований, каре - повністю зачищений по-французьки, відокремлювані пісне м’ясо та жир, у сирому вигляді
172629;Баранина, Новозеландський, імпортований, каре - повністю зачищений по-французьки, лише відокремлюване пісне м’ясо, після приготування, швидкий запечений
174456;Баранина, Новозеландський, імпортований, каре - повністю зачищений по-французьки, лише відокремлюване пісне м’ясо, у сирому вигляді
173813;Баранина, Новозеландський, імпортований, каре - партли зачищений по-французьки, відокремлювані пісне м’ясо та жир, після приготування, швидкий запечений
173812;Баранина, Новозеландський, імпортований, каре - партли зачищений по-французьки, відокремлювані пісне м’ясо та жир, у сирому вигляді
175261;Баранина, Новозеландський, імпортований, каре - партли зачищений по-французьки, лише відокремлюване пісне м’ясо, після приготування, швидкий запечений
175260;Баранина, Новозеландський, імпортований, каре - партли зачищений по-французьки, лише відокремлюване пісне м’ясо, у сирому вигляді
174874;Баранина, Новозеландський, імпортований, квадратик-відруб плечова частина відбивні, відокремлювані пісне м’ясо та жир, після приготування, тушкований
174875;Баранина, Новозеландський, імпортований, квадратик-відруб плечова частина відбивні, відокремлювані пісне м’ясо та жир, у сирому вигляді
174449;Баранина, Новозеландський, імпортований, квадратик-відруб плечова частина відбивні, лише відокремлюване пісне м’ясо, після приготування, тушкований
174450;Баранина, Новозеландський, імпортований, квадратик-відруб плечова частина відбивні, лише відокремлюване пісне м’ясо, у сирому вигляді
174876;Баранина, Новозеландський, імпортований, квадратик-відруб плечова частина, відокремлювані пісне м’ясо та жир, після приготування, повільний запечений
175262;Баранина, Новозеландський, імпортований, квадратик-відруб плечова частина, відокремлювані пісне м’ясо та жир, у сирому вигляді
174458;Баранина, Новозеландський, імпортований, квадратик-відруб плечова частина, лише відокремлюване пісне м’ясо, після приготування, повільний запечений
175264;Баранина, Новозеландський, імпортований, квадратик-відруб плечова частина, лише відокремлюване пісне м’ясо, у сирому вигляді
172613;Баранина, Новозеландський, імпортований, підшкірний жир, після приготування
174435;Баранина, Новозеландський, імпортований, підшкірний жир, у сирому вигляді
174445;Баранина, Новозеландський, імпортований, зобна або підшлункова залоза, після приготування, замочений і томлений
174446;Баранина, Новозеландський, імпортований, зобна або підшлункова залоза, у сирому вигляді
172639;Баранина, Новозеландський, імпортований, вирізка, відокремлювані пісне м’ясо та жир, після приготування, швидкий смажений
174878;Баранина, Новозеландський, імпортований, вирізка, відокремлювані пісне м’ясо та жир, у сирому вигляді
172622;Баранина, Новозеландський, імпортований, вирізка, лише відокремлюване пісне м’ясо, після приготування, швидкий смажений
172623;Баранина, Новозеландський, імпортований, вирізка, лише відокремлюване пісне м’ясо, у сирому вигляді
172618;Баранина, Новозеландський, імпортований, тестес, після приготування, замочений і смажений
172619;Баранина, Новозеландський, імпортований, тестес, у сирому вигляді
172620;Баранина, Новозеландський, імпортований, язик - швейцарський сир відруб, після приготування, замочений і томлений
172621;Баранина, Новозеландський, імпортований, язик - швейцарський сир відруб, у сирому вигляді
172642;Баранина, Новозеландський, імпортований, туннел-бонед ніжка, чумп без, голяшка без, відокремлювані пісне м’ясо та жир, після приготування, повільний запечений
174877;Баранина, Новозеландський, імпортований, туннел-бонед ніжка, чумп без, голяшка без, відокремлювані пісне м’ясо та жир, у сирому вигляді
174447;Баранина, Новозеландський, імпортований, туннел-бонед ніжка, чумп без, голяшка без, лише відокремлюване пісне м’ясо, після приготування, повільний запечений
174448;Баранина, Новозеландський, імпортований, туннел-бонед ніжка, чумп без, голяшка без, лише відокремлюване пісне м’ясо, у сирому вигляді
174310;Баранина, суміш обрізаних роздрібних відрубів, відокремлюваний жир, жир обрізано до 1/4 дюйма, категорія Choice, після приготування
174309;Баранина, суміш обрізаних роздрібних відрубів, відокремлюваний жир, жир обрізано до 1/4 дюйма, категорія Choice, у сирому вигляді
172480;Баранина, суміш обрізаних роздрібних відрубів, відокремлювані пісне м’ясо та жир, жир обрізано до 1/4 дюйма, категорія Choice, після приготування
172479;Баранина, суміш обрізаних роздрібних відрубів, відокремлювані пісне м’ясо та жир, жир обрізано до 1/4 дюйма, категорія Choice, у сирому вигляді
172546;Баранина, суміш обрізаних роздрібних відрубів, відокремлювані пісне м’ясо та жир, жир обрізано до 1/8 дюйма, категорія Choice, після приготування
172545;Баранина, суміш обрізаних роздрібних відрубів, відокремлювані пісне м’ясо та жир, жир обрізано до 1/8 дюйма, категорія Choice, у сирому вигляді
174308;Баранина, суміш обрізаних роздрібних відрубів, лише відокремлюване пісне м’ясо, жир обрізано до 1/4 дюйма, категорія Choice, після приготування
174307;Баранина, суміш обрізаних роздрібних відрубів, лише відокремлюване пісне м’ясо, жир обрізано до 1/4 дюйма, категорія Choice, у сирому вигляді
172509;Баранина, нарізаний кубиками для рагу або кабоб (ніжка і плечова частина), лише відокремлюване пісне м’ясо, жир обрізано до 1/4 дюйма, після приготування, тушкований
172510;Баранина, нарізаний кубиками для рагу або кабоб (ніжка і плечова частина), лише відокремлюване пісне м’ясо, жир обрізано до 1/4 дюйма, після приготування, підсмажений під грилем
172508;Баранина, нарізаний кубиками для рагу або кабоб (ніжка і плечова частина), лише відокремлюване пісне м’ясо, жир обрізано до 1/4 дюйма, у сирому вигляді
172482;Баранина, передня голяшка, відокремлювані пісне м’ясо та жир, жир обрізано до 1/4 дюйма, категорія Choice, після приготування, тушкований
172481;Баранина, передня голяшка, відокремлювані пісне м’ясо та жир, жир обрізано до 1/4 дюйма, категорія Choice, у сирому вигляді
172547;Баранина, передня голяшка, відокремлювані пісне м’ясо та жир, жир обрізано до 1/8 дюйма, категорія Choice, у сирому вигляді
174371;Баранина, передня голяшка, відокремлювані пісне м’ясо та жир, жир обрізано до 1/8 дюйма, після приготування, тушкований
172484;Баранина, передня голяшка, лише відокремлюване пісне м’ясо, жир обрізано до 1/4 дюйма, категорія Choice, після приготування, тушкований
172483;Баранина, передня голяшка, лише відокремлюване пісне м’ясо, жир обрізано до 1/4 дюйма, категорія Choice, у сирому вигляді
172544;Баранина, мелений, після приготування, підсмажений під грилем
174370;Баранина, мелений, у сирому вигляді
172485;Баранина, ніжка, голяшка половина, відокремлювані пісне м’ясо та жир, жир обрізано до 1/4 дюйма, категорія Choice, після приготування, запечений
174315;Баранина, ніжка, голяшка половина, відокремлювані пісне м’ясо та жир, жир обрізано до 1/4 дюйма, категорія Choice, у сирому вигляді
172548;Баранина, ніжка, голяшка половина, відокремлювані пісне м’ясо та жир, жир обрізано до 1/8 дюйма, категорія Choice, після приготування, запечений
174374;Баранина, ніжка, голяшка половина, відокремлювані пісне м’ясо та жир, жир обрізано до 1/8 дюйма, категорія Choice, у сирому вигляді
172487;Баранина, ніжка, голяшка половина, лише відокремлюване пісне м’ясо, жир обрізано до 1/4 дюйма, категорія Choice, після приготування, запечений
172486;Баранина, ніжка, голяшка половина, лише відокремлюване пісне м’ясо, жир обрізано до 1/4 дюйма, категорія Choice, у сирому вигляді
174316;Баранина, ніжка, філейна частина половина, відокремлювані пісне м’ясо та жир, жир обрізано до 1/4 дюйма, категорія Choice, після приготування, запечений
172488;Баранина, ніжка, філейна частина половина, відокремлювані пісне м’ясо та жир, жир обрізано до 1/4 дюйма, категорія Choice, у сирому вигляді
172550;Баранина, ніжка, філейна частина половина, відокремлювані пісне м’ясо та жир, жир обрізано до 1/8 дюйма, категорія Choice, після приготування, запечений
172549;Баранина, ніжка, філейна частина половина, відокремлювані пісне м’ясо та жир, жир обрізано до 1/8 дюйма, категорія Choice, у сирому вигляді
174318;Баранина, ніжка, філейна частина половина, лише відокремлюване пісне м’ясо, жир обрізано до 1/4 дюйма, категорія Choice, після приготування, запечений
174317;Баранина, ніжка, філейна частина половина, лише відокремлюване пісне м’ясо, жир обрізано до 1/4 дюйма, категорія Choice, у сирому вигляді
174312;Баранина, ніжка, цілий (голяшка і філейна частина), відокремлювані пісне м’ясо та жир, жир обрізано до 1/4 дюйма, категорія Choice, після приготування, запечений
174311;Баранина, ніжка, цілий (голяшка і філейна частина), відокремлювані пісне м’ясо та жир, жир обрізано до 1/4 дюйма, категорія Choice, у сирому вигляді
174373;Баранина, ніжка, цілий (голяшка і філейна частина), відокремлювані пісне м’ясо та жир, жир обрізано до 1/8 дюйма, категорія Choice, після приготування, запечений
174372;Баранина, ніжка, цілий (голяшка і філейна частина), відокремлювані пісне м’ясо та жир, жир обрізано до 1/8 дюйма, категорія Choice, у сирому вигляді
174314;Баранина, ніжка, цілий (голяшка і філейна частина), лише відокремлюване пісне м’ясо, жир обрізано до 1/4 дюйма, категорія Choice, після приготування, запечений
174313;Баранина, ніжка, цілий (голяшка і філейна частина), лише відокремлюване пісне м’ясо, жир обрізано до 1/4 дюйма, категорія Choice, у сирому вигляді
172489;Баранина, корейка, відокремлювані пісне м’ясо та жир, жир обрізано до 1/4 дюйма, категорія Choice, після приготування, підсмажений під грилем
172490;Баранина, корейка, відокремлювані пісне м’ясо та жир, жир обрізано до 1/4 дюйма, категорія Choice, після приготування, запечений
174319;Баранина, корейка, відокремлювані пісне м’ясо та жир, жир обрізано до 1/4 дюйма, категорія Choice, у сирому вигляді
174375;Баранина, корейка, відокремлювані пісне м’ясо та жир, жир обрізано до 1/8 дюйма, категорія Choice, після приготування, підсмажений під грилем
174376;Баранина, корейка, відокремлювані пісне м’ясо та жир, жир обрізано до 1/8 дюйма, категорія Choice, після приготування, запечений
172551;Баранина, корейка, відокремлювані пісне м’ясо та жир, жир обрізано до 1/8 дюйма, категорія Choice, у сирому вигляді
172492;Баранина, корейка, лише відокремлюване пісне м’ясо, жир обрізано до 1/4 дюйма, категорія Choice, після приготування, підсмажений під грилем
174320;Баранина, корейка, лише відокремлюване пісне м’ясо, жир обрізано до 1/4 дюйма, категорія Choice, після приготування, запечений
172491;Баранина, корейка, лише відокремлюване пісне м’ясо, жир обрізано до 1/4 дюйма, категорія Choice, у сирому вигляді
174388;Баранина, новозеландський, імпортований, заморожений, реберна частина, відокремлювані пісне м’ясо та жир, жир обрізано до 1/8 дюйма, у сирому вигляді
174322;Баранина, реберна частина, відокремлювані пісне м’ясо та жир, жир обрізано до 1/4 дюйма, категорія Choice, після приготування, підсмажений під грилем
174323;Баранина, реберна частина, відокремлювані пісне м’ясо та жир, жир обрізано до 1/4 дюйма, категорія Choice, після приготування, запечений
174321;Баранина, реберна частина, відокремлювані пісне м’ясо та жир, жир обрізано до 1/4 дюйма, категорія Choice, у сирому вигляді
174378;Баранина, реберна частина, відокремлювані пісне м’ясо та жир, жир обрізано до 1/8 дюйма, категорія Choice, після приготування, підсмажений під грилем
172552;Баранина, реберна частина, відокремлювані пісне м’ясо та жир, жир обрізано до 1/8 дюйма, категорія Choice, після приготування, запечений
174377;Баранина, реберна частина, відокремлювані пісне м’ясо та жир, жир обрізано до 1/8 дюйма, категорія Choice, у сирому вигляді
172494;Баранина, реберна частина, лише відокремлюване пісне м’ясо, жир обрізано до 1/4 дюйма, категорія Choice, після приготування, підсмажений під грилем
172495;Баранина, реберна частина, лише відокремлюване пісне м’ясо, жир обрізано до 1/4 дюйма, категорія Choice, після приготування, запечений
172493;Баранина, реберна частина, лише відокремлюване пісне м’ясо, жир обрізано до 1/4 дюйма, категорія Choice, у сирому вигляді
172501;Баранина, плечова частина, плечовий відруб, відокремлювані пісне м’ясо та жир, жир обрізано до 1/4 дюйма, категорія Choice, після приготування, тушкований
174328;Баранина, плечова частина, плечовий відруб, відокремлювані пісне м’ясо та жир, жир обрізано до 1/4 дюйма, категорія Choice, після приготування, підсмажений під грилем
174329;Баранина, плечова частина, плечовий відруб, відокремлювані пісне м’ясо та жир, жир обрізано до 1/4 дюйма, категорія Choice, після приготування, запечений
172500;Баранина, плечова частина, плечовий відруб, відокремлювані пісне м’ясо та жир, жир обрізано до 1/4 дюйма, категорія Choice, у сирому вигляді
174381;Баранина, плечова частина, плечовий відруб, відокремлювані пісне м’ясо та жир, жир обрізано до 1/8 дюйма, категорія Choice, після приготування, тушкований
174380;Баранина, плечова частина, плечовий відруб, відокремлювані пісне м’ясо та жир, жир обрізано до 1/8 дюйма, категорія Choice, у сирому вигляді
174383;Баранина, плечова частина, плечовий відруб, відокремлювані пісне м’ясо та жир, жир обрізано до 1/8 дюйма, категорія Choice, запечений
174382;Баранина, плечова частина, плечовий відруб, відокремлювані пісне м’ясо та жир, жир обрізано до 1/8 дюйма, після приготування, підсмажений під грилем
174331;Баранина, плечова частина, плечовий відруб, лише відокремлюване пісне м’ясо, жир обрізано до 1/4 дюйма, категорія Choice, після приготування, тушкований
172502;Баранина, плечова частина, плечовий відруб, лише відокремлюване пісне м’ясо, жир обрізано до 1/4 дюйма, категорія Choice, після приготування, підсмажений під грилем
172503;Баранина, плечова частина, плечовий відруб, лише відокремлюване пісне м’ясо, жир обрізано до 1/4 дюйма, категорія Choice, після приготування, запечений
174330;Баранина, плечова частина, плечовий відруб, лише відокремлюване пісне м’ясо, жир обрізано до 1/4 дюйма, категорія Choice, у сирому вигляді
172505;Баранина, плечова частина, лопаткова частина, відокремлювані пісне м’ясо та жир, жир обрізано до 1/4 дюйма, категорія Choice, після приготування, тушкований
174332;Баранина, плечова частина, лопаткова частина, відокремлювані пісне м’ясо та жир, жир обрізано до 1/4 дюйма, категорія Choice, після приготування, підсмажений під грилем
174333;Баранина, плечова частина, лопаткова частина, відокремлювані пісне м’ясо та жир, жир обрізано до 1/4 дюйма, категорія Choice, після приготування, запечений
172504;Баранина, плечова частина, лопаткова частина, відокремлювані пісне м’ясо та жир, жир обрізано до 1/4 дюйма, категорія Choice, у сирому вигляді
172557;Баранина, плечова частина, лопаткова частина, відокремлювані пісне м’ясо та жир, жир обрізано до 1/8 дюйма, категорія Choice, після приготування, тушкований
172558;Баранина, плечова частина, лопаткова частина, відокремлювані пісне м’ясо та жир, жир обрізано до 1/8 дюйма, категорія Choice, після приготування, підсмажений під грилем
172559;Баранина, плечова частина, лопаткова частина, відокремлювані пісне м’ясо та жир, жир обрізано до 1/8 дюйма, категорія Choice, після приготування, запечений
172556;Баранина, плечова частина, лопаткова частина, відокремлювані пісне м’ясо та жир, жир обрізано до 1/8 дюйма, категорія Choice, у сирому вигляді
174335;Баранина, плечова частина, лопаткова частина, лише відокремлюване пісне м’ясо, жир обрізано до 1/4 дюйма, категорія Choice, після приготування, тушкований
172506;Баранина, плечова частина, лопаткова частина, лише відокремлюване пісне м’ясо, жир обрізано до 1/4 дюйма, категорія Choice, після приготування, підсмажений під грилем
172507;Баранина, плечова частина, лопаткова частина, лише відокремлюване пісне м’ясо, жир обрізано до 1/4 дюйма, категорія Choice, після приготування, запечений
174334;Баранина, плечова частина, лопаткова частина, лише відокремлюване пісне м’ясо, жир обрізано до 1/4 дюйма, категорія Choice, у сирому вигляді
172497;Баранина, плечова частина, цілий відруб (плечова частина та лопатка), відокремлювані пісне м’ясо та жир, жир обрізано до 1/4 дюйма, категорія Choice, після приготування, тушкований
174324;Баранина, плечова частина, цілий відруб (плечова частина та лопатка), відокремлювані пісне м’ясо та жир, жир обрізано до 1/4 дюйма, категорія Choice, після приготування, підсмажений під грилем
174325;Баранина, плечова частина, цілий відруб (плечова частина та лопатка), відокремлювані пісне м’ясо та жир, жир обрізано до 1/4 дюйма, категорія Choice, після приготування, запечений
172496;Баранина, плечова частина, цілий відруб (плечова частина та лопатка), відокремлювані пісне м’ясо та жир, жир обрізано до 1/4 дюйма, категорія Choice, у сирому вигляді
172554;Баранина, плечова частина, цілий відруб (плечова частина та лопатка), відокремлювані пісне м’ясо та жир, жир обрізано до 1/8 дюйма, категорія Choice, після приготування, тушкований
172555;Баранина, плечова частина, цілий відруб (плечова частина та лопатка), відокремлювані пісне м’ясо та жир, жир обрізано до 1/8 дюйма, категорія Choice, після приготування, підсмажений під грилем
174379;Баранина, плечова частина, цілий відруб (плечова частина та лопатка), відокремлювані пісне м’ясо та жир, жир обрізано до 1/8 дюйма, категорія Choice, після приготування, запечений
172553;Баранина, плечова частина, цілий відруб (плечова частина та лопатка), відокремлювані пісне м’ясо та жир, жир обрізано до 1/8 дюйма, категорія Choice, у сирому вигляді
174327;Баранина, плечова частина, цілий відруб (плечова частина та лопатка), лише відокремлюване пісне м’ясо, жир обрізано до 1/4 дюйма, категорія Choice, після приготування, тушкований
172498;Баранина, плечова частина, цілий відруб (плечова частина та лопатка), лише відокремлюване пісне м’ясо, жир обрізано до 1/4 дюйма, категорія Choice, після приготування, підсмажений під грилем
172499;Баранина, плечова частина, цілий відруб (плечова частина та лопатка), лише відокремлюване пісне м’ясо, жир обрізано до 1/4 дюйма, категорія Choice, після приготування, запечений
174326;Баранина, плечова частина, цілий відруб (плечова частина та лопатка), лише відокремлюване пісне м’ясо, жир обрізано до 1/4 дюйма, категорія Choice, у сирому вигляді
172526;Баранина, субпродукти та побічні продукти, мозок, після приготування, тушкований
174350;Баранина, субпродукти та побічні продукти, мозок, після приготування, смажений на пательні
172525;Баранина, субпродукти та побічні продукти, мозок, у сирому вигляді
172528;Баранина, субпродукти та побічні продукти, серце, після приготування, тушкований
172527;Баранина, субпродукти та побічні продукти, серце, у сирому вигляді
174355;Баранина, субпродукти та побічні продукти, нирки, після приготування, тушкований
174354;Баранина, субпродукти та побічні продукти, нирки, у сирому вигляді
172532;Баранина, субпродукти та побічні продукти, печінка, після приготування, тушкований
172533;Баранина, субпродукти та побічні продукти, печінка, після приготування, смажений на пательні
172531;Баранина, субпродукти та побічні продукти, печінка, у сирому вигляді
174360;Баранина, субпродукти та побічні продукти, легені, після приготування, тушкований
174359;Баранина, субпродукти та побічні продукти, легені, у сирому вигляді
172537;Баранина, субпродукти та побічні продукти, механічно відокремлений, у сирому вигляді
172539;Баранина, субпродукти та побічні продукти, підшлункова залоза, після приготування, тушкований
172538;Баранина, субпродукти та побічні продукти, підшлункова залоза, у сирому вигляді
174365;Баранина, субпродукти та побічні продукти, селезінка, після приготування, тушкований
174364;Баранина, субпродукти та побічні продукти, селезінка, у сирому вигляді
174367;Баранина, субпродукти та побічні продукти, язик, після приготування, тушкований
174366;Баранина, субпродукти та побічні продукти, язик, у сирому вигляді
168534;Лобода біла, після приготування, відварений, відціджений, із сіллю
169245;Лобода біла, після приготування, відварений, відціджений, без солі
169244;Лобода біла, у сирому вигляді
171401;Свинячий жир
173334;Лазанья з м’ясом & соус, заморожений основна готова страва
172101;Лазанья з м’ясом & соус, з низьким вмістом жиру, заморожений основна готова страва
172114;Лазанья з м’ясом соус, заморожений, приготований
172106;Лазанья, Овочевий, заморожений, печений
173333;Лазанья, сир, заморожений, приготований
168960;Лазанья, сир, заморожений, не приготовлений
172109;Пісний Покетс, Мітбаллс & Моцарела
172803;Розпушувачі, розпушувач тіста, даубле-актінг, натрій алумінум сульфат
172804;Розпушувачі, розпушувач тіста, даубле-актінг, стрейгхт фосфате
172805;Розпушувачі, розпушувач тіста, зі зниженим вмістом натрію
175040;Розпушувачі, харчова сода
175041;Розпушувачі, вершки з тартар
175043;Розпушувачі, дріжджі, бакер’с, актіве сухий
175042;Розпушувачі, дріжджі, бакер’с, компрессед
173868;Лебанон варена ковбаса болонья, яловичина
168535;Порей, (булб і нижчий лист-поршн), після приготування, відварений, відціджений, із сіллю
168426;Порей, (булб і нижчий лист-поршн), після приготування, відварений, відціджений, без солі
169246;Порей, (булб і нижчий лист-поршн), у сирому вигляді
170485;Порей, (булб і нижчий-лист поршн), сублімовано висушений
168573;Лимон грасс (кітронелла), у сирому вигляді
167801;Лимон сік із концентрату, бутильований, CONCORD
167802;Лимон сік із концентрату, бутильований, Справжній Лимон
167748;Лимон сік із концентрату, консервований або бутильований
167747;Лимон сік, у сирому вигляді
167749;Лимон піл, у сирому вигляді
173666;Лимонад, заморожений концентрат, рожевий
173216;Лимонад, заморожений концентрат, білий
173217;Лимонад, заморожений концентрат, білий, приготований з водою
174859;Лимонад, порошок, приготований з водою
167746;Лимони, у сирому вигляді, без піл
175254;Сочевиця, зріле насіння, після приготування, відварений, із сіллю
172421;Сочевиця, зріле насіння, після приготування, відварений, без солі
174284;Сочевиця, рожевий або червоний, у сирому вигляді
172420;Сочевиця, у сирому вигляді
168551;Сочевиця, пророщений, після приготування, швидко обсмажений, із сіллю
168428;Сочевиця, пророщений, після приготування, швидко обсмажений, без солі
168427;Сочевиця, пророщений, у сирому вигляді
168429;Салат-латук, буттерхід (включає бостонський і бібб типи), у сирому вигляді
169247;Салат-латук, кос або ромейне, у сирому вигляді
169249;Салат-латук, зелений лист, у сирому вигляді
169248;Салат-латук, ікеберг (включає крісфід типи), у сирому вигляді
168431;Салат-латук, червоний лист, у сирому вигляді
171307;Легкий морозиво, Крімсікле
169317;Лімська квасоля, незріле насіння, консервований, без додавання солі, тверда частина та рідина
169136;Лімська квасоля, незріле насіння, консервований, стандартне консервування, тверда частина та рідина
169316;Лімська квасоля, незріле насіння, після приготування, відварений, відціджений, із сіллю
169135;Лімська квасоля, незріле насіння, після приготування, відварений, відціджений, без солі
169318;Лімська квасоля, незріле насіння, заморожений, молодий або малий, після приготування, відварений, відціджений, із сіллю
169956;Лімська квасоля, незріле насіння, заморожений, молодий або малий, після приготування, відварений, відціджений, без солі
169955;Лімська квасоля, незріле насіння, заморожений, молодий або малий, не приготовлений
168498;Лімська квасоля, незріле насіння, заморожений, фордхук, після приготування, відварений, відціджений, із сіллю
169954;Лімська квасоля, незріле насіння, заморожений, фордхук, після приготування, відварений, відціджений, без солі
169953;Лімська квасоля, незріле насіння, заморожений, фордхук, не приготовлений
168396;Лімська квасоля, незріле насіння, у сирому вигляді
174254;Лімська квасоля, великий, зріле насіння, консервований
173802;Лімська квасоля, великий, зріле насіння, після приготування, відварений, із сіллю
174253;Лімська квасоля, великий, зріле насіння, після приготування, відварений, без солі
174252;Лімська квасоля, великий, зріле насіння, у сирому вигляді
173803;Лімська квасоля, тонкий без насіння (молодий або малий), зріле насіння, після приготування, відварений, із сіллю
172422;Лімська квасоля, тонкий без насіння (молодий або малий), зріле насіння, після приготування, відварений, без солі
174255;Лімська квасоля, тонкий без насіння (молодий або малий), зріле насіння, у сирому вигляді
168157;Лайм сік, консервований або бутильований, без підсолоджувачів
168156;Лайм сік, у сирому вигляді
174862;Напій із лайма, заморожений концентрат, приготований з водою
168155;Лайми, у сирому вигляді
169086;Лічі, у сирому вигляді
173869;Печінка сир, свинина
173870;Печінка ковбаса, ліверна ковбаса, свинина
174596;Ліверна ковбаса спред
169088;Логанова ягода, заморожений
169907;Лонган, сушений
169089;Лонган, у сирому вигляді
169908;Локватс, у сирому вигляді
168536;Корінь лотоса, після приготування, відварений, відціджений, із сіллю
168430;Корінь лотоса, після приготування, відварений, відціджений, без солі
169250;Корінь лотоса, у сирому вигляді
174594;М’ясні консерви для бутербродів, свинина і курятина, дрібно нарізаний, консервований, включає Спам Легкий
172951;М’ясні консерви для бутербродів, свинина з шинка, дрібно нарізаний, консервований, включає Спам (HORMEL)
174571;М’ясні консерви для бутербродів, свинина, консервований
172950;М’ясні консерви для бутербродів, свинина, шинка, і курятина, дрібно нарізаний, консервований, зі зниженим вмістом натрію, з доданою аскорбіновою кислотою, включає SPAM, 25% менше натрій
174587;Лунчеон ковбаса, свинина і яловичина
169066;Лунчеон скибки, без м’яса
173804;Люпин, зріле насіння, після приготування, відварений, із сіллю
172424;Люпин, зріле насіння, після приготування, відварений, без солі
172423;Люпин, зріле насіння, у сирому вигляді
172931;Луксури буханець або рулет, свинина
172462;MORI-NU, Тофу, шовковистий, додатковий щільний
172461;MORI-NU, Тофу, шовковистий, щільний
172464;MORI-NU, Тофу, шовковистий, легкий додатковий щільний
172463;MORI-NU, Тофу, шовковистий, легкий щільний
174292;MORI-NU, Тофу, шовковистий, м’який
173325;Макарони із сиром, консервований основна готова страва
173337;Макарони із сиром, консервований, мікроуавабле
173340;Макарони із сиром готова страва з сухий соус суміш, боксед, не приготовлений
172965;Макарони із сиром буханець або рулет, курятина, свинина і яловичина
169770;Макарони із сиром, бокс суміш із сиром соус, приготований
169769;Макарони із сиром, бокс суміш із сиром соус, не приготовлений
173341;Макарони із сиром, суха суміш, приготований із молоком 2% жирності і 80% паличка маргарин з суха суміш
173342;Макарони із сиром, заморожений основна готова страва
169774;Макарони або локшина із сиром, виготовлений з зі зниженим вмістом жиру фасована суміш, не приготовлений
169776;Макарони або локшина із сиром, придатний для мікрохвильової печі, не приготовлений
168904;Макарони, овочевий, збагачений, після приготування
168903;Макарони, овочевий, збагачений, сухий
169400;Малабар шпинат, після приготування
174863;Малт напій, включає без-алкогольний пиво
169909;Мамі-яблуко, (мамі), у сирому вигляді
167785;Манго нектар, консервований
169091;Манго, сушений, підсолоджений
169910;Мангос, у сирому вигляді
169090;Мангостін, консервований, сироп пакування
167766;Марашіно вишні або черешні, консервований, відціджений
173589;Маргарин Спред, 40-49% жир, у контейнері
173587;Маргарин, 80% жир, паличка, включає звичайний і гідрогенізований кукурудза і соєвий біб ойлс
171432;Маргарин, 80% жир, у контейнері, Ріпак HARVEST М’який Спред (ріпак, пальма і пальма зерно ойлс)
173605;Маргарин, промисловий, без-молочний, бавовняне насіння, сой олія (частково гідрогенізований), для флаки пастріс
172369;Маргарин, промисловий, сой і частково гідрогенізований сой олія, усе для для випічки, соуси і цукерка
171431;Маргарин, маргариноподібний продукт рослинна олія спред, 67-70% жир, у контейнері
173588;Маргарин, маргарин-тип рослинна олія спред, 70% жир, соєвий біб і частково гідрогенізований соєвий біб, паличка
172346;Маргарин, звичайний, 80% жир, суміш, паличка, із сіллю
171435;Маргарин, звичайний, 80% жир, суміш, паличка, із сіллю, з доданим вітаміном Д
173585;Маргарин, звичайний, 80% жир, суміш, паличка, без солі
171040;Маргарин, звичайний, 80% жир, суміш, паличка, без солі, з доданим вітаміном Д
172347;Маргарин, звичайний, 80% жир, суміш, у контейнері, із сіллю
171436;Маргарин, звичайний, 80% жир, суміш, у контейнері, із сіллю, з доданим вітаміном Д
172349;Маргарин, звичайний, 80% жир, суміш, у контейнері, без солі
171018;Маргарин, звичайний, твердий, соєвий біб (гідрогенізований)
171415;Маргарин, спред, 35-39% жир, у контейнері
173599;Маргариноподібний продукт кондитерський жир, промисловий, сой (частково гідрогенізований), бавовняне насіння, і сой, прінкіпал усе флаки пастріс
172352;Маргариноподібний спред з йогурт, 70% жир, паличка, із сіллю
173586;Маргариноподібний спред з йогурт, приблизно 40% жир, у контейнері, із сіллю
171035;Маргариноподібний спред, BENECOL Легкий Спред
172372;Маргариноподібний спред, SMART BALANCE Легкий Спред із вершковим смаком
173610;Маргариноподібний спред, SMART BALANCE Омега Плюс Спред (з плант стеролс & риб’ячий жир)
172371;Маргариноподібний спред, SMART BALANCE Звичайний Спред із вершковим смаком з лляна олія
173609;Маргариноподібний спред, SMART BEAT Смарт Сквізе
173608;Маргариноподібний спред, SMART BEAT Супер Легкий без сатуратед жир
171039;Маргариноподібний продукт овочевий-олія спред, паличка/у контейнері/боттле, 60% жир, з доданим вітаміном Д
169052;Маргариноподібний продукт, вершкове масло-маргарин суміш, 80% жир, паличка, без солі
172339;Маргариноподібний продукт, маргарин-вершкове масло суміш, соєва олія і вершкове масло
172354;Маргариноподібний продукт, рослинна олія спред, 20% жир, із сіллю
172355;Маргариноподібний продукт, рослинна олія спред, 20% жир, без солі
172348;Маргариноподібний продукт, рослинна олія спред, 60% жир, паличка, із сіллю
171437;Маргариноподібний продукт, рослинна олія спред, 60% жир, паличка, із сіллю, з доданим вітаміном Д
173583;Маргариноподібний продукт, рослинна олія спред, 60% жир, паличка/у контейнері/боттле, із сіллю
172350;Маргариноподібний продукт, рослинна олія спред, 60% жир, паличка/у контейнері/боттле, без солі
171041;Маргариноподібний продукт, рослинна олія спред, 60% жир, паличка/у контейнері/боттле, без солі, з доданим вітаміном Д
173582;Маргариноподібний продукт, рослинна олія спред, 60% жир, у контейнері, із сіллю
171038;Маргариноподібний продукт, рослинна олія спред, 60% жир, у контейнері, із сіллю, з доданим вітаміном Д
171434;Маргариноподібний продукт, рослинна олія спред, приблизно 37% жир, не уточнено ойлс, із сіллю, з доданим вітаміном Д
172351;Маргариноподібний продукт, рослинна олія спред, знежирений, рідкий, із сіллю
172353;Маргариноподібний продукт, рослинна олія спред, знежирений, у контейнері
169860;Маргариноподібний продукт, рослинна олія спред, паличка або у контейнері, підсолоджений
169053;Маргариноподібний продукт, рослинна олія-вершкове масло спред, зі зниженою калорійністю, у контейнері, із сіллю
173580;Маргариноподібний продукт, рослинна олія-вершкове масло спред, у контейнері, із сіллю
168819;Мармаладе, помаранчевий
175081;Марта Білий Харчові продукти, Марта Білий'с Маслянка Американська булочка Суміш, сухий
175080;Марта Білий Харчові продукти, Марта Білий'с Жувальний Фадж Брауні Суміш, сухий
168004;Мари’с Гоне Крекери, Оригінальний Крекери, Органічний Без глютену
167736;Майонез заправка, без чолестерол
168115;Майонез, зі зниженим вмістом натрію, низькокалорійний або дієтичний
167695;Майонез, виготовлений із тофу
171443;Майонез, зі зниженим вмістом жиру, з оливкова олія
168094;Майонез, знижений-калорійність або дієтичний, чолестерол-без
173257;Мкі Для випічки, Літтле Деббі Нутти Батончики, Вафлі з Арахісова паста, Вкритий шоколадом
174268;М’ясо екстендер
171638;Мітбаллс, заморожений, Італійський стиль
169067;Мітбаллс, без м’яса
169912;Диня кульки, заморожений
169092;Дині, канталупа, у сирому вигляді
169093;Дині, касаба, у сирому вигляді
169911;Дині, хонідев, у сирому вигляді
174650;Молоко і каша або зерновий продукт батончик
170890;Молочний десерт батончик, заморожений, виготовлений з з низьким вмістом жиру молоко
167686;Молочний десерт, заморожений, молочний жир без, шоколад
170883;Молоко шакес, товстий шоколад
170884;Молоко шакес, товстий ванільний
171264;Молоко субстітутес, рідкий, з лорік кислота олія
171274;Молоко, маслянка, сушений
170874;Молоко, маслянка, рідкий, културед, з низьким вмістом жиру
167697;Молоко, маслянка, рідкий, културед, зі зниженим вмістом жиру
172225;Молоко, маслянка, рідкий, цілий
171275;Молоко, консервований, згущений, підсолоджений
170878;Молоко, консервований, концентрований, знежирений, з доданим вітаміном A і вітамін Д
172194;Молоко, консервований, концентрований, з доданим вітаміном A
171276;Молоко, консервований, концентрований, з доданим вітаміном Д і без доданого вітаміну A
171277;Молоко, шоколад напій, гострий какао, домашній
171303;Молоко, шоколад, знежирений, з доданим вітаміном A і вітамін Д
173450;Молоко, шоколад, рідкий, категорія Промисловий, зі зниженим вмістом жиру, з доданим кальцієм
170880;Молоко, шоколад, рідкий, категорія Промисловий, зі зниженим вмістом жиру, з доданим вітаміном A і вітамін Д
170879;Молоко, шоколад, рідкий, категорія Промисловий, цілий, з доданим вітаміном A і вітамін Д
170910;Молоко, шоколад, з низьким вмістом жиру, зі зниженим вмістом цукру
170881;Молоко, шоколад, з низьким вмістом жиру, з доданим вітаміном A і вітамін Д
171273;Молоко, сухий, знежирений, кальцій знижений
171272;Молоко, сухий, знежирений, розчинний, з доданим вітаміном A і вітамін Д
172196;Молоко, сухий, знежирений, розчинний, без доданого вітаміну A і вітамін Д
172195;Молоко, сухий, знежирений, звичайний, з доданим вітаміном A і вітамін Д
170877;Молоко, сухий, знежирений, звичайний, без доданого вітаміну A і вітамін Д
170876;Молоко, сухий, цілий, з доданим вітаміном Д
173454;Молоко, сухий, цілий, без доданий вітамін Д
171302;Молоко, концентрований, 2% жир, з доданим вітаміном A і вітамін Д
170861;Молоко, з начинкою, рідкий, з суміш з гідрогенізований овочевий ойлс
170862;Молоко, з начинкою, рідкий, з лорік кислота олія
173441;Молоко, рідкий, 1% жир, без доданого вітаміну A і вітамін Д
169868;Молоко, рідкий, знежирений, збагачений кальцієм (знежирений або скім)
171278;Молоко, козлятина, рідкий, з доданим вітаміном Д
171279;Молоко, хуман, зрілий, рідкий
167730;Молоко, імітація, без-сой
171280;Молоко, індійський м’ясо буйвола, рідкий
170875;Молоко, зі зниженим вмістом натрію, рідкий
171268;Молоко, з низьким вмістом жиру, рідкий, 1% молочний жир, збагачений білком, з доданим вітаміном A і вітамін Д
170873;Молоко, з низьким вмістом жиру, рідкий, 1% молочний жир, з доданий знежирений молоко тверда частина, вітамін A і вітамін Д
170872;Молоко, з низьким вмістом жиру, рідкий, 1% молочний жир, з доданим вітаміном A і вітамін Д
171271;Молоко, знежирений, рідкий, збагачений білком, з доданим вітаміном A і вітамін Д (знежирений і скім)
171270;Молоко, знежирений, рідкий, з доданий знежирений молоко тверда частина, вітамін A і вітамін Д (знежирений або скім)
171269;Молоко, знежирений, рідкий, з доданим вітаміном A і вітамін Д (знежирений або скім)
173432;Молоко, знежирений, рідкий, без доданого вітаміну A і вітамін Д (знежирений або скім)
171266;Молоко, продукер, рідкий, 3.7% молочний жир
170871;Молоко, зі зниженим вмістом жиру, рідкий, 2% молочний жир, збагачений білком, з доданим вітаміном A і вітамін Д
170870;Молоко, зі зниженим вмістом жиру, рідкий, 2% молочний жир, з доданий знежирений молоко тверда частина і вітамін A і вітамін Д
172193;Молоко, зі зниженим вмістом жиру, рідкий, 2% молочний жир, з доданий знежирений молоко тверда частина, без доданого вітаміну A
171267;Молоко, зі зниженим вмістом жиру, рідкий, 2% молочний жир, з доданим вітаміном A і вітамін Д
172205;Молоко, зі зниженим вмістом жиру, рідкий, 2% молочний жир, без доданого вітаміну A і вітамін Д
170882;Молоко, шіп, рідкий
171265;Молоко, цілий, 3.25% молочний жир, з доданим вітаміном Д
172217;Молоко, цілий, 3.25% молочний жир, без доданого вітаміну A і вітамін Д
172023;Просо борошно
168871;Просо, після приготування
167724;Просо, пуффед
169702;Просо, у сирому вигляді
172442;Місо
175082;Місжн Харчові продукти, Місжн Борошно Тортильї, М’який Тако, 8 інч
174213;Молюски, морське вушко, суміш видів, після приготування, смажений
174212;Молюски, морське вушко, суміш видів, у сирому вигляді
171976;Молюски, молюск венерка, суміш видів, консервований, відціджена тверда частина
171977;Молюски, молюск венерка, суміш видів, консервований, рідкий
171974;Молюски, молюск венерка, суміш видів, після приготування, у паніровці, смажений
171975;Молюски, молюск венерка, суміш видів, після приготування, вологе нагрівання
174214;Молюски, молюск венерка, суміш видів, у сирому вигляді
173720;Молюски, стромбус, печений або підсмажений під грилем
172010;Молюски, каракатиця, суміш видів, після приготування, вологе нагрівання
174215;Молюски, каракатиця, суміш видів, у сирому вигляді
174217;Молюски, мідія, блакитний, після приготування, вологе нагрівання
174216;Молюски, мідія, блакитний, у сирому вигляді
174249;Молюски, восьминіг, звичайний, після приготування, вологе нагрівання
174218;Молюски, восьминіг, звичайний, у сирому вигляді
174250;Молюски, устриця, Тихоокеанський, після приготування, вологе нагрівання
174219;Молюски, устриця, Тихоокеанський, у сирому вигляді
171981;Молюски, устриця, східний, консервований
171979;Молюски, устриця, східний, після приготування, у паніровці, смажений
175173;Молюски, устриця, східний, вирощений на фермі, після приготування, сухе нагрівання
175172;Молюски, устриця, східний, вирощений на фермі, у сирому вигляді
175171;Молюски, устриця, східний, дикий, після приготування, сухе нагрівання
171980;Молюски, устриця, східний, дикий, після приготування, вологе нагрівання
171978;Молюски, устриця, східний, дикий, у сирому вигляді
167742;Молюски, морський гребінець, (затоковий і морський), після приготування, приготований на парі
174221;Молюски, морський гребінець, суміш видів, після приготування, у паніровці, смажений
174222;Молюски, морський гребінець, суміш видів, імітація, виготовлений із сурімі
174220;Молюски, морський гребінець, суміш видів, у сирому вигляді
167744;Молюски, равлик, у сирому вигляді
171982;Молюски, кальмар, суміш видів, після приготування, смажений
174223;Молюски, кальмар, суміш видів, у сирому вигляді
171984;Молюски, букцинум, не уточнено, після приготування, вологе нагрівання
171983;Молюски, букцинум, не уточнено, у сирому вигляді
174573;Мортаделла, яловичина, свинина
173805;Квасоля мот, зріле насіння, після приготування, відварений, із сіллю
172426;Квасоля мот, зріле насіння, після приготування, відварений, без солі
172425;Квасоля мот, зріле насіння, у сирому вигляді
172932;MOTHER'S буханець або рулет, свинина
168552;Гірський ямс, хоейі, після приготування, приготований на парі, із сіллю
168433;Гірський ямс, хоейі, після приготування, приготований на парі, без солі
168432;Гірський ямс, хоейі, у сирому вигляді
167929;Муффін, чорниця або лохина, промислового приготування, з низьким вмістом жиру
174996;Мафіни, Англійський, змішаний-зерно (включає гранола)
174994;Мафіни, Англійський, без добавок, збагачений, з ка проп (включає на заквасці)
174995;Мафіни, Англійський, без добавок, підсмажений, збагачений, з кальцій пропіонат (включає на заквасці)
174997;Мафіни, Англійський, родзинки-кориця (включає яблуко-кориця)
172760;Мафіни, Англійський, родзинки-кориця, підсмажений (включає яблуко-кориця)
172761;Мафіни, Англійський, пшениця
172762;Мафіни, Англійський, цільнозерновий пшеничний
172765;Мафіни, чорниця або лохина, промислового приготування (Включає міні-мафіни)
172766;Мафіни, чорниця або лохина, суха суміш
172768;Мафіни, чорниця або лохина, приготований за рецептом, виготовлений із з низьким вмістом жиру (2%) молоко
172767;Мафіни, чорниця або лохина, тоастер-тип
175045;Мафіни, чорниця або лохина, тоастер-тип, підсмажений
175002;Мафіни, кукурудза, промислового приготування
175003;Мафіни, кукурудза, суха суміш, приготований
175005;Мафіни, кукурудза, приготований за рецептом, виготовлений із з низьким вмістом жиру (2%) молоко
175004;Мафіни, кукурудза, тоастер-тип
172769;Мафіни, овес висівки
172764;Мафіни, без добавок, приготований за рецептом, виготовлений із з низьким вмістом жиру (2%) молоко
172770;Мафіни, пшениця висівки, суха суміш
175046;Мафіни, пшениця висівки, тоастер-тип з родзинками, підсмажений
169913;Шовковиця, у сирому вигляді
175255;Маш, зріле насіння, після приготування, відварений, із сіллю
174257;Маш, зріле насіння, після приготування, відварений, без солі
174256;Маш, зріле насіння, у сирому вигляді
168499;Маш, зріле насіння, пророщений, після приготування, відварений, відціджений, із сіллю
169137;Маш, зріле насіння, пророщений, після приготування, відварений, відціджений, без солі
169138;Маш, зріле насіння, пророщений, після приготування, швидко обсмажений
169957;Маш, зріле насіння, пророщений, у сирому вигляді
175256;Чорний маш, зріле насіння, після приготування, відварений, із сіллю
172427;Чорний маш, зріле насіння, після приготування, відварений, без солі
174259;Чорний маш, зріле насіння, у сирому вигляді
169376;Гриб, білий, експосед до ултравіолет легкий, у сирому вигляді
168422;Гриби, Лисички, у сирому вигляді
168557;Гриби, коричневий, італійський, або кріміні, експосед до ултравіолет легкий, у сирому вигляді
168434;Гриби, коричневий, італійський, або кріміні, у сирому вигляді
169254;Гриби, консервований, відціджена тверда частина
169382;Гриби, енокі, у сирому вигляді
169403;Гриби, мейтаке, у сирому вигляді
168423;Гриби, морел, у сирому вигляді
168580;Гриби, устриця, у сирому вигляді
169377;Гриби, портабелла, експосед до ултравіолет легкий, приготований на грилі
170143;Гриби, портабелла, експосед до ултравіолет легкий, у сирому вигляді
169243;Гриби, портабелла, приготований на грилі
169255;Гриби, портабелла, у сирому вигляді
170097;Гриби, шіітаке, після приготування, із сіллю
168437;Гриби, шіітаке, після приготування, без солі
168436;Гриби, шіітаке, сушений
169242;Гриби, шіітаке, у сирому вигляді
168435;Гриби, шіітаке, швидко обсмажений
168582;Гриби, стро, консервований, відціджена тверда частина
168537;Гриби, білий, після приготування, відварений, відціджений, із сіллю
169252;Гриби, білий, після приготування, відварений, відціджений, без солі
169402;Гриби, білий, приготований у мікрохвильовій печі
169251;Гриби, білий, у сирому вигляді
169253;Гриби, білий, швидко обсмажений
170503;Листя гірчиці, після приготування, відварений, відціджений, із сіллю
169257;Листя гірчиці, після приготування, відварений, відціджений, без солі
170504;Листя гірчиці, заморожений, після приготування, відварений, відціджений, із сіллю
169259;Листя гірчиці, заморожений, після приготування, відварений, відціджений, без солі
169258;Листя гірчиці, заморожений, не приготовлений
169256;Листя гірчиці, у сирому вигляді
170505;Гірчичний шпинат, (Tendergreen), після приготування, відварений, відціджений, із сіллю
168439;Гірчичний шпинат, (Tendergreen), після приготування, відварений, відціджений, без солі
168438;Гірчичний шпинат, (Tendergreen), у сирому вигляді
172234;Гірчиця, приготований, жовтий
175083;NABISCO, NABISCO Грахамс Крекери
175084;NABISCO, NABISCO Орео Крунчіс, Печиво Крумб Топінг
173258;NABISCO, NABISCO Рітз Крекери
167924;NABISCO, NABISCO Снаквелл’с Знежирений Девіл’с Харчовий продукт Печиво Торти або кекси
167788;Нанке, консервований, сироп, відціджений
167789;Нанке, заморожений, без підсолоджувачів
167790;Наранджілла (луло) пулп, заморожений, без підсолоджувачів
172443;Натто
169914;Нектарини, у сирому вигляді
168441;Новозеландський шпинат, після приготування, відварений, відціджений, без солі
168440;Новозеландський шпинат, у сирому вигляді
170506;Новозеландський шпинат, після приготування, відварений, відціджений, із сіллю
174258;Локшина, китайський, келлофане або довгий рис (маш), зневоднений
168905;Локшина, китайський, чоу меін
168919;Локшина, яйце, після приготування, збагачений, з додаванням солі
169762;Локшина, яйце, після приготування, незбагачений, з додаванням солі
169731;Локшина, яйце, сухий, збагачений
169755;Локшина, яйце, сухий, незбагачений
169732;Локшина, яйце, збагачений, після приготування
169734;Локшина, яйце, шпинат, збагачений, після приготування
169733;Локшина, яйце, шпинат, збагачений, сухий
168926;Локшина, яйце, незбагачений, після приготування, без додавання солі
169735;Локшина, плоский, хрусткий, Китайський ресторанний
168907;Локшина, японський, соба, після приготування
168906;Локшина, японський, соба, сухий
168909;Локшина, японський, сомен, після приготування
168908;Локшина, японський, сомен, сухий
169388;Нопалес, після приготування, без солі
168571;Нопалес, у сирому вигляді
170892;Нутрішнал супплемент для пеопле з діабетес, рідкий
170566;Горіхи, борошно з жолудів, повножирний
170565;Горіхи, акорнс, сушений
170157;Горіхи, акорнс, у сирому вигляді
168603;Горіхи, мигдаль вершкове масло, без добавок, з додаванням солі
168588;Горіхи, мигдаль вершкове масло, без добавок, без солі доданий
170160;Горіхи, мигдаль паста
170567;Горіхи, мигдаль
170568;Горіхи, мигдаль, бланчед
168596;Горіхи, мигдаль, обсмажений без олії, з додаванням солі
170158;Горіхи, мигдаль, обсмажений без олії, без солі доданий
168592;Горіхи, мигдаль, мед запечений, унбланчед
168602;Горіхи, мигдаль, обсмажений в олії, лайтли солоний
169419;Горіхи, мигдаль, обсмажений в олії, з додаванням солі
169420;Горіхи, мигдаль, обсмажений в олії, з додаванням солі, смоке смак
170159;Горіхи, мигдаль, обсмажений в олії, без солі доданий
170161;Горіхи, бічнутс, сушений
170569;Горіхи, бразілнутс, сушений, унбланчед
170570;Горіхи, буттернутс, сушений
168597;Горіхи, кашев вершкове масло, без добавок, з додаванням солі
170163;Горіхи, кашев вершкове масло, без добавок, без солі доданий
169421;Горіхи, кашев горіхи, обсмажений без олії, з додаванням солі
170571;Горіхи, кашев горіхи, обсмажений без олії, без солі доданий
169422;Горіхи, кашев горіхи, обсмажений в олії, з додаванням солі
170572;Горіхи, кашев горіхи, обсмажений в олії, без солі доданий
170162;Горіхи, кашев горіхи, у сирому вигляді
170166;Горіхи, каштани, китайський, відварений і приготований на парі
170165;Горіхи, каштани, китайський, сушений
170164;Горіхи, каштани, китайський, у сирому вигляді
170573;Горіхи, каштани, китайський, запечений
170168;Горіхи, каштани, європейський, відварений і приготований на парі
170167;Горіхи, каштани, європейський, сушений, очищений
170576;Горіхи, каштани, європейський, сушений, зі шкіркою
170575;Горіхи, каштани, європейський, у сирому вигляді, очищений
170574;Горіхи, каштани, європейський, у сирому вигляді, зі шкіркою
170190;Горіхи, каштани, європейський, запечений
168589;Горіхи, каштани, японський, відварений і приготований на парі
169408;Горіхи, каштани, японський, сушений
169413;Горіхи, каштани, японський, у сирому вигляді
168590;Горіхи, каштани, японський, запечений
170171;Горіхи, кокос вершки, консервований, підсолоджений
170580;Горіхи, кокос вершки, у сирому вигляді (рідкий експрессед з тертий м’ясо)
168585;Горіхи, кокос м’ясо, сушений (десіккатед), крімед
170170;Горіхи, кокос м’ясо, сушений (десіккатед), не підсолоджений
170578;Горіхи, кокос м’ясо, сушений (десіккатед), підсолоджений, флакед, консервований
170577;Горіхи, кокос м’ясо, сушений (десіккатед), підсолоджений, флакед, фасований
168586;Горіхи, кокос м’ясо, сушений (десіккатед), підсолоджений, натертий або нашаткований
170579;Горіхи, кокос м’ясо, сушений (десіккатед), підсмажений
170169;Горіхи, кокос м’ясо, у сирому вигляді
170173;Горіхи, кокос молоко, консервований (рідкий експрессед з тертий м’ясо і вода)
169409;Горіхи, кокос молоко, заморожений (рідкий експрессед з тертий м’ясо і вода)
170172;Горіхи, кокос молоко, у сирому вигляді (рідкий експрессед з тертий м’ясо і вода)
170174;Горіхи, кокос вода (рідкий з коконутс)
169411;Горіхи, спеціально сформульований, на пшеничній основі, усі смаки екскепт макадаміа, без солі
170180;Горіхи, спеціально сформульований, на пшеничній основі, без смакових добавок, з додаванням солі
170176;Горіхи, горіхи гінкго, консервований
170175;Горіхи, горіхи гінкго, сушений
170584;Горіхи, горіхи гінкго, у сирому вигляді
170581;Горіхи, фундук або фундук
170582;Горіхи, фундук або фундук, бланчед
170583;Горіхи, фундук або фундук, обсмажений без олії, без солі доданий
170177;Горіхи, хікоринутс, сушений
168598;Горіхи, горіхи макадамія, обсмажений без олії, з додаванням солі
170179;Горіхи, горіхи макадамія, обсмажений без олії, без солі доданий
170178;Горіхи, горіхи макадамія, у сирому вигляді
170181;Горіхи, змішаний горіхи, обсмажений без олії, з арахісом, сіль доданий, CHOSEN ROASTER
170586;Горіхи, змішаний горіхи, обсмажений без олії, з арахісом, сіль доданий, PLANTERS пістачіо суміш
168599;Горіхи, змішаний горіхи, обсмажений без олії, з арахісом, з додаванням солі
170585;Горіхи, змішаний горіхи, обсмажений без олії, з арахісом, без солі доданий
169427;Горіхи, змішаний горіхи, обсмажений в олії, з арахісом, лайтли солоний
168600;Горіхи, змішаний горіхи, обсмажений в олії, з арахісом, з додаванням солі
170587;Горіхи, змішаний горіхи, обсмажений в олії, з арахісом, без солі доданий
169428;Горіхи, змішаний горіхи, обсмажений в олії, без арахіс, лайтли солоний
169423;Горіхи, змішаний горіхи, обсмажений в олії, без арахіс, з додаванням солі
170588;Горіхи, змішаний горіхи, обсмажений в олії, без арахіс, без солі доданий
170182;Горіхи, пекан
169424;Горіхи, пекан, обсмажений без олії, з додаванням солі
170183;Горіхи, пекан, обсмажений без олії, без солі доданий
169425;Горіхи, пекан, обсмажений в олії, з додаванням солі
170589;Горіхи, пекан, обсмажений в олії, без солі доданий
170590;Горіхи, пілінутс, сушений
170591;Горіхи, піне горіхи, сушений
170592;Горіхи, піне горіхи, пінион, сушений
169426;Горіхи, пістачіо горіхи, обсмажений без олії, з додаванням солі
170185;Горіхи, пістачіо горіхи, обсмажений без олії, без солі доданий
170184;Горіхи, пістачіо горіхи, у сирому вигляді
170186;Горіхи, волоські горіхи, чорний, сушений
170594;Горіхи, волоські горіхи, обсмажений без олії, з додаванням солі
170187;Горіхи, волоські горіхи, англійський
170593;Горіхи, волоські горіхи, глазурований
168873;Овес висівки, після приготування
168872;Овес висівки, у сирому вигляді
169741;Овес борошно, партіалли дебраннед
169705;Овес (Включає харчові продукти для USDA'с Харчовий продукт Розподіл Програма)
169915;Охелоберріс, у сирому вигляді
171430;Олія, PAM кукінг спрей, оригінальний
171031;Олія, мигдаль
171032;Олія, абрикос зерно
173573;Олія, авокадо
171428;Олія, бабассу
172336;Олія, ріпак
171421;Олія, какао вершкове масло
171412;Олія, кокос
171433;Олія, кукінг і салат, ENOVA, 80% дігликерідес
169867;Олія, кукурудза і ріпак
171029;Олія, кукурудза, промисловий і роздрібний, універсальний для салатів або приготування їжі
167737;Олія, кукурудза, арахіс, і оливка
171024;Олія, бавовняне насіння, для салатів або приготування їжі
173563;Олія, купу ассу
167702;Олія, насіння льону, колд прессед
171442;Олія, насіння льону, містить доданий нарізаний скибками насіння льону
171028;Олія, грапесід
171427;Олія, хазелнут
172360;Олія, промисловий, ріпак (частково гідрогенізований) олія для діп жир для смаження
172359;Олія, промисловий, ріпак для саладс, вокс і легкий для смаження
172358;Олія, промисловий, ріпак з антіфоамінг агент, прінкіпал усес саладс, вокс і легкий для смаження
171042;Олія, промисловий, ріпак, високий олеік
172367;Олія, промисловий, кокос (гідрогенізований), усед для збитий топінги і кава вітенерс
172365;Олія, промисловий, кокос, конфекшн жир, типікал басіс для морозиво коатінгс
173595;Олія, промисловий, кокос, прінкіпал усес цукерка коатінгс, олія спрейс, для запікання горіхи
171441;Олія, промисловий, бавовняне насіння, повністю гідрогенізований
172357;Олія, промисловий, мід-олеік, соняшник
172368;Олія, промисловий, пальма і пальма зерно, начинка жир (без-гідрогенізований)
172366;Олія, промисловий, пальма зерно (гідрогенізований), усед для збитий топінги, без-молочний
173602;Олія, промисловий, пальма зерно (гідрогенізований), конфекшн жир, інтермедіате категорія продукт
173601;Олія, промисловий, пальма зерно (гідрогенізований), конфекшн жир, усес сімілар до 95 дегрі твердий вершкове масло
173603;Олія, промисловий, пальма зерно (гідрогенізований), начинка жир
173600;Олія, промисловий, пальма зерно, конфекшн жир, усес сімілар до високий кваліти какао вершкове масло
172362;Олія, промисловий, сой (частково гідрогенізований), універсальний
172363;Олія, промисловий, сой (частково гідрогенізований) і сой (вінтерізед), паурабле клір смаження
173604;Олія, промисловий, сой (частково гідрогенізований), пальма, прінкіпал усес ікінгс і філлінгс
172364;Олія, промисловий, сой (частково гідрогенізований) і бавовняне насіння, прінкіпал усе як A тортилья кондитерський жир
172361;Олія, промисловий, сой (частково гідрогенізований), мултіусе для без-молочний вершкове масло смак
173596;Олія, промисловий, сой (частково гідрогенізований), прінкіпал усес попкорн і флаворінг овочі
171440;Олія, промисловий, сой, повністю гідрогенізований
171438;Олія, промисловий, сой, низький ліноленік
173598;Олія, промисловий, сой, рефінед, для вокс і легкий для смаження
171439;Олія, промисловий, сой, ултра низький ліноленік
172337;Олія, гірчиця
172335;Олія, мускатний горіх вершкове масло
173576;Олія, овес
171413;Олія, оливка, для салатів або приготування їжі
171015;Олія, пальма
171410;Олія, арахіс, для салатів або приготування їжі
171423;Олія, попписід
171013;Олія, рис висівки
171027;Олія, саффлоуер, для салатів або приготування їжі, високий олеік (прімари сафлорова олія з коммерке)
171026;Олія, саффлоуер, для салатів або приготування їжі, лінолеік, (овер 70%)
171016;Олія, кунжут, для салатів або приготування їжі
171429;Олія, шінут
171426;Олія, соєвий біб лекітін
171411;Олія, соєвий біб, для салатів або приготування їжі
171012;Олія, соєвий біб, для салатів або приготування їжі, (частково гідрогенізований)
173565;Олія, соєвий біб, для салатів або приготування їжі, (частково гідрогенізований) і бавовняне насіння
172338;Олія, соняшник, високий олеік (70% і овер)
171017;Олія, соняшник, лінолеік (менше ніж 60%)
171025;Олія, соняшник, лінолеік, (аппрокс. 65%)
172328;Олія, соняшник, лінолеік, (частково гідрогенізований)
171425;Олія, тісід
171424;Олія, томатосід
173570;Олія, укухуба вершкове масло
171033;Олія, овочевий, Натреон ріпак, високий стабіліти, без транс, високий олеік (70%)
172370;Олія, овочевий, соєвий біб, рефінед
171030;Олія, валнут
171014;Олія, пшениця зародки зерна
172452;Окара
170098;Бамія, після приготування, відварений, відціджений, із сіллю
169261;Бамія, після приготування, відварений, відціджений, без солі
170099;Бамія, заморожений, після приготування, відварений, відціджений, із сіллю
169263;Бамія, заморожений, після приготування, відварений, відціджений, без солі
169262;Бамія, заморожений, не приготовлений
169260;Бамія, у сирому вигляді
172926;Оливка буханець або рулет, свинина
169096;Оливки, маринований, консервований або бутильований, зелений
169095;Оливки, стиглий, консервований (дуже великий-супер колоссал)
169094;Оливки, стиглий, консервований (малий-дуже великий)
170415;Цибуля рінгс, у паніровці, попередньо обсмажений, заморожений, приготований, підігрітий у духовці
170414;Цибуля рінгс, у паніровці, попередньо обсмажений, заморожений, не приготовлений
170003;Цибуля, консервований, тверда частина та рідина
170100;Цибуля, після приготування, відварений, відціджений, із сіллю
170001;Цибуля, після приготування, відварений, відціджений, без солі
170002;Цибуля, зневоднений пластівці
170101;Цибуля, заморожений, подрібнений, після приготування, відварений, відціджений, із сіллю
170411;Цибуля, заморожений, подрібнений, після приготування, відварений, відціджений, без солі
170410;Цибуля, заморожений, подрібнений, не приготовлений
170507;Цибуля, заморожений, цілий, після приготування, відварений, відціджений, із сіллю
170413;Цибуля, заморожений, цілий, після приготування, відварений, відціджений, без солі
170412;Цибуля, заморожений, цілий, не приготовлений
170000;Цибуля, у сирому вигляді
170005;Цибуля, спрінг або скалліонс (включає топс і булб), у сирому вигляді
170008;Цибуля, солодкий, у сирому вигляді
170007;Цибуля, велш, у сирому вигляді
170004;Цибуля, жовтий, сотід
170006;Цибуля, молодий зелений, топс лише
167792;Помаранчевий Ананас Суміш соків
169099;Помаранчевий сік, консервований, без підсолоджувачів
169100;Помаранчевий сік, чіллед, включає з концентрату
169920;Помаранчевий сік, чіллед, включає з концентрату, з доданим кальцієм
169101;Помаранчевий сік, чіллед, включає з концентрату, з доданим кальцієм і вітамін Д
167794;Помаранчевий сік, чіллед, включає з концентрату, з доданим кальцієм і вітаміни A, Д, Е
169102;Помаранчевий сік, заморожений концентрат, без підсолоджувачів, розведений з 3 об’єм вода
169921;Помаранчевий сік, заморожений концентрат, без підсолоджувачів, розведений з 3 об’єм вода, з доданим кальцієм
169923;Помаранчевий сік, заморожений концентрат, без підсолоджувачів, нерозведений
169922;Помаранчевий сік, заморожений концентрат, без підсолоджувачів, нерозведений, з доданим кальцієм
169109;Пасжн-фруктовий сік, фіолетовий, у сирому вигляді
169098;Помаранчевий сік, у сирому вигляді (Включає харчові продукти для USDA'с Харчовий продукт Розподіл Програма)
169103;Помаранчевий піл, у сирому вигляді
169104;Помаранчевий-грейпфрут сік, консервований або бутильований, без підсолоджувачів
169916;Апельсини, у сирому вигляді, Каліфорнійський, валенкіас
169918;Апельсини, у сирому вигляді, Флоріда
169097;Апельсини, у сирому вигляді, усі категорія Промисловий різновиди
169917;Апельсини, у сирому вигляді, навелс (Включає харчові продукти для USDA'с Харчовий продукт Розподіл Програма)
169919;Апельсини, у сирому вигляді, з піл
174589;OSCAR MAYER, Варена ковбаса болонья (яловичина)
172944;OSCAR MAYER, Броншвеігер Печінка Ковбаса (нарізаний скибками)
172945;OSCAR MAYER, Курятина Грудка (мед глазурований)
172946;OSCAR MAYER, Шинка (подрібнений з натуральний сік)
172947;OSCAR MAYER, Салямі (твердий)
174590;OSCAR MAYER, Смокіс Ковбаса Літтле Сир (свинина, індичатина)
174591;OSCAR MAYER, Вінерс (яловичина франкс)
174483;Страусятина, фан, у сирому вигляді
174482;Страусятина, мелений, після приготування, підсмажений на сухій пательні
174481;Страусятина, мелений, у сирому вигляді
172840;Страусятина, внутрішня частина ніжка, після приготування
172839;Страусятина, внутрішня частина ніжка, у сирому вигляді
172842;Страусятина, внутрішня частина стріп, після приготування
172841;Страусятина, внутрішня частина стріп, у сирому вигляді
174484;Страусятина, зовнішня частина ніжка, у сирому вигляді
174486;Страусятина, зовнішня частина стріп, після приготування
174485;Страусятина, зовнішня частина стріп, у сирому вигляді
172843;Страусятина, устриця, після приготування
174487;Страусятина, устриця, у сирому вигляді
172844;Страусятина, тазостегнова частина, у сирому вигляді
172845;Страусятина, вирізка, у сирому вигляді
174488;Страусятина, кінчик обрізаний, після приготування
172846;Страусятина, кінчик обрізаний, у сирому вигляді
174490;Страусятина, верхня частина корейки, після приготування
174489;Страусятина, верхня частина корейки, у сирому вигляді
167938;Пательня Дулке, Ла Рікура, Салпора де Арроз кон Азукар, печиво-ліке, містить пшеничне борошно і рис борошно
172771;Млинці без добавок, заморожений, готовий-до-нагрівання (включає маслянка)
172773;Млинці, чорниця або лохина, приготований за рецептом
172774;Млинці, гречка, суха суміш, інкомплете
175047;Млинці, маслянка, приготований за рецептом
174106;Млинці, без глютену, заморожений, готовий-до-нагрівання
172772;Млинці, без добавок, суха суміш, комплете (включає маслянка)
175006;Млинці, без добавок, суха суміш, комплете, приготований
175007;Млинці, без добавок, суха суміш, інкомплете (включає маслянка)
175008;Млинці, без добавок, суха суміш, інкомплете, приготований
167926;Млинці, без добавок, заморожений, готовий-до-нагрівання, для мікрохвильової печі (включає маслянка)
175009;Млинці, без добавок, приготований за рецептом
174086;Млинці, без добавок, зі зниженим вмістом жиру
172775;Млинці, спекіал дітари, суха суміш
171853;Млинці, цільнозерновий пшеничний, суха суміш, інкомплете
172776;Млинці, цільнозерновий пшеничний, суха суміш, інкомплете
175010;Млинці, цільнозерновий пшеничний, суха суміш, інкомплете, приготований
168106;Папад
169107;Папая нектар, консервований
169927;Папая, консервований, високої жирності сироп, відціджений
169926;Папейас, у сирому вигляді
172206;Пармезан сир топінг, знежирений
170486;Петрушка, сублімовано висушений
170416;Петрушка, свіжий
170508;Пастернак, після приготування, відварений, відціджений, із сіллю
170009;Пастернак, після приготування, відварений, відціджений, без солі
170417;Пастернак, у сирому вигляді
169110;Пасжн-фруктовий сік, жовтий, у сирому вигляді
169108;Пасжн-фрукти, (гранаділла), фіолетовий, у сирому вигляді
168958;Макаронні вироби суміш, Італійський фаур сир лазанья, не приготовлений
168955;Макаронні вироби суміш, Італійський лазанья, не приготовлений
168954;Макаронні вироби суміш, класичний яловичина, не приготовлений
168953;Макаронні вироби суміш, класичний чісебургер макарони, не приготовлений
172091;Макаронні вироби з Нарізаний скибками Франкс у Томатний соус, консервований основна готова страва
172100;Макаронні вироби з томатним соусом, без м’ясо, консервований
169751;Макаронні вироби, після приготування, збагачений, з додаванням солі
169737;Макаронні вироби, після приготування, збагачений, без додавання солі
172014;Макаронні вироби, після приготування, незбагачений, з додаванням солі
168928;Макаронні вироби, після приготування, незбагачений, без додавання солі
169736;Макаронні вироби, сухий, збагачений
168927;Макаронні вироби, сухий, незбагачений
169727;Макаронні вироби, свіжий-охолоджений, без добавок, у придбаному вигляді
169728;Макаронні вироби, свіжий-охолоджений, без добавок, після приготування
169729;Макаронні вироби, свіжий-охолоджений, шпинат, у придбаному вигляді
169730;Макаронні вироби, свіжий-охолоджений, шпинат, після приготування
172026;Макаронні вироби, без глютену, бурий рис борошно, після приготування, TINKYADA
173265;Макаронні вироби, без глютену, кукурудза і рис борошно, після приготування
172027;Макаронні вироби, без глютену, кукурудзяне борошно і кіноа борошно, після приготування, ANCIENT HARVEST
168900;Макаронні вироби, без глютену, кукурудза, після приготування
168899;Макаронні вироби, без глютену, кукурудза, сухий
173264;Макаронні вироби, без глютену, рис борошно і рис висівки екстракт, після приготування, DE BOLES
168901;Макаронні вироби, домашній, виготовлений із яйце, після приготування
168902;Макаронні вироби, домашній, виготовлений без яйце, після приготування
172024;Макаронні вироби, цілий зерно, 51% цільнозерновий пшеничний, ремейнінг збагачений семоліна, після приготування (Включає харчові продукти для USDA'с Харчовий продукт Розподіл Програма)
172025;Макаронні вироби, цілий зерно, 51% цільнозерновий пшеничний, ремейнінг збагачений семоліна, сухий (Включає харчові продукти для USDA'с Харчовий продукт Розподіл Програма)
168916;Макаронні вироби, цілий зерно, 51% цільнозерновий пшеничний, ремейнінг незбагачений семоліна, після приготування
168915;Макаронні вироби, цілий зерно, 51% цільнозерновий пшеничний, ремейнінг незбагачений семоліна, сухий
168910;Макаронні вироби, цільнозерновий пшеничний, після приготування (Включає харчові продукти для USDA'с Харчовий продукт Розподіл Програма)
169738;Макаронні вироби, цільнозерновий пшеничний, сухий (Включає харчові продукти для USDA'с Харчовий продукт Розподіл Програма)
172959;Пастрамі, яловичина, 98% знежирений
172927;Пастрамі, індичатина
167528;Випічка, Пастелітос де Гуава (гуава пастріс)
171100;Паштет де фойе грас, консервований (гуска печінка паштет), копчений
172928;Паштет, курятина печінка, консервований
172929;Паштет, гуска печінка, копчений, консервований
172930;Паштет, печінка, не спекіфід, консервований
172967;Паштет, труффле смак
168185;Персик нектар, консервований, з з доданою аскорбіновою кислотою
169117;Персик нектар, консервований, з сукралосе, без з доданою аскорбіновою кислотою
169113;Персики, консервований, додатковий у густому сиропі, тверда частина та рідина
169931;Персики, консервований, дуже легкий сироп, тверда частина та рідина (Включає харчові продукти для USDA'с Харчовий продукт Розподіл Програма)
169112;Персики, консервований, у густому сиропі, тверда частина та рідина
168181;Персики, консервований, високої жирності сироп, відціджений
169930;Персики, консервований, у фруктовому соку, тверда частина та рідина
169111;Персики, консервований, у легкому сиропі, тверда частина та рідина
169929;Персики, консервований, у воді, тверда частина та рідина
169933;Персики, зневоднений (низький-волога), оброблений сірчистим газом, тушкований
169932;Персики, зневоднений (низький-волога), оброблений сірчистим газом, не приготовлений
169115;Персики, сушений, оброблений сірчистим газом, тушкований, з додаванням цукру
169935;Персики, сушений, оброблений сірчистим газом, тушкований, без додавання цукру
169934;Персики, сушений, оброблений сірчистим газом, не приготовлений
169116;Персики, заморожений, нарізаний скибками, підсолоджений
169114;Персики, спікед, консервований, у густому сиропі, тверда частина та рідина
169928;Персики, жовтий, у сирому вигляді
174294;Арахісова паста, однорідний (Включає харчові продукти для USDA'с Харчовий продукт Розподіл Програма)
172471;Арахісова паста з омега-3, кремовий
174265;Арахісова паста, шматок стиль, із сіллю
172469;Арахісова паста, шматок стиль, без солі
172460;Арахісова паста, із великими шматочками, вітамін і мінерал збагачений
169869;Арахісова паста, зі зниженим вмістом натрію
174266;Арахісова паста, однорідний стиль, із сіллю (Включає харчові продукти для USDA'с Харчовий продукт Розподіл Програма)
172470;Арахісова паста, однорідний стиль, без солі
172458;Арахісова паста, однорідний, зі зниженим вмістом жиру
172459;Арахісова паста, однорідний, вітамін і мінерал збагачений
174267;Арахіс борошно, знежирений
172435;Арахіс борошно, з низьким вмістом жиру
172457;Арахіс спред, зі зниженим вмістом цукру
174260;Арахіс, усі типи, після приготування, відварений, із сіллю
174262;Арахіс, усі типи, сухий-запечений, із сіллю
173806;Арахіс, усі типи, сухий-запечений, без солі
174261;Арахіс, усі типи, олія-запечений, із сіллю
175258;Арахіс, усі типи, олія-запечений, без солі
172430;Арахіс, усі типи, у сирому вигляді
172431;Арахіс, іспанський, олія-запечений, із сіллю
173807;Арахіс, іспанський, олія-запечений, без солі
174263;Арахіс, іспанський, у сирому вигляді
172433;Арахіс, валенкіа, олія-запечений, із сіллю
173808;Арахіс, валенкіа, олія-запечений, без солі
172432;Арахіс, валенкіа, у сирому вигляді
174264;Арахіс, віргініа, олія-запечений, із сіллю
173809;Арахіс, віргініа, олія-запечений, без солі
172434;Арахіс, віргініа, у сирому вигляді
168186;Груша нектар, консервований, з з доданою аскорбіновою кислотою
169940;Груша нектар, консервований, без з доданою аскорбіновою кислотою
168177;Груші, азійський, у сирому вигляді
169120;Груші, консервований, додатковий у густому сиропі, тверда частина та рідина
169937;Груші, консервований, у дуже легкому сиропі, тверда частина та рідина (Включає харчові продукти для USDA'с Харчовий продукт Розподіл Програма)
169939;Груші, консервований, у густому сиропі, тверда частина та рідина
168182;Груші, консервований, високої жирності сироп, відціджений
169936;Груші, консервований, у фруктовому соку, тверда частина та рідина
169938;Груші, консервований, у легкому сиропі, тверда частина та рідина
169119;Груші, консервований, у воді, тверда частина та рідина
169123;Груші, сушений, оброблений сірчистим газом, тушкований, з додаванням цукру
169122;Груші, сушений, оброблений сірчистим газом, тушкований, без додавання цукру
169121;Груші, сушений, оброблений сірчистим газом, не приготовлений
169118;Груші, у сирому вигляді
167776;Груші, у сирому вигляді, бартлетт (Включає харчові продукти для USDA'с Харчовий продукт Розподіл Програма)
167778;Груші, у сирому вигляді, боск (Включає харчові продукти для USDA'с Харчовий продукт Розподіл Програма)
167779;Груші, у сирому вигляді, зелений анджау (Включає харчові продукти для USDA'с Харчовий продукт Розподіл Програма)
167777;Груші, у сирому вигляді, червоний анджау
170512;Горох із морквою, консервований, без додавання солі, тверда частина та рідина
170424;Горох із морквою, консервований, стандартне консервування, тверда частина та рідина
170513;Горох із морквою, заморожений, після приготування, відварений, відціджений, із сіллю
170018;Горох із морквою, заморожений, після приготування, відварений, відціджений, без солі
170425;Горох із морквою, заморожений, не приготовлений
170019;Горох із цибулею, консервований, тверда частина та рідина
170514;Горох із цибулею, заморожений, після приготування, відварений, відціджений, із сіллю
175012;Пиріг, яблуко, приготований за рецептом
170021;Горох із цибулею, заморожений, після приготування, відварений, відціджений, без солі
170020;Горох із цибулею, заморожений, не приготовлений
170011;Горох, зі їстівними стручками, відварений, відціджений, без солі
170509;Горох, зі їстівними стручками, після приготування, відварений, відціджений, із сіллю
170510;Горох, зі їстівними стручками, заморожений, після приготування, відварений, відціджений, із сіллю
170418;Горох, зі їстівними стручками, заморожений, після приготування, відварений, відціджений, без солі
170012;Горох, зі їстівними стручками, заморожений, не приготовлений
170010;Горох, зі їстівними стручками, у сирому вигляді
170013;Горох, зелений (включає молодий або малий і лесуер типи), консервований, відціджена тверда частина, не приготовлений
170015;Горох, зелений, консервований, відціджена тверда частина, промитий водопровідною водою
170104;Горох, зелений, консервований, без додавання солі, відціджена тверда частина
170103;Горох, зелений, консервований, без додавання солі, тверда частина та рідина
170421;Горох, зелений, консервований, стандартне консервування, тверда частина та рідина
170014;Горох, зелений, консервований, приправлений, тверда частина та рідина
170102;Горох, зелений, після приготування, відварений, відціджений, із сіллю
170420;Горох, зелений, після приготування, відварений, відціджений, без солі
170105;Горох, зелений, заморожений, після приготування, відварений, відціджений, із сіллю
170017;Горох, зелений, заморожений, після приготування, відварений, відціджений, без солі
170016;Горох, зелений, заморожений, не приготовлений (Включає харчові продукти для USDA'с Харчовий продукт Розподіл Програма)
170419;Горох, зелений, у сирому вигляді
172428;Горох, зелений, колотий, зріле насіння, у сирому вигляді
170511;Горох, зріле насіння, пророщений, після приготування, відварений, відціджений, із сіллю
170423;Горох, зріле насіння, пророщений, після приготування, відварений, відціджений, без солі
170422;Горох, зріле насіння, пророщений, у сирому вигляді
175257;Горох, колотий, зріле насіння, після приготування, відварений, із сіллю
172429;Горох, колотий, зріле насіння, після приготування, відварений, без солі
167682;Пектін, рідкий
168821;Пектін, без підсолоджувачів, суха суміш
168418;Пепіо, сушений
169394;Перець, банан, у сирому вигляді
174574;Пепперед буханець або рулет, свинина, яловичина
168005;PEPPERIDGE FARM, Голдфіш, Печений Перекус Крекери, Чедер
168006;PEPPERIDGE FARM, Голдфіш, Печений Перекус Крекери, Експлосіве Пізза
167594;PEPPERIDGE FARM, Голдфіш, Печений Перекус Крекери, Оригінальний
167595;PEPPERIDGE FARM, Голдфіш, Печений Перекус Крекери, Пармезан
167596;PEPPERIDGE FARM, Голдфіш, Печений Перекус Крекери, Пізза
173474;Пеппермінт, свіжий
174575;Пепероні, яловичина і свинина, нарізаний скибками
169396;Перець, анчо, сушений
168577;Перець, чилі, зелений, консервований
168570;Перець, гострий чіле, сун-сушений
170426;Перець, гострий чилі, зелений, консервований, подс, без насіння, тверда частина та рідина
170497;Перець, гострий чилі, зелений, у сирому вигляді
170107;Перець, гострий чилі, червоний, консервований, без насіння, тверда частина та рідина
170106;Перець, гострий чилі, червоний, у сирому вигляді
169766;Перець, гострий маринований, консервований
168578;Перець, хунгаріан, у сирому вигляді
170080;Перець, халапеньйо, консервований, тверда частина та рідина
168576;Перець, халапеньйо, у сирому вигляді
168579;Перець, пасілла, сушений
169395;Перець, серрано, у сирому вигляді
170429;Перець, солодкий, зелений, консервований, тверда частина та рідина
170109;Перець, солодкий, зелений, після приготування, відварений, відціджений, із сіллю
170428;Перець, солодкий, зелений, після приготування, відварений, відціджений, без солі
170023;Перець, солодкий, зелений, заморожений, подрібнений, відварений, відціджений, без солі
170516;Перець, солодкий, зелений, заморожений, подрібнений, після приготування, відварений, відціджений, із сіллю
170022;Перець, солодкий, зелений, заморожений, подрібнений, не приготовлений
170427;Перець, солодкий, зелений, у сирому вигляді
170024;Перець, солодкий, зелений, сотід
168546;Перець, солодкий, червоний, консервований, тверда частина та рідина
170515;Перець, солодкий, червоний, після приготування, відварений, відціджений, із сіллю
170110;Перець, солодкий, червоний, після приготування, відварений, відціджений, без солі
169373;Перець, солодкий, червоний, сублімовано висушений
168549;Перець, солодкий, червоний, заморожений, подрібнений, відварений, відціджений, із сіллю
168548;Перець, солодкий, червоний, заморожений, подрібнений, відварений, відціджений, без солі
168547;Перець, солодкий, червоний, заморожений, подрібнений, не приготовлений
170108;Перець, солодкий, червоний, у сирому вигляді
168550;Перець, солодкий, червоний, сотід
169383;Перець, солодкий, жовтий, у сирому вигляді
169942;Хурма, японський, сушений
169941;Хурма, японський, у сирому вигляді
169943;Хурма, місцевий, у сирому вигляді
174474;Фазан, грудка, лише м’ясо, у сирому вигляді
169903;Фазан, після приготування, тотал едібле
172417;Фазан, ніжка, лише м’ясо, у сирому вигляді
174472;Фазан, у сирому вигляді, м’ясо зі шкірою
174473;Фазан, у сирому вигляді, лише м’ясо
172791;Филло тісто
174576;Пікле і пімінто буханець або рулет, свинина
169386;Огірковий реліш, гамбургер
168560;Огірковий реліш, сосиска для хот-дога
168561;Огірковий реліш, солодкий
169397;Мариновані огірки, чоучоу, з цвітна капуста цибуля гірчиця, солодкий
168558;Мариновані огірки, огірок, ділл або кошер ділл
168563;Мариновані огірки, огірок, ділл, зі зниженим вмістом натрію
169379;Мариновані огірки, огірок, кислий
168562;Мариновані огірки, огірок, кислий, зі зниженим вмістом натрію
169378;Мариновані огірки, огірок, солодкий (включає хліб і вершкове масло мариновані огірки)
169380;Мариновані огірки, огірок, солодкий, зі зниженим вмістом натрію (включає хліб і вершкове масло мариновані огірки)
172933;Нижня плечова частина буханець або рулет, свинина, яловичина
167521;Корж для пирога, Печиво-тип, Шоколад, Готовий Корж
167520;Корж для пирога, Печиво-тип, Із борошна Ґрема Крекер, Готовий Корж
172811;Корж для пирога, печиво-тип, приготований за рецептом, із борошна Ґрема крекер, чіллед
172813;Корж для пирога, печиво-тип, приготований за рецептом, ванільний вафля, чіллед
167931;Корж для пирога, діп діш, заморожений, печений, виготовлений із збагачений борошно
167523;Корж для пирога, діп діш, заморожений, унбакед, виготовлений із збагачений борошно
167930;Корж для пирога, охолоджений, звичайний, печений
167932;Корж для пирога, охолоджений, звичайний, унбакед
175022;Корж для пирога, категорія Стандартний-тип, суха суміш
175023;Корж для пирога, категорія Стандартний-тип, суха суміш, приготований, печений
175024;Корж для пирога, категорія Стандартний-тип, заморожений, готовий-до-випікання, збагачений
175025;Корж для пирога, категорія Стандартний-тип, заморожений, готовий-до-випікання, збагачений, печений
175065;Корж для пирога, категорія Стандартний-тип, заморожений, готовий-до-випікання, незбагачений
175026;Корж для пирога, категорія Стандартний-тип, приготований за рецептом, печений
172814;Корж для пирога, категорія Стандартний-тип, приготований за рецептом, унбакед
168822;Начинки для пирогів, яблуко, консервований
167738;Начинки для пирогів, чорниця або лохина, консервований
168824;Начинки для пирогів, консервований, вишня або черешня
169062;Начинки для пирогів, вишня або черешня, низькокалорійний
167522;Пиріг, Дуч Яблуко, Промислового приготування
175011;Пиріг, яблуко, промислового приготування, збагачений борошно
173239;Пиріг, яблуко, промислового приготування, незбагачений борошно
175013;Пиріг, банан вершки, приготований з суміш, без-випікання тип
172777;Пиріг, банан вершки, приготований за рецептом
172778;Пиріг, чорниця або лохина, промислового приготування
172779;Пиріг, чорниця або лохина, приготований за рецептом
172780;Пиріг, вишня або черешня, промислового приготування
172781;Пиріг, вишня або черешня, приготований за рецептом
175014;Пиріг, шоколад крем, промислового приготування
175015;Пиріг, шоколад мауссе, приготований з суміш, без-випікання тип
175017;Пиріг, кокос вершки, приготований з суміш, без-випікання тип
175016;Пиріг, кокос крем, промислового приготування
172782;Пиріг, кокос заварний крем, промислового приготування
172783;Пиріг, яйце заварний крем, промислового приготування
173240;Пиріг, смажений піс, вишня або черешня
172784;Пиріг, смажений піс, фрукти
175064;Пиріг, смажений піс, лимон
172785;Пиріг, лимон мерінгуе, промислового приготування
175018;Пиріг, лимон мерінгуе, приготований за рецептом
175019;Пиріг, мінке, приготований за рецептом
175020;Пиріг, персик
175021;Пиріг, пекан, промислового приготування
172786;Пиріг, пекан, приготований за рецептом
172787;Пиріг, гарбуз, промислового приготування
172788;Пиріг, гарбуз, приготований за рецептом
172789;Пиріг, ванільний вершки, приготований за рецептом
172472;Голубиний горох, зріле насіння, після приготування, відварений, із сіллю
172437;Голубиний горох, зріле насіння, після приготування, відварений, без солі
172436;Голубиний горох, зріле насіння, у сирому вигляді
170517;Голубиний горох, незріле насіння, після приготування, відварений, відціджений, із сіллю
170430;Голубиний горох, незріле насіння, після приготування, відварений, відціджений, без солі
170025;Голубиний горох, незріле насіння, у сирому вигляді
167512;PILLSBURY Золотистий Лейер Маслянка Бісквіти або американські булочки, Зі штучним ароматизатором, охолоджене тісто
167921;PILLSBURY Грандс, Маслянка Бісквіти або американські булочки, охолоджене тісто
173259;PILLSBURY, Маслянка Бісквіти або американські булочки, Зі штучним ароматизатором, охолоджене тісто
173260;PILLSBURY, Шоколад Чипс Печиво, охолоджене тісто
167513;PILLSBURY, Кориця Булочки з глазур’ю, охолоджене тісто
173261;PILLSBURY, Крусти Французький Буханець або рулет, охолоджене тісто
168559;Піменто, консервований
168187;Ананас сік, консервований або бутильований, без підсолоджувачів, з з доданою аскорбіновою кислотою
169947;Ананас сік, консервований або бутильований, без підсолоджувачів, без з доданою аскорбіновою кислотою
168205;Ананас сік, консервований, не з концентрату, без підсолоджувачів, з доданими вітамінами A, К і Е
169128;Ананас сік, заморожений концентрат, без підсолоджувачів, розведений з 3 об’єм вода
169948;Ананас сік, заморожений концентрат, без підсолоджувачів, нерозведений
169945;Ананас, консервований, додатковий у густому сиропі, тверда частина та рідина
169944;Ананас, консервований, у густому сиропі, тверда частина та рідина
167767;Ананас, консервований, у фруктовому соку, відціджений
169126;Ананас, консервований, у фруктовому соку, тверда частина та рідина
169127;Ананас, консервований, у легкому сиропі, тверда частина та рідина
169125;Ананас, консервований, у воді, тверда частина та рідина
169946;Ананас, заморожений, шматки, підсолоджений
169124;Ананас, у сирому вигляді, усі різновиди
168194;Ананас, у сирому вигляді, додатковий солодкий варіти
168193;Ананас, у сирому вигляді, традішнал різновиди
169129;Пітанга, (сурінам-вишня або черешня), у сирому вигляді
168957;Пізза булочки, заморожений, не приготовлений
168216;Плантани, зелений, відварений
168199;Плантани, зелений, смажений
168215;Плантани, зелений, у сирому вигляді
169131;Плантани, жовтий, печений
168200;Плантани, жовтий, смажений, Латіно ресторанний
169130;Плантани, жовтий, у сирому вигляді
168183;Сливи, консервований, високої жирності сироп, відціджений
169133;Сливи, консервований, фіолетовий, додатковий у густому сиропі, тверда частина та рідина
169132;Сливи, консервований, фіолетовий, у густому сиропі, тверда частина та рідина
169951;Сливи, консервований, фіолетовий, у фруктовому соку, тверда частина та рідина
169952;Сливи, консервований, фіолетовий, у легкому сиропі, тверда частина та рідина
169950;Сливи, консервований, фіолетовий, у воді, тверда частина та рідина
167752;Сливи, сушений (чорнослив), тушкований, з додаванням цукру
167751;Сливи, сушений (чорнослив), тушкований, без додавання цукру
168162;Сливи, сушений (чорнослив), не приготовлений
169949;Сливи, у сирому вигляді
170431;Пой
170518;Пагони лаконоса, (поке), після приготування, відварений, відціджений, із сіллю
170433;Пагони лаконоса, (поке), після приготування, відварений, відціджений, без солі
170432;Пагони лаконоса, (поке), у сирому вигляді
174577;Поліш ковбаса, свинина
167787;Гранат сік, бутильований
169134;Помегранатес, у сирому вигляді
168139;Попкорн, для мікрохвильової печі, з низьким вмістом жиру і натрій
173141;Попкорн, для мікрохвильової печі, звичайний (вершкове масло) смак, виготовлений із пальмова олія
169685;Попкорн, цукор сироп/карамель, знежирений
172792;Поповерс, суха суміш, збагачений
175066;Поповерс, суха суміш, незбагачений
168377;Свинина корейка, свіжий, бакрібс, на кістці, після приготування-запечений, лише пісна частина
168376;Свинина корейка, свіжий, бакрібс, на кістці, у сирому вигляді, лише пісна частина
167698;Свиняча ковбаса рис лінкс, коричневий і подавання, після приготування
174578;Свиняча ковбаса, ковбаска/котлета, після приготування, смажений на пательні
172971;Свиняча ковбаса, ковбаска/котлета, повністю приготовлений, приготований у мікрохвильовій печі
173876;Свиняча ковбаса, ковбаска/котлета, повністю приготовлений, без підігрівання
171636;Свиняча ковбаса, ковбаска/котлета, зі зниженим вмістом жиру, після приготування, смажений на пательні
171635;Свиняча ковбаса, ковбаска/котлета, зі зниженим вмістом жиру, не приготовлений
172934;Свиняча ковбаса, ковбаска/котлета, не приготовлений
173882;Свиняча ковбаса, зі зниженим вмістом натрію, після приготування
169186;Свинина, Ніжка Верхня частина Стейк, без кістки, відокремлювані пісне м’ясо та жир, у сирому вигляді
168370;Свинина, Ніжка відруб із кінчика філейної частини для запікання, без кістки, відокремлювані пісне м’ясо та жир, після приготування, тушкований
168371;Свинина, Ніжка відруб із кінчика філейної частини для запікання, без кістки, відокремлювані пісне м’ясо та жир, у сирому вигляді
169188;Свинина, Плечова частина грудка, без кістки, відокремлювані пісне м’ясо та жир, після приготування, підсмажений під грилем
169187;Свинина, Плечова частина грудка, без кістки, відокремлювані пісне м’ясо та жир, у сирому вигляді
168369;Свинина, Плечова частина малий ніжний, без кістки, відокремлювані пісне м’ясо та жир, у сирому вигляді
168324;Свинина, бекон, витоплений жир, після приготування
167914;Свинина, солений або в’ялений, бекон, після приготування, печений
167712;Свинина, солений або в’ялений, бекон, після приготування, підсмажений під грилем, смажений на пательні або запечений, зі зниженим вмістом натрію
168321;Свинина, солений або в’ялений, бекон, після приготування, приготований у мікрохвильовій печі
168322;Свинина, солений або в’ялений, бекон, пре-нарізаний скибками, після приготування, смажений на пательні
168277;Свинина, солений або в’ялений, бекон, не приготовлений
168278;Свинина, солений або в’ялений, смужки для сніданку, у сирому вигляді або без підігрівання
167870;Свинина, солений або в’ялений, лапки, маринований
169164;Свинина, солений або в’ялений, шинка -- вода доданий, огузок, на кістці, відокремлювані пісне м’ясо та жир, підігрітий, запечений
168348;Свинина, солений або в’ялений, шинка -- вода доданий, огузок, на кістці, відокремлювані пісне м’ясо та жир, без підігрівання
167915;Свинина, солений або в’ялений, шинка -- вода доданий, огузок, на кістці, лише відокремлюване пісне м’ясо, підігрітий, запечений
167916;Свинина, солений або в’ялений, шинка -- вода доданий, огузок, на кістці, лише відокремлюване пісне м’ясо, без підігрівання
169165;Свинина, солений або в’ялений, шинка -- вода доданий, голяшка, на кістці, відокремлювані пісне м’ясо та жир, підігрітий, запечений
168347;Свинина, солений або в’ялений, шинка -- вода доданий, голяшка, на кістці, відокремлювані пісне м’ясо та жир, без підігрівання
167917;Свинина, солений або в’ялений, шинка -- вода доданий, голяшка, на кістці, лише відокремлюване пісне м’ясо, підігрітий, запечений
168336;Свинина, солений або в’ялений, шинка -- вода доданий, голяшка, на кістці, лише відокремлюване пісне м’ясо, без підігрівання
169166;Свинина, солений або в’ялений, шинка -- вода доданий, скибка, на кістці, відокремлювані пісне м’ясо та жир, підігрітий, пательня-приготування під грилем
168346;Свинина, солений або в’ялений, шинка -- вода доданий, скибка, на кістці, відокремлювані пісне м’ясо та жир, без підігрівання
167918;Свинина, солений або в’ялений, шинка -- вода доданий, скибка, на кістці, лише відокремлюване пісне м’ясо, підігрітий, пательня-приготування під грилем
169151;Свинина, солений або в’ялений, шинка -- вода доданий, скибка, на кістці, лише відокремлюване пісне м’ясо, без підігрівання
169167;Свинина, солений або в’ялений, шинка -- вода доданий, скибка, без кістки, відокремлювані пісне м’ясо та жир, підігрітий, пательня-приготування під грилем
168329;Свинина, солений або в’ялений, шинка -- вода доданий, скибка, без кістки, лише відокремлюване пісне м’ясо, підігрітий, пательня-приготування під грилем
168349;Свинина, солений або в’ялений, шинка -- вода доданий, цілий, без кістки, відокремлювані пісне м’ясо та жир, підігрітий, запечений
168345;Свинина, солений або в’ялений, шинка -- вода доданий, цілий, без кістки, відокремлювані пісне м’ясо та жир, без підігрівання
169148;Свинина, солений або в’ялений, шинка -- вода доданий, цілий, без кістки, лише відокремлюване пісне м’ясо, підігрітий, запечений
169149;Свинина, солений або в’ялений, шинка -- вода доданий, цілий, без кістки, лише відокремлюване пісне м’ясо, без підігрівання
168350;Свинина, солений або в’ялений, шинка і вода продукт, огузок, на кістці, відокремлювані пісне м’ясо та жир, підігрітий, запечений
169163;Свинина, солений або в’ялений, шинка і вода продукт, огузок, на кістці, відокремлювані пісне м’ясо та жир, без підігрівання
168332;Свинина, солений або в’ялений, шинка і вода продукт, огузок, на кістці, лише відокремлюване пісне м’ясо, підігрітий, запечений
169152;Свинина, солений або в’ялений, шинка і вода продукт, огузок, на кістці, лише відокремлюване пісне м’ясо, без підігрівання
168351;Свинина, солений або в’ялений, шинка і вода продукт, голяшка, на кістці, відокремлювані пісне м’ясо та жир, підігрітий, запечений
169162;Свинина, солений або в’ялений, шинка і вода продукт, голяшка, на кістці, відокремлювані пісне м’ясо та жир, без підігрівання
169150;Свинина, солений або в’ялений, шинка і вода продукт, голяшка, на кістці, лише відокремлюване пісне м’ясо, підігрітий, запечений
169154;Свинина, солений або в’ялений, шинка і вода продукт, голяшка, на кістці, без підігрівання, лише відокремлюване пісне м’ясо
168352;Свинина, солений або в’ялений, шинка і вода продукт, скибка, на кістці, відокремлювані пісне м’ясо та жир, підігрітий, пательня-приготування під грилем
169161;Свинина, солений або в’ялений, шинка і вода продукт, скибка, на кістці, відокремлювані пісне м’ясо та жир, без підігрівання
168325;Свинина, солений або в’ялений, шинка і вода продукт, скибка, на кістці, лише відокремлюване пісне м’ясо, підігрітий, пательня-приготування під грилем
169153;Свинина, солений або в’ялений, шинка і вода продукт, скибка, на кістці, лише відокремлюване пісне м’ясо, без підігрівання
169168;Свинина, солений або в’ялений, шинка і вода продукт, скибка, без кістки, відокремлювані пісне м’ясо та жир, підігрітий, пательня-приготування під грилем
168326;Свинина, солений або в’ялений, шинка і вода продукт, скибка, без кістки, лише відокремлюване пісне м’ясо, підігрітий, пательня-приготування під грилем
169169;Свинина, солений або в’ялений, шинка і вода продукт, цілий, без кістки, відокремлювані пісне м’ясо та жир, підігрітий, запечений
169160;Свинина, солений або в’ялений, шинка і вода продукт, цілий, без кістки, відокремлювані пісне м’ясо та жир, без підігрівання
168327;Свинина, солений або в’ялений, шинка і вода продукт, цілий, без кістки, лише відокремлюване пісне м’ясо, підігрітий, запечений
168328;Свинина, солений або в’ялений, шинка і вода продукт, цілий, без кістки, лише відокремлюване пісне м’ясо, без підігрівання
169170;Свинина, солений або в’ялений, шинка із натуральним соком, огузок, на кістці, відокремлювані пісне м’ясо та жир, підігрітий, запечений
168344;Свинина, солений або в’ялений, шинка із натуральним соком, огузок, на кістці, відокремлювані пісне м’ясо та жир, без підігрівання
167919;Свинина, солений або в’ялений, шинка із натуральним соком, огузок, на кістці, лише відокремлюване пісне м’ясо, підігрітий, запечений
168337;Свинина, солений або в’ялений, шинка із натуральним соком, огузок, на кістці, лише відокремлюване пісне м’ясо, без підігрівання
169171;Свинина, солений або в’ялений, шинка із натуральним соком, голяшка, на кістці, відокремлювані пісне м’ясо та жир, підігрітий, запечений
168343;Свинина, солений або в’ялений, шинка із натуральним соком, голяшка, на кістці, відокремлювані пісне м’ясо та жир, без підігрівання
167920;Свинина, солений або в’ялений, шинка із натуральним соком, голяшка, на кістці, лише відокремлюване пісне м’ясо, підігрітий, запечений
168338;Свинина, солений або в’ялений, шинка із натуральним соком, голяшка, на кістці, лише відокремлюване пісне м’ясо, без підігрівання
169172;Свинина, солений або в’ялений, шинка із натуральним соком, скибка, на кістці, відокремлювані пісне м’ясо та жир, підігрітий, пательня-приготування під грилем
168342;Свинина, солений або в’ялений, шинка із натуральним соком, скибка, на кістці, відокремлювані пісне м’ясо та жир, без підігрівання
168330;Свинина, солений або в’ялений, шинка із натуральним соком, скибка, на кістці, лише відокремлюване пісне м’ясо, підігрітий, пательня-приготування під грилем
168339;Свинина, солений або в’ялений, шинка із натуральним соком, скибка, на кістці, лише відокремлюване пісне м’ясо, без підігрівання
168353;Свинина, солений або в’ялений, шинка із натуральним соком, скибка, без кістки, відокремлювані пісне м’ясо та жир, підігрітий, пательня-приготування під грилем
168333;Свинина, солений або в’ялений, шинка із натуральним соком, скибка, без кістки, лише відокремлюване пісне м’ясо, підігрітий, пательня-приготування під грилем
168354;Свинина, солений або в’ялений, шинка із натуральним соком, спірал скибка, без кістки, відокремлювані пісне м’ясо та жир, підігрітий, запечений
168341;Свинина, солений або в’ялений, шинка із натуральним соком, спірал скибка, без кістки, відокремлювані пісне м’ясо та жир, без підігрівання
168340;Свинина, солений або в’ялений, шинка із натуральним соком, спірал скибка, без кістки, лише відокремлюване пісне м’ясо, без підігрівання
168331;Свинина, солений або в’ялений, шинка із натуральним соком, спірал скибка, лише м’ясо, без кістки, лише відокремлюване пісне м’ясо, підігрітий, запечений
168355;Свинина, солений або в’ялений, шинка із натуральним соком, цілий, без кістки, відокремлювані пісне м’ясо та жир, підігрітий, запечений
169159;Свинина, солений або в’ялений, шинка із натуральним соком, цілий, без кістки, відокремлювані пісне м’ясо та жир, без підігрівання
168334;Свинина, солений або в’ялений, шинка із натуральним соком, цілий, без кістки, лише відокремлюване пісне м’ясо, підігрітий, запечений
168335;Свинина, солений або в’ялений, шинка із натуральним соком, цілий, без кістки, лише відокремлюване пісне м’ясо, без підігрівання
167871;Свинина, солений або в’ялений, шинка, без кістки, особливо пісний (приблизно 5% жир), запечений
168296;Свинина, солений або в’ялений, шинка, без кістки, особливо пісний і звичайний, запечений
168295;Свинина, солений або в’ялений, шинка, без кістки, особливо пісний і звичайний, без підігрівання
168111;Свинина, солений або в’ялений, шинка, без кістки, зі зниженим вмістом натрію, особливо пісний (приблизно 5% жир), запечений
169906;Свинина, солений або в’ялений, шинка, без кістки, зі зниженим вмістом натрію, особливо пісний і звичайний, запечений
167872;Свинина, солений або в’ялений, шинка, без кістки, звичайний (приблизно 11% жир), запечений
168282;Свинина, солений або в’ялений, шинка, центральна скибка, сільський-стиль, лише відокремлюване пісне м’ясо, у сирому вигляді
168283;Свинина, солений або в’ялений, шинка, центральна скибка, відокремлювані пісне м’ясо та жир, без підігрівання
168280;Свинина, солений або в’ялений, шинка, особливо пісний (приблизно 4% жир), консервований, запечений
168279;Свинина, солений або в’ялений, шинка, особливо пісний (приблизно 4% жир), консервований, без підігрівання
167886;Свинина, солений або в’ялений, шинка, особливо пісний і звичайний, консервований, запечений
167885;Свинина, солений або в’ялений, шинка, особливо пісний і звичайний, консервований, без підігрівання
168110;Свинина, солений або в’ялений, шинка, зі зниженим вмістом натрію, пісна частина та жир, після приготування
167873;Свинина, солений або в’ялений, шинка, котлети, без підігрівання
168281;Свинина, солений або в’ялений, шинка, звичайний (приблизно 13% жир), консервований, запечений
168356;Свинина, солений або в’ялений, шинка, огузок, на кістці, відокремлювані пісне м’ясо та жир, підігрітий, запечений
168367;Свинина, солений або в’ялений, шинка, огузок, на кістці, відокремлювані пісне м’ясо та жир, без підігрівання
169173;Свинина, солений або в’ялений, шинка, огузок, на кістці, лише відокремлюване пісне м’ясо, підігрітий, запечений
169174;Свинина, солений або в’ялений, шинка, огузок, на кістці, лише відокремлюване пісне м’ясо, без підігрівання
169155;Свинина, солений або в’ялений, шинка, відокремлюваний жир, без кістки, підігрітий
169156;Свинина, солений або в’ялений, шинка, відокремлюваний жир, без кістки, без підігрівання
168357;Свинина, солений або в’ялений, шинка, голяшка, на кістці, відокремлювані пісне м’ясо та жир, підігрітий, запечений
168358;Свинина, солений або в’ялений, шинка, голяшка, на кістці, відокремлювані пісне м’ясо та жир, без підігрівання
169175;Свинина, солений або в’ялений, шинка, голяшка, на кістці, лише відокремлюване пісне м’ясо, підігрітий, запечений
169176;Свинина, солений або в’ялений, шинка, голяшка, на кістці, лише відокремлюване пісне м’ясо, без підігрівання
168359;Свинина, солений або в’ялений, шинка, скибка, на кістці, відокремлювані пісне м’ясо та жир, підігрітий, пательня-приготування під грилем
169177;Свинина, солений або в’ялений, шинка, скибка, на кістці, відокремлювані пісне м’ясо та жир, без підігрівання
169158;Свинина, солений або в’ялений, шинка, скибка, на кістці, лише відокремлюване пісне м’ясо, підігрітий, пательня-приготування під грилем
168360;Свинина, солений або в’ялений, шинка, скибка, на кістці, лише відокремлюване пісне м’ясо, без підігрівання
167874;Свинина, солений або в’ялений, шинка, стейк, без кістки, особливо пісний, без підігрівання
167875;Свинина, солений або в’ялений, шинка, цілий, відокремлювані пісне м’ясо та жир, без підігрівання
168284;Свинина, солений або в’ялений, шинка, цілий, лише відокремлюване пісне м’ясо, запечений
167876;Свинина, солений або в’ялений, шинка, цілий, лише відокремлюване пісне м’ясо, без підігрівання
168287;Свинина, солений або в’ялений, сіль свинина, у сирому вигляді
167878;Свинина, солений або в’ялений, відокремлюваний жир (з шинка і плечовий відруб нижня плечова частина), запечений
167877;Свинина, солений або в’ялений, відокремлюваний жир (з шинка і плечовий відруб нижня плечова частина), без підігрівання
167879;Свинина, солений або в’ялений, плечова частина, плечовий відруб нижня плечова частина, відокремлювані пісне м’ясо та жир, запечений
167880;Свинина, солений або в’ялений, плечова частина, плечовий відруб нижня плечова частина, лише відокремлюване пісне м’ясо, запечений
168289;Свинина, солений або в’ялений, плечова частина, лопаткова частина булочка, відокремлювані пісне м’ясо та жир, запечений
168288;Свинина, солений або в’ялений, плечова частина, лопаткова частина булочка, відокремлювані пісне м’ясо та жир, без підігрівання
167811;Свинина, свіжий, бакфат, у сирому вигляді
168300;Свинина, свіжий, бакрібс, відокремлювані пісне м’ясо та жир, після приготування, запечений
168299;Свинина, свіжий, бакрібс, відокремлювані пісне м’ясо та жир, у сирому вигляді
167812;Свинина, свіжий, белли, у сирому вигляді
168380;Свинина, свіжий, лопаткова частина, (відбивні), без кістки, відокремлювані пісне м’ясо та жир, після приготування, підсмажений під грилем
168219;Свинина, свіжий, тушка, відокремлювані пісне м’ясо та жир, у сирому вигляді
168218;Свинина, свіжий, суміш з відокремлюваний жир, з доданим розчином, після приготування
169179;Свинина, свіжий, суміш з відокремлюваний жир, з доданим розчином, у сирому вигляді
167810;Свинина, свіжий, суміш з обрізаний ніжка, корейка, плечова частина, і грудинні ребра, (включає відруби до бе солений або в’ялений), відокремлювані пісне м’ясо та жир, у сирому вигляді
167855;Свинина, свіжий, суміш обрізаних роздрібних відрубів (ніжка, корейка, і плечова частина), лише відокремлюване пісне м’ясо, після приготування
168220;Свинина, свіжий, суміш обрізаних роздрібних відрубів (ніжка, корейка, плечова частина), лише відокремлюване пісне м’ясо, у сирому вигляді
168297;Свинина, свіжий, суміш обрізаних роздрібних відрубів (ніжка, корейка, плечова частина, і грудинні ребра), відокремлювані пісне м’ясо та жир, після приготування
167888;Свинина, свіжий, суміш обрізаних роздрібних відрубів (ніжка, корейка, плечова частина, і грудинні ребра), відокремлювані пісне м’ясо та жир, у сирому вигляді
167906;Свинина, свіжий, суміш обрізаних роздрібних відрубів (корейка і лопаткова частина), відокремлювані пісне м’ясо та жир, після приготування
168316;Свинина, свіжий, суміш обрізаних роздрібних відрубів (корейка і лопаткова частина), відокремлювані пісне м’ясо та жир, у сирому вигляді
167908;Свинина, свіжий, суміш обрізаних роздрібних відрубів (корейка і лопаткова частина), лише відокремлюване пісне м’ясо, після приготування
167907;Свинина, свіжий, суміш обрізаних роздрібних відрубів (корейка і лопаткова частина), лише відокремлюване пісне м’ясо, у сирому вигляді
168361;Свинина, свіжий, енханкед, корейка, вирізка, лише відокремлюване пісне м’ясо, у сирому вигляді
167903;Свинина, свіжий, мелений, після приготування
167902;Свинина, свіжий, мелений, у сирому вигляді
167815;Свинина, свіжий, ніжка (шинка), огузок половина, відокремлювані пісне м’ясо та жир, після приготування, запечений
167814;Свинина, свіжий, ніжка (шинка), огузок половина, відокремлювані пісне м’ясо та жир, у сирому вигляді
167817;Свинина, свіжий, ніжка (шинка), огузок половина, лише відокремлюване пісне м’ясо, після приготування, запечений
167816;Свинина, свіжий, ніжка (шинка), огузок половина, лише відокремлюване пісне м’ясо, у сирому вигляді (Включає харчові продукти для USDA'с Харчовий продукт Розподіл Програма)
168227;Свинина, свіжий, ніжка (шинка), голяшка половина, відокремлювані пісне м’ясо та жир, після приготування, запечений
168226;Свинина, свіжий, ніжка (шинка), голяшка половина, відокремлювані пісне м’ясо та жир, у сирому вигляді
168229;Свинина, свіжий, ніжка (шинка), голяшка половина, лише відокремлюване пісне м’ясо, після приготування, запечений
168228;Свинина, свіжий, ніжка (шинка), голяшка половина, лише відокремлюване пісне м’ясо, у сирому вигляді
168223;Свинина, свіжий, ніжка (шинка), цілий, відокремлювані пісне м’ясо та жир, після приготування, запечений
168222;Свинина, свіжий, ніжка (шинка), цілий, відокремлювані пісне м’ясо та жир, у сирому вигляді
168225;Свинина, свіжий, ніжка (шинка), цілий, лише відокремлюване пісне м’ясо, після приготування, запечений
168224;Свинина, свіжий, ніжка (шинка), цілий, лише відокремлюване пісне м’ясо, у сирому вигляді
167822;Свинина, свіжий, корейка, лопаткова частина (відбивні або відруби для запікання), на кістці, відокремлювані пісне м’ясо та жир, у сирому вигляді
168234;Свинина, свіжий, корейка, лопаткова частина (відбивні або відруби для запікання), на кістці, лише відокремлюване пісне м’ясо, у сирому вигляді
168381;Свинина, свіжий, корейка, лопаткова частина (відбивні або відруби для запікання), без кістки, відокремлювані пісне м’ясо та жир лише, у сирому вигляді
169194;Свинина, свіжий, корейка, лопаткова частина (відбивні або відруби для запікання), без кістки, лише відокремлюване пісне м’ясо, у сирому вигляді
167823;Свинина, свіжий, корейка, лопаткова частина (відбивні), на кістці, відокремлювані пісне м’ясо та жир, після приготування, тушкований
167824;Свинина, свіжий, корейка, лопаткова частина (відбивні), на кістці, відокремлювані пісне м’ясо та жир, після приготування, підсмажений під грилем
167884;Свинина, свіжий, корейка, лопаткова частина (відбивні), на кістці, відокремлювані пісне м’ясо та жир, після приготування, смажений на пательні
168235;Свинина, свіжий, корейка, лопаткова частина (відбивні), на кістці, лише відокремлюване пісне м’ясо, після приготування, тушкований
168236;Свинина, свіжий, корейка, лопаткова частина (відбивні), на кістці, лише відокремлюване пісне м’ясо, після приготування, підсмажений під грилем
167868;Свинина, свіжий, корейка, лопаткова частина (відбивні), на кістці, лише відокремлюване пісне м’ясо, після приготування, смажений на пательні
169196;Свинина, свіжий, корейка, лопаткова частина (відбивні), без кістки, лише відокремлюване пісне м’ясо, без кістки, після приготування, підсмажений під грилем
167825;Свинина, свіжий, корейка, лопаткова частина (відруби для запікання), на кістці, відокремлювані пісне м’ясо та жир, після приготування, запечений
168237;Свинина, свіжий, корейка, лопаткова частина (відруби для запікання), на кістці, лише відокремлюване пісне м’ясо, після приготування, запечений
169198;Свинина, свіжий, корейка, лопаткова частина (відруби для запікання), без кістки, відокремлювані пісне м’ясо та жир, після приготування, запечений
169195;Свинина, свіжий, корейка, лопаткова частина (відруби для запікання), без кістки, лише відокремлюване пісне м’ясо, після приготування, запечений
167826;Свинина, свіжий, корейка, центральний корейка (відбивні), на кістці, відокремлювані пісне м’ясо та жир, після приготування, тушкований
167827;Свинина, свіжий, корейка, центральний корейка (відбивні), на кістці, відокремлювані пісне м’ясо та жир, після приготування, підсмажений під грилем
168292;Свинина, свіжий, корейка, центральний корейка (відбивні), на кістці, відокремлювані пісне м’ясо та жир, після приготування, смажений на пательні
168238;Свинина, свіжий, корейка, центральний корейка (відбивні), на кістці, відокремлювані пісне м’ясо та жир, у сирому вигляді
168239;Свинина, свіжий, корейка, центральний корейка (відбивні), на кістці, лише відокремлюване пісне м’ясо, після приготування, тушкований
168240;Свинина, свіжий, корейка, центральний корейка (відбивні), на кістці, лише відокремлюване пісне м’ясо, після приготування, підсмажений під грилем
167882;Свинина, свіжий, корейка, центральний корейка (відбивні), на кістці, лише відокремлюване пісне м’ясо, після приготування, смажений на пательні
167829;Свинина, свіжий, корейка, центральний корейка (відбивні), на кістці, лише відокремлюване пісне м’ясо, у сирому вигляді
168298;Свинина, свіжий, корейка, центральний корейка (відбивні), без кістки, відокремлювані пісне м’ясо та жир, після приготування, підсмажений на сухій пательні
168286;Свинина, свіжий, корейка, центральний корейка (відбивні), без кістки, відокремлювані пісне м’ясо та жир, у сирому вигляді
168285;Свинина, свіжий, корейка, центральний корейка (відбивні), без кістки, лише відокремлюване пісне м’ясо, після приготування, підсмажений на сухій пательні
168263;Свинина, свіжий, корейка, центральний корейка (відбивні), без кістки, лише відокремлюване пісне м’ясо, у сирому вигляді
167828;Свинина, свіжий, корейка, центральний корейка (відруби для запікання), на кістці, відокремлювані пісне м’ясо та жир, після приготування, запечений
168241;Свинина, свіжий, корейка, центральний корейка (відруби для запікання), на кістці, лише відокремлюване пісне м’ясо, після приготування, запечений
168242;Свинина, свіжий, корейка, центральний реберна частина (відбивні або відруби для запікання), на кістці, відокремлювані пісне м’ясо та жир, у сирому вигляді
167833;Свинина, свіжий, корейка, центральний реберна частина (відбивні або відруби для запікання), на кістці, лише відокремлюване пісне м’ясо, у сирому вигляді
167889;Свинина, свіжий, корейка, центральний реберна частина (відбивні або відруби для запікання), без кістки, відокремлювані пісне м’ясо та жир, у сирому вигляді
168302;Свинина, свіжий, корейка, центральний реберна частина (відбивні або відруби для запікання), без кістки, лише відокремлюване пісне м’ясо, у сирому вигляді
167830;Свинина, свіжий, корейка, центральний реберна частина (відбивні), на кістці, відокремлювані пісне м’ясо та жир, після приготування, тушкований
167831;Свинина, свіжий, корейка, центральний реберна частина (відбивні), на кістці, відокремлювані пісне м’ясо та жир, після приготування, підсмажений під грилем
168293;Свинина, свіжий, корейка, центральний реберна частина (відбивні), на кістці, відокремлювані пісне м’ясо та жир, після приготування, смажений на пательні
168243;Свинина, свіжий, корейка, центральний реберна частина (відбивні), на кістці, лише відокремлюване пісне м’ясо, після приготування, тушкований
168244;Свинина, свіжий, корейка, центральний реберна частина (відбивні), на кістці, лише відокремлюване пісне м’ясо, після приготування, підсмажений під грилем
167883;Свинина, свіжий, корейка, центральний реберна частина (відбивні), на кістці, лише відокремлюване пісне м’ясо, після приготування, смажений на пательні
167890;Свинина, свіжий, корейка, центральний реберна частина (відбивні), без кістки, відокремлювані пісне м’ясо та жир, після приготування, тушкований
167891;Свинина, свіжий, корейка, центральний реберна частина (відбивні), без кістки, відокремлювані пісне м’ясо та жир, після приготування, підсмажений під грилем
167892;Свинина, свіжий, корейка, центральний реберна частина (відбивні), без кістки, відокремлювані пісне м’ясо та жир, після приготування, смажений на пательні
168303;Свинина, свіжий, корейка, центральний реберна частина (відбивні), без кістки, лише відокремлюване пісне м’ясо, після приготування, тушкований
168304;Свинина, свіжий, корейка, центральний реберна частина (відбивні), без кістки, лише відокремлюване пісне м’ясо, після приготування, підсмажений під грилем
167893;Свинина, свіжий, корейка, центральний реберна частина (відбивні), без кістки, лише відокремлюване пісне м’ясо, після приготування, смажений на пательні
167832;Свинина, свіжий, корейка, центральний реберна частина (відруби для запікання), на кістці, відокремлювані пісне м’ясо та жир, після приготування, запечений
168245;Свинина, свіжий, корейка, центральний реберна частина (відруби для запікання), на кістці, лише відокремлюване пісне м’ясо, після приготування, запечений
168301;Свинина, свіжий, корейка, центральний реберна частина (відруби для запікання), без кістки, відокремлювані пісне м’ясо та жир, після приготування, запечений
167894;Свинина, свіжий, корейка, центральний реберна частина (відруби для запікання), без кістки, лише відокремлюване пісне м’ясо, після приготування, запечений
169200;Свинина, свіжий, корейка, ребра по-сільському, відокремлювані пісне м’ясо та жир, на кістці, після приготування, підсмажений під грилем
167897;Свинина, свіжий, корейка, ребра по-сільському, відокремлювані пісне м’ясо та жир, на кістці, після приготування, запечений
169199;Свинина, свіжий, корейка, ребра по-сільському, відокремлювані пісне м’ясо та жир, без кістки, після приготування, підсмажений під грилем
169201;Свинина, свіжий, корейка, ребра по-сільському, відокремлювані пісне м’ясо та жир, без кістки, після приготування, запечений
167896;Свинина, свіжий, корейка, ребра по-сільському, відокремлювані пісне м’ясо та жир, після приготування, тушкований
167895;Свинина, свіжий, корейка, ребра по-сільському, відокремлювані пісне м’ясо та жир, у сирому вигляді
168378;Свинина, свіжий, корейка, ребра по-сільському, лише відокремлюване пісне м’ясо, на кістці, після приготування, підсмажений під грилем
168307;Свинина, свіжий, корейка, ребра по-сільському, лише відокремлюване пісне м’ясо, на кістці, після приготування, запечений
169197;Свинина, свіжий, корейка, ребра по-сільському, лише відокремлюване пісне м’ясо, без кістки, після приготування, підсмажений під грилем
168379;Свинина, свіжий, корейка, ребра по-сільському, лише відокремлюване пісне м’ясо, без кістки, після приготування, запечений
168306;Свинина, свіжий, корейка, ребра по-сільському, лише відокремлюване пісне м’ясо, після приготування, тушкований
168305;Свинина, свіжий, корейка, ребра по-сільському, лише відокремлюване пісне м’ясо, у сирому вигляді
168246;Свинина, свіжий, корейка, філейна частина (відбивні або відруби для запікання), на кістці, відокремлювані пісне м’ясо та жир, у сирому вигляді
167837;Свинина, свіжий, корейка, філейна частина (відбивні або відруби для запікання), на кістці, лише відокремлюване пісне м’ясо, у сирому вигляді
168308;Свинина, свіжий, корейка, філейна частина (відбивні або відруби для запікання), без кістки, відокремлювані пісне м’ясо та жир, у сирому вигляді
167901;Свинина, свіжий, корейка, філейна частина (відбивні або відруби для запікання), без кістки, лише відокремлюване пісне м’ясо, у сирому вигляді
167834;Свинина, свіжий, корейка, філейна частина (відбивні), на кістці, відокремлювані пісне м’ясо та жир, після приготування, тушкований
167835;Свинина, свіжий, корейка, філейна частина (відбивні), на кістці, відокремлювані пісне м’ясо та жир, після приготування, підсмажений під грилем
167838;Свинина, свіжий, корейка, філейна частина (відбивні), на кістці, лише відокремлюване пісне м’ясо, після приготування, тушкований
168247;Свинина, свіжий, корейка, філейна частина (відбивні), на кістці, лише відокремлюване пісне м’ясо, після приготування, підсмажений під грилем
167898;Свинина, свіжий, корейка, філейна частина (відбивні), без кістки, відокремлювані пісне м’ясо та жир, після приготування, тушкований
167899;Свинина, свіжий, корейка, філейна частина (відбивні), без кістки, відокремлювані пісне м’ясо та жир, після приготування, підсмажений під грилем
168309;Свинина, свіжий, корейка, філейна частина (відбивні), без кістки, лише відокремлюване пісне м’ясо, після приготування, тушкований
168310;Свинина, свіжий, корейка, філейна частина (відбивні), без кістки, лише відокремлюване пісне м’ясо, після приготування, підсмажений під грилем
167836;Свинина, свіжий, корейка, філейна частина (відруби для запікання), на кістці, відокремлювані пісне м’ясо та жир, після приготування, запечений
168248;Свинина, свіжий, корейка, філейна частина (відруби для запікання), на кістці, лише відокремлюване пісне м’ясо, після приготування, запечений
167900;Свинина, свіжий, корейка, філейна частина (відруби для запікання), без кістки, відокремлювані пісне м’ясо та жир, після приготування, запечений
168311;Свинина, свіжий, корейка, філейна частина (відруби для запікання), без кістки, лише відокремлюване пісне м’ясо, після приготування, запечений
167904;Свинина, свіжий, корейка, вирізка, відокремлювані пісне м’ясо та жир, після приготування, підсмажений під грилем
167905;Свинина, свіжий, корейка, вирізка, відокремлювані пісне м’ясо та жир, після приготування, запечений
168312;Свинина, свіжий, корейка, вирізка, відокремлювані пісне м’ясо та жир, у сирому вигляді
169185;Свинина, свіжий, корейка, вирізка, відокремлювані пісне м’ясо та жир, з доданим розчином, після приготування, запечений
169184;Свинина, свіжий, корейка, вирізка, відокремлювані пісне м’ясо та жир, з доданим розчином, у сирому вигляді
168313;Свинина, свіжий, корейка, вирізка, лише відокремлюване пісне м’ясо, після приготування, підсмажений під грилем
168250;Свинина, свіжий, корейка, вирізка, лише відокремлюване пісне м’ясо, після приготування, запечений
168249;Свинина, свіжий, корейка, вирізка, лише відокремлюване пісне м’ясо, у сирому вигляді
169180;Свинина, свіжий, корейка, вирізка, лише відокремлюване пісне м’ясо, з доданим розчином, після приготування, запечений
167840;Свинина, свіжий, корейка, верхня частина корейки (відбивні), без кістки, відокремлювані пісне м’ясо та жир, після приготування, тушкований
167841;Свинина, свіжий, корейка, верхня частина корейки (відбивні), без кістки, відокремлювані пісне м’ясо та жир, після приготування, підсмажений під грилем
167887;Свинина, свіжий, корейка, верхня частина корейки (відбивні), без кістки, відокремлювані пісне м’ясо та жир, після приготування, смажений на пательні
167839;Свинина, свіжий, корейка, верхня частина корейки (відбивні), без кістки, відокремлювані пісне м’ясо та жир, у сирому вигляді
169183;Свинина, свіжий, корейка, верхня частина корейки (відбивні), без кістки, відокремлювані пісне м’ясо та жир, з доданим розчином, після приготування, підсмажений під грилем
167913;Свинина, свіжий, корейка, верхня частина корейки (відбивні), без кістки, відокремлювані пісне м’ясо та жир, з доданим розчином, після приготування, підсмажений на сухій пательні
169182;Свинина, свіжий, корейка, верхня частина корейки (відбивні), без кістки, відокремлювані пісне м’ясо та жир, з доданим розчином, у сирому вигляді
168252;Свинина, свіжий, корейка, верхня частина корейки (відбивні), без кістки, лише відокремлюване пісне м’ясо, після приготування, тушкований
168253;Свинина, свіжий, корейка, верхня частина корейки (відбивні), без кістки, лише відокремлюване пісне м’ясо, після приготування, підсмажений під грилем
168294;Свинина, свіжий, корейка, верхня частина корейки (відбивні), без кістки, лише відокремлюване пісне м’ясо, після приготування, смажений на пательні
168251;Свинина, свіжий, корейка, верхня частина корейки (відбивні), без кістки, лише відокремлюване пісне м’ясо, у сирому вигляді
168364;Свинина, свіжий, корейка, верхня частина корейки (відбивні), без кістки, лише відокремлюване пісне м’ясо, з доданим розчином, після приготування, підсмажений під грилем
167912;Свинина, свіжий, корейка, верхня частина корейки (відбивні), без кістки, лише відокремлюване пісне м’ясо, з доданим розчином, після приготування, підсмажений на сухій пательні
169181;Свинина, свіжий, корейка, верхня частина корейки (відбивні), без кістки, лише відокремлюване пісне м’ясо, з доданим розчином, у сирому вигляді
167842;Свинина, свіжий, корейка, верхня частина корейки (відруби для запікання), без кістки, відокремлювані пісне м’ясо та жир, після приготування, запечений
168314;Свинина, свіжий, корейка, верхня частина корейки (відруби для запікання), без кістки, відокремлювані пісне м’ясо та жир, у сирому вигляді
168254;Свинина, свіжий, корейка, верхня частина корейки (відруби для запікання), без кістки, лише відокремлюване пісне м’ясо, після приготування, запечений
168315;Свинина, свіжий, корейка, верхня частина корейки (відруби для запікання), без кістки, лише відокремлюване пісне м’ясо, у сирому вигляді
167819;Свинина, свіжий, корейка, цілий, відокремлювані пісне м’ясо та жир, після приготування, тушкований
168451;Редиска, східноазійський, у сирому вигляді
167820;Свинина, свіжий, корейка, цілий, відокремлювані пісне м’ясо та жир, після приготування, підсмажений під грилем
167821;Свинина, свіжий, корейка, цілий, відокремлювані пісне м’ясо та жир, після приготування, запечений
167818;Свинина, свіжий, корейка, цілий, відокремлювані пісне м’ясо та жир, у сирому вигляді
168231;Свинина, свіжий, корейка, цілий, лише відокремлюване пісне м’ясо, після приготування, тушкований
168232;Свинина, свіжий, корейка, цілий, лише відокремлюване пісне м’ясо, після приготування, підсмажений під грилем
168233;Свинина, свіжий, корейка, цілий, лише відокремлюване пісне м’ясо, після приготування, запечений
168230;Свинина, свіжий, корейка, цілий, лише відокремлюване пісне м’ясо, у сирому вигляді
168221;Свинина, свіжий, відокремлюваний жир, після приготування
167813;Свинина, свіжий, відокремлюваний жир, у сирому вигляді
167850;Свинина, свіжий, плечова частина, (Бостонський верхня частина окосту), лопаткова частина (стейки), відокремлювані пісне м’ясо та жир, після приготування, тушкований
167849;Свинина, свіжий, плечова частина, (Бостонський верхня частина окосту), лопаткова частина (стейки), відокремлювані пісне м’ясо та жир, у сирому вигляді
168366;Свинина, свіжий, плечова частина, (Бостонський верхня частина окосту), лопаткова частина (стейки), відокремлювані пісне м’ясо та жир, з доданим розчином, після приготування, тушкований
168365;Свинина, свіжий, плечова частина, (Бостонський верхня частина окосту), лопаткова частина (стейки), відокремлювані пісне м’ясо та жир, з доданим розчином, у сирому вигляді
168261;Свинина, свіжий, плечова частина, (Бостонський верхня частина окосту), лопаткова частина (стейки), лише відокремлюване пісне м’ясо, після приготування, тушкований
168260;Свинина, свіжий, плечова частина, (Бостонський верхня частина окосту), лопаткова частина (стейки), лише відокремлюване пісне м’ясо, у сирому вигляді
168362;Свинина, свіжий, плечова частина, (Бостонський верхня частина окосту), лопаткова частина (стейки), лише відокремлюване пісне м’ясо, з доданим розчином після приготування, тушкований
168363;Свинина, свіжий, плечова частина, (Бостонський верхня частина окосту), лопаткова частина (стейки), лише відокремлюване пісне м’ясо, з доданим розчином, у сирому вигляді
168256;Свинина, свіжий, плечова частина, плечовий відруб нижня плечова частина, відокремлювані пісне м’ясо та жир, після приготування, тушкований
168257;Свинина, свіжий, плечова частина, плечовий відруб нижня плечова частина, відокремлювані пісне м’ясо та жир, після приготування, запечений
168255;Свинина, свіжий, плечова частина, плечовий відруб нижня плечова частина, відокремлювані пісне м’ясо та жир, у сирому вигляді
167847;Свинина, свіжий, плечова частина, плечовий відруб нижня плечова частина, лише відокремлюване пісне м’ясо, після приготування, тушкований
167848;Свинина, свіжий, плечова частина, плечовий відруб нижня плечова частина, лише відокремлюване пісне м’ясо, після приготування, запечений
168258;Свинина, свіжий, плечова частина, плечовий відруб нижня плечова частина, лише відокремлюване пісне м’ясо, у сирому вигляді
168259;Свинина, свіжий, плечова частина, лопаткова частина, бостонський (відруби для запікання), відокремлювані пісне м’ясо та жир, після приготування, запечений
167852;Свинина, свіжий, плечова частина, лопаткова частина, бостонський (відруби для запікання), лише відокремлюване пісне м’ясо, після приготування, запечений
167851;Свинина, свіжий, плечова частина, лопаткова частина, бостонський (стейки), відокремлювані пісне м’ясо та жир, після приготування, підсмажений під грилем
168262;Свинина, свіжий, плечова частина, лопаткова частина, бостонський (стейки), лише відокремлюване пісне м’ясо, після приготування, підсмажений під грилем
167844;Свинина, свіжий, плечова частина, цілий, відокремлювані пісне м’ясо та жир, після приготування, запечений
167843;Свинина, свіжий, плечова частина, цілий, відокремлювані пісне м’ясо та жир, у сирому вигляді
167846;Свинина, свіжий, плечова частина, цілий, лише відокремлюване пісне м’ясо, після приготування, запечений
167845;Свинина, свіжий, плечова частина, цілий, лише відокремлюване пісне м’ясо, у сирому вигляді
167854;Свинина, свіжий, грудинні ребра, відокремлювані пісне м’ясо та жир, після приготування, тушкований
169178;Свинина, свіжий, грудинні ребра, відокремлювані пісне м’ясо та жир, після приготування, запечений
167853;Свинина, свіжий, грудинні ребра, відокремлювані пісне м’ясо та жир, у сирому вигляді
168265;Свинина, свіжий, субпродукти та побічні продукти, мозок, після приготування, тушкований
168264;Свинина, свіжий, субпродукти та побічні продукти, мозок, у сирому вигляді
167856;Свинина, свіжий, субпродукти та побічні продукти, чіттерлінгс, після приготування, томлений
168266;Свинина, свіжий, субпродукти та побічні продукти, чіттерлінгс, у сирому вигляді
167858;Свинина, свіжий, субпродукти та побічні продукти, вуха, заморожений, після приготування, томлений
167857;Свинина, свіжий, субпродукти та побічні продукти, вуха, заморожений, у сирому вигляді
168290;Свинина, свіжий, субпродукти та побічні продукти, лапки, після приготування, томлений
167859;Свинина, свіжий, субпродукти та побічні продукти, лапки, у сирому вигляді
168268;Свинина, свіжий, субпродукти та побічні продукти, серце, після приготування, тушкований
168267;Свинина, свіжий, субпродукти та побічні продукти, серце, у сирому вигляді
168269;Свинина, свіжий, субпродукти та побічні продукти, джоул, у сирому вигляді
167860;Свинина, свіжий, субпродукти та побічні продукти, нирки, після приготування, тушкований
168270;Свинина, свіжий, субпродукти та побічні продукти, нирки, у сирому вигляді
167861;Свинина, свіжий, субпродукти та побічні продукти, нутряний жир, у сирому вигляді
167863;Свинина, свіжий, субпродукти та побічні продукти, печінка, після приготування, тушкований
167862;Свинина, свіжий, субпродукти та побічні продукти, печінка, у сирому вигляді
168271;Свинина, свіжий, субпродукти та побічні продукти, легені, після приготування, тушкований
167864;Свинина, свіжий, субпродукти та побічні продукти, легені, у сирому вигляді
168272;Свинина, свіжий, субпродукти та побічні продукти, механічно відокремлений, у сирому вигляді
168274;Свинина, свіжий, субпродукти та побічні продукти, підшлункова залоза, після приготування, тушкований
168273;Свинина, свіжий, субпродукти та побічні продукти, підшлункова залоза, у сирому вигляді
167866;Свинина, свіжий, субпродукти та побічні продукти, селезінка, після приготування, тушкований
167865;Свинина, свіжий, субпродукти та побічні продукти, селезінка, у сирому вигляді
168323;Свинина, свіжий, субпродукти та побічні продукти, шлунок, після приготування, томлений
167867;Свинина, свіжий, субпродукти та побічні продукти, шлунок, у сирому вигляді
167881;Свинина, свіжий, субпродукти та побічні продукти, хвіст, після приготування, томлений
168291;Свинина, свіжий, субпродукти та побічні продукти, хвіст, у сирому вигляді
168276;Свинина, свіжий, субпродукти та побічні продукти, язик, після приготування, тушкований
168275;Свинина, свіжий, субпродукти та побічні продукти, язик, у сирому вигляді
169191;Свинина, мелений, 72% пісний / 28% жир, після приготування, крихта
168373;Свинина, мелений, 72% пісний / 28% жир, після приготування, підсмажений на сухій пательні
169192;Свинина, мелений, 84% пісний / 16% жир, після приготування, крихта
168374;Свинина, мелений, 84% пісний / 16% жир, після приготування, підсмажений на сухій пательні
168372;Свинина, мелений, 84% пісний / 16% жир, у сирому вигляді
169193;Свинина, мелений, 96% пісний / 4% жир, після приготування, крихта
168375;Свинина, мелений, 96% пісний / 4% жир, після приготування, підсмажений на сухій пательні
169190;Свинина, мелений, 96% пісний / 4% жир, у сирому вигляді
168368;Свинина, корейка, ніжка верхня частина стейк, без кістки, відокремлювані пісне м’ясо та жир, після приготування, підсмажений під грилем
169082;Свинина, східноазійський стиль, зневоднений
169157;Свинина, маринований свинина хокс
169189;Свинина, плечова частина, малий ніжний, без кістки, відокремлювані пісне м’ясо та жир, після приготування, підсмажений під грилем
170253;Картопля чипси, без солі, зі зниженим вмістом жиру
168446;Картопля борошно
170092;Картопля млинці
170048;Картопля повітряні снеки, заморожений, духовка-підігрітий
170047;Картопля повітряні снеки, заморожений, не приготовлений
173343;Картопля салат з яйце
169269;Картопля салат, домашній-приготований
171608;Картопля суп, розчинний, суха суміш
168443;Картопля ведгес, заморожений (Включає харчові продукти для USDA'с Харчовий продукт Розподіл Програма)
170030;Картопля, Руссет, м’якоть і шкіра, печений
170448;Картопля, о гратін, суха суміш, приготований з водою, із незбираного молока і вершкове масло
170447;Картопля, о гратін, суха суміш, не приготовлена
170442;Картопля, о гратін, домашній-приготований за рецептом усінг вершкове масло
170524;Картопля, о гратін, домашній-приготований за рецептом усінг маргарин
170111;Картопля, печений, м’якоть і шкіра, із сіллю
170093;Картопля, печений, м’якоть і шкіра, без солі
170112;Картопля, печений, м’якоть, із сіллю
170033;Картопля, печений, м’якоть, без солі
170113;Картопля, печений, лише шкіра, із сіллю
170034;Картопля, печений, шкіра, без солі
170114;Картопля, відварений, після приготування у шкіра, м’якоть, із сіллю
170438;Картопля, відварений, після приготування у шкіра, м’якоть, без солі
170519;Картопля, відварений, після приготування у шкіра, шкіра, із сіллю
170439;Картопля, відварений, після приготування у шкіра, шкіра, без солі
170520;Картопля, відварений, після приготування без шкірки, м’якоть, із сіллю
170440;Картопля, відварений, після приготування без шкірки, м’якоть, без солі
170444;Картопля, консервований, відціджена тверда частина
169084;Картопля, консервований, відціджена тверда частина, без додавання солі
170443;Картопля, консервований, тверда частина та рідина
170026;Картопля, м’якоть і шкіра, у сирому вигляді
169264;Картопля, смажений у фритюрі, усі типи, сіль доданий у оброблення, заморожений, домашній-приготований, підігрітий у духовці
168442;Картопля, смажений у фритюрі, усі типи, сіль доданий у оброблення, заморожений, не приготовлений
170523;Картопля, смажений у фритюрі, усі типи, сіль не доданий у оброблення, заморожений, у придбаному вигляді
170118;Картопля, смажений у фритюрі, усі типи, сіль не доданий у оброблення, заморожений, духовка-підігрітий
169265;Картопля, смажений у фритюрі, кисломолочний-відруб, сіль не доданий у оброблення, заморожений, у придбаному вигляді
169266;Картопля, смажений у фритюрі, кисломолочний-відруб, сіль не доданий у оброблення, заморожений, духовка-підігрітий
170436;Картопля, смажений у фритюрі, крінкле або звичайний відруб, сіль доданий у оброблення, заморожений, у придбаному вигляді
170437;Картопля, смажений у фритюрі, крінкле або звичайний відруб, сіль доданий у оброблення, заморожений, духовка-підігрітий
168948;Картопля, смажений у фритюрі, кросс відруб, заморожений, не приготовлений
170451;Картопля, смажений у фритюрі, шоестрінг, сіль доданий у оброблення, заморожений, у придбаному вигляді
170452;Картопля, смажений у фритюрі, шоестрінг, сіль доданий у оброблення, заморожений, духовка-підігрітий
168947;Картопля, смажений у фритюрі, стейк відруб, сіль не доданий у оброблення, заморожений, не приготовлений
168444;Картопля, смажений у фритюрі, стейк фріс, сіль доданий у оброблення, заморожений, у придбаному вигляді
168445;Картопля, смажений у фритюрі, стейк фріс, сіль доданий у оброблення, заморожений, духовка-підігрітий
168946;Картопля, смажений у фритюрі, ведге відруб, заморожений, не приготовлений
170117;Картопля, заморожений, смажений у фритюрі, попередньо обсмажений, кисломолочний-відруб, приготований, підігрітий у духовці, із сіллю
169268;Картопля, заморожений, смажений у фритюрі, попередньо обсмажений, екструзійний, приготований, підігрітий у духовці, без солі
169267;Картопля, заморожений, смажений у фритюрі, попередньо обсмажений, екструзійний, не приготовлений
170116;Картопля, заморожений, цілий, після приготування, відварений, відціджений, із сіллю
170049;Картопля, заморожений, цілий, після приготування, відварений, відціджений, без солі
170044;Картопля, хеш коричневий, заморожений, без добавок, приготований, смажений на пательні у ріпакова олія
170043;Картопля, хеш коричневий, заморожений, без добавок, не приготовлений
170046;Картопля, хеш коричневий, заморожений, з вершкове масло соус, приготований
170045;Картопля, хеш коричневий, заморожений, з вершкове масло соус, не приготовлений
170036;Картопля, хеш коричневий, домашній-приготований
167605;Картопля, хеш коричневий, охолоджений, приготований, смажений на пательні у ріпакова олія
167604;Картопля, хеш коричневий, охолоджений, не приготовлений
170445;Картопля, пюреподібний, зневоднений, пластівці без молоко, у сухому вигляді
170041;Картопля, пюреподібний, зневоднений, гранули з молоко, у сухому вигляді
170039;Картопля, пюреподібний, зневоднений, гранули без молоко, у сухому вигляді
170446;Картопля, пюреподібний, зневоднений, приготований з пластівці без молоко, із незбираного молока і з додаванням вершкового масла
169372;Картопля, пюреподібний, зневоднений, приготований з пластівці без молоко, із незбираного молока і з додаванням маргарину
170042;Картопля, пюреподібний, зневоднений, приготований з гранули з молоко, вода і з додаванням маргарину
170040;Картопля, пюреподібний, зневоднений, приготований з гранули без молоко, із незбираного молока і з додаванням вершкового масла
170493;Картопля, пюреподібний, домашній-приготований, із незбираного молока доданий
168555;Картопля, пюреподібний, домашній-приготований, із незбираного молока і з додаванням вершкового масла
170037;Картопля, пюреподібний, домашній-приготований, із незбираного молока і з додаванням маргарину
168554;Картопля, пюреподібний, приготований з гранули, без молоко, із незбираного молока і маргарин
169768;Картопля, пюреподібний, готовий до споживання
170094;Картопля, приготований у мікрохвильовій печі, після приготування у шкіра, м’якоть і шкіра, без солі
170522;Картопля, приготований у мікрохвильовій печі, після приготування у шкіра, м’якоть, із сіллю
170441;Картопля, приготований у мікрохвильовій печі, після приготування у шкіра, м’якоть, без солі
170035;Картопля, приготований у мікрохвильовій печі, після приготування у шкіра, шкіра, без солі
170521;Картопля, приготований у мікрохвильовій печі, після приготування, у шкіра, м’якоть і шкіра, із сіллю
170115;Картопля, приготований у мікрохвильовій печі, після приготування, у шкіра, шкіра із сіллю
170454;Картопля, о’брін, заморожений, приготований
170453;Картопля, о’брін, заморожений, не приготовлений
170498;Картопля, о’брін, домашній-приготований
170032;Картопля, у сирому вигляді, шкіра
170435;Картопля, червоний, м’якоть і шкіра, печений
170029;Картопля, червоний, м’якоть і шкіра, у сирому вигляді
170031;Картопля, запечений, сіль доданий у оброблення, заморожений, не приготовлений
170027;Картопля, руссет, м’якоть і шкіра, у сирому вигляді (Включає харчові продукти для USDA'с Харчовий продукт Розподіл Програма)
170450;Картопля, скаллопед, суха суміш, приготований з водою, із незбираного молока і вершкове масло
170449;Картопля, скаллопед, суха суміш, не приготовлена
170038;Картопля, скаллопед, домашній-приготований із вершковим маслом
170525;Картопля, скаллопед, домашній-приготований із маргарином
170434;Картопля, білий, м’якоть і шкіра, печений
170028;Картопля, білий, м’якоть і шкіра, у сирому вигляді
169764;Картопля, жовтий флешед, смажений у фритюрі, заморожений, не приготовлений
168945;Картопля, жовтий флешед, хеш коричневий, натертий або нашаткований, сіль доданий у оброблення, заморожений, не приготовлений
169763;Картопля, жовтий флешед, запечений, сіль доданий у оброблення, заморожений, не приготовлений
169773;Потстікер або вонтон, свинина і овочевий, заморожений, не приготовлений
174581;М’ясо птиці салат паста для бутербродів
171104;М’ясо птиці, механічно обвалений, з бакс і некс зі шкіркою, у сирому вигляді
171105;М’ясо птиці, механічно обвалений, з бакс і некс без шкірки, у сирому вигляді
171106;М’ясо птиці, механічно обвалений, з зрілий хенс, у сирому вигляді
169064;Прецелі, м’який
174790;Прецелі, м’який, несолоний
167750;Прікли груші, у сирому вигляді
173460;Білок супплемент, на молочній основі, Мускле Молоко Легкий, порошок
173459;Білок супплемент, на молочній основі, Мускле Молоко, порошок
167753;Пруне сік, консервований
167780;Пруне пюре
168159;Чорнослив, консервований, у густому сиропі, тверда частина та рідина
168161;Чорнослив, зневоднений (низький-волога), тушкований
168160;Чорнослив, зневоднений (низький-волога), не приготовлений
168832;Пудинг, лимон, суха суміш, звичайний, приготований з цукор, яєчний жовток і вода
168146;Пудинги, усі смаки екскепт шоколад, низькокалорійний, розчинний, суха суміш
167741;Пудинги, усі смаки екскепт шоколад, низькокалорійний, звичайний, суха суміш
169648;Пудинги, банан, суха суміш, розчинний
167588;Пудинги, банан, суха суміш, розчинний, приготований із молоком 2% жирності
169649;Пудинги, банан, суха суміш, розчинний, приготований із незбираним молоком
168866;Пудинги, банан, суха суміш, розчинний, з додаванням олії
169650;Пудинги, банан, суха суміш, звичайний
167589;Пудинги, банан, суха суміш, звичайний, приготований із молоком 2% жирності
168825;Пудинги, банан, суха суміш, звичайний, приготований із незбираним молоком
170241;Пудинги, банан, суха суміш, звичайний, з додаванням олії
168143;Пудинги, шоколад смак, низькокалорійний, розчинний, суха суміш
167740;Пудинги, шоколад смак, низькокалорійний, звичайний, суха суміш
168779;Пудинги, шоколад, суха суміш, розчинний
167998;Пудинги, шоколад, суха суміш, розчинний, приготований із молоком 2% жирності
169600;Пудинги, шоколад, суха суміш, розчинний, приготований із незбираним молоком
169603;Пудинги, шоколад, суха суміш, звичайний
168780;Пудинги, шоколад, суха суміш, звичайний, приготований із молоком 2% жирності
169604;Пудинги, шоколад, суха суміш, звичайний, приготований із незбираним молоком
168778;Пудинги, шоколад, готовий до споживання
168799;Пудинги, шоколад, готовий до споживання, знежирений
168826;Пудинги, кокос вершки, суха суміш, розчинний
168781;Пудинги, кокос вершки, суха суміш, розчинний, приготований із молоком 2% жирності
168827;Пудинги, кокос вершки, суха суміш, розчинний, приготований із незбираним молоком
168828;Пудинги, кокос вершки, суха суміш, звичайний
169615;Пудинги, кокос вершки, суха суміш, звичайний, приготований із молоком 2% жирності
168829;Пудинги, кокос вершки, суха суміш, звичайний, приготований із незбираним молоком
169654;Пудинги, лимон, суха суміш, розчинний
168786;Пудинги, лимон, суха суміш, розчинний, приготований із молоком 2% жирності
168830;Пудинги, лимон, суха суміш, розчинний, приготований із незбираним молоком
168831;Пудинги, лимон, суха суміш, звичайний
170242;Пудинги, лимон, суха суміш, звичайний, з додаванням олії, потассіум, натрій
168783;Пудинги, рис, суха суміш
169611;Пудинги, рис, суха суміш, приготований із молоком 2% жирності
169605;Пудинги, рис, суха суміш, приготований із незбираним молоком
168782;Пудинги, рис, готовий до споживання
169606;Пудинги, тапіока, суха суміш
169612;Пудинги, тапіока, суха суміш, приготований із молоком 2% жирності
169607;Пудинги, тапіока, суха суміш, приготований із незбираним молоком
170243;Пудинги, тапіока, суха суміш, з без доданий сіль
169614;Пудинги, тапіока, готовий до споживання
168798;Пудинги, тапіока, готовий до споживання, знежирений
168784;Пудинги, ванільний, суха суміш, розчинний
168785;Пудинги, ванільний, суха суміш, розчинний, приготований із незбираним молоком
169609;Пудинги, ванільний, суха суміш, звичайний
168788;Пудинги, ванільний, суха суміш, звичайний, приготований із молоком 2% жирності
169610;Пудинги, ванільний, суха суміш, звичайний, приготований із незбираним молоком
170644;Пудинги, ванільний, суха суміш, звичайний, з додаванням олії
169608;Пудинги, ванільний, готовий до споживання
168797;Пудинги, ванільний, готовий до споживання, знежирений
172790;Пуфф випічка, заморожений, готовий-до-випікання
172738;Пуфф випічка, заморожений, готовий-до-випікання, печений
173344;Пуллед свинина у соус барбекю
167754;Пуммело, у сирому вигляді
169271;Гарбуз флоуерс, після приготування, відварений, відціджений, без солі
169270;Гарбуз флоуерс, у сирому вигляді
170120;Гарбузове листя, після приготування, відварений, відціджений, із сіллю
168447;Гарбузове листя, після приготування, відварений, відціджений, без солі
169272;Гарбузове листя, у сирому вигляді
169273;Гарбуз пиріг суміш, консервований
170527;Гарбуз, консервований, із сіллю
168450;Гарбуз, консервований, без солі
170526;Гарбуз, після приготування, відварений, відціджений, із сіллю
168449;Гарбуз, після приготування, відварений, відціджений, без солі
170119;Гарбуз, флоуерс, після приготування, відварений, відціджений, із сіллю
168448;Гарбуз, у сирому вигляді
170121;Портулак, після приготування, відварений, відціджений, із сіллю
169275;Портулак, після приготування, відварений, відціджений, без солі
169274;Портулак, у сирому вигляді
172829;Перепілка, грудка, лише м’ясо, у сирому вигляді
169902;Перепілка, після приготування, тотал едібле
172418;Перепілка, м’ясо зі шкірою, у сирому вигляді
172419;Перепілка, лише м’ясо, у сирому вигляді
168163;Квінкес, у сирому вигляді
168917;Кіноа, після приготування
168874;Кіноа, не приготовлений
173347;Рис-A-RONI, курятина смак, не приготовлений
168564;Радікчіо, у сирому вигляді
170095;Радіш насіння, пророщений, у сирому вигляді
169889;Редиска, гавайський стиль, маринований
170122;Редиска, східноазійський, після приготування, відварений, відціджений, із сіллю
168452;Редиска, східноазійський, після приготування, відварений, відціджений, без солі
168453;Редиска, східноазійський, сушений
169276;Редиска, у сирому вигляді
170081;Редиска, білий ікікле, у сирому вигляді
168165;Родзинки, темний, без насіння (Включає харчові продукти для USDA'с Харчовий продукт Розподіл Програма)
168164;Родзинки, золотистий, без насіння
168166;Родзинки, без насіння
168167;Рамбутан, консервований, сироп пакування
167756;Малина, консервований, червоний, у густому сиропі, тверда частина та рідина
167757;Малина, заморожений, червоний, підсолоджений
168209;Малина, заморожений, червоний, без підсолоджувачів
167808;Малина, пюре, без насіння
167809;Малина, пюре, з насіння
167755;Малина, у сирому вигляді
168217;Малина сік концентрат
172113;Равіолі, сир з томатним соусом, заморожений, не приготований, включає звичайний і легкий ентріс
173328;Равіолі, сир-з начинкою, консервований
173329;Равіолі, м’ясо-з начинкою, з томатним соусом або м’ясо соус, консервований
172213;Редді Віп Знежирений Збитий Топінг
172465;Пересмажена квасоля, консервований, знежирений
172438;Пересмажена квасоля, консервований, традішнал стиль
174298;Пересмажена квасоля, консервований, традішнал, зі зниженим вмістом натрію
174296;Пересмажена квасоля, консервований, вегетаріанський
168789;Ренін, шоколад, суха суміш, приготований із молоком 2% жирності
169617;Ренін, шоколад, суха суміш, приготований із незбираним молоком
168790;Ренін, ванільний, суха суміш, приготований із молоком 2% жирності
168793;Ренін, ванільний, суха суміш, приготований із незбираним молоком
168169;Рхубарб, заморожений, після приготування, з цукор
168168;Рхубарб, заморожений, не приготовлений
167758;Рхубарб, у сирому вигляді
173006;Рис і Пшениця каша або зерновий продукт батончик
168950;Рис і вермішель суміш, яловичина смак, приготований з 80% маргарин
168949;Рис і вермішель суміш, яловичина смак, не приготовлений
173348;Рис і вермішель суміш, курятина смак, приготований з 80% маргарин
168952;Рис і вермішель суміш, рис пілаф смак, приготований з 80% маргарин
168951;Рис і вермішель суміш, рис пілаф смак, не приготовлений
173339;Рис боул з курятиною, заморожений основна готова страва, приготований (включає смажений, теріиакі, і солодкий і кислий різновиди)
169713;Рис висівки, круде
168107;Рис торт або кекс, крекер (включає хейн міні рис торти або кекси)
173161;Рис крекери
168898;Рис борошно, коричневий
169714;Рис борошно, білий, незбагачений
169778;Рис суміш, сир смак, суха суміш, не приготовлена
168964;Рис суміш, білий і дикий, ароматизований, не приготовлений
168914;Рис локшина, після приготування
169742;Рис локшина, сухий
169704;Рис, коричневий, довгий-зерно, після приготування (Включає харчові продукти для USDA'с Харчовий продукт Розподіл Програма)
169703;Рис, коричневий, довгий-зерно, у сирому вигляді (Включає харчові продукти для USDA'с Харчовий продукт Розподіл Програма)
168875;Рис, коричневий, середній-зерно, після приготування (Включає харчові продукти для USDA'с Харчовий продукт Розподіл Програма)
169706;Рис, коричневий, середній-зерно, у сирому вигляді (Включає харчові продукти для USDA'с Харчовий продукт Розподіл Програма)
173263;Рис, коричневий, парбойлед, після приготування, UNCLE BENS
168876;Рис, коричневий, парбойлед, сухий, UNCLE BEN'S
169711;Рис, білий, глутінаус, незбагачений, після приготування
168883;Рис, білий, глутінаус, незбагачений, не приготовлений
169708;Рис, білий, довгий-зерно, парбойлед, збагачений, після приготування
169707;Рис, білий, довгий-зерно, парбойлед, збагачений, сухий
169759;Рис, білий, довгий-зерно, парбойлед, незбагачений, після приготування
169758;Рис, білий, довгий-зерно, парбойлед, незбагачений, сухий
169709;Рис, білий, довгий-зерно, попередньо приготовлений або розчинний, збагачений, сухий
169710;Рис, білий, довгий-зерно, попередньо приготовлений або розчинний, збагачений, приготований
169753;Рис, білий, довгий-зерно, звичайний, після приготування, збагачений, із сіллю
168935;Рис, білий, довгий-зерно, звичайний, після приготування, незбагачений, із сіллю
168878;Рис, білий, довгий-зерно, звичайний, збагачений, після приготування
168877;Рис, білий, довгий-зерно, звичайний, у сирому вигляді, збагачений
169756;Рис, білий, довгий-зерно, звичайний, у сирому вигляді, незбагачений
169757;Рис, білий, довгий-зерно, звичайний, незбагачений, після приготування без солі
168930;Рис, білий, середній-зерно, після приготування, незбагачений
168880;Рис, білий, середній-зерно, збагачений, після приготування
168879;Рис, білий, середній-зерно, у сирому вигляді, збагачений
169760;Рис, білий, середній-зерно, у сирому вигляді, незбагачений
168932;Рис, білий, короткий-зерно, після приготування, незбагачений
168882;Рис, білий, короткий-зерно, збагачений, після приготування
168881;Рис, білий, короткий-зерно, збагачений, не приготовлений
168931;Рис, білий, короткий-зерно, у сирому вигляді, незбагачений
169712;Рис, білий, приготований на парі, Китайський ресторанний
174597;Ростбіф або запечений відруб яловичина спред
174570;Ростбіф або запечений відруб яловичина, делі стиль, препакагед, нарізаний скибками
175027;Булочки, готова страва, яйце
175028;Булочки, готова страва, овес висівки
172793;Булочки, готова страва, без добавок, промислового приготування (включає коричневий-і-подавання)
172810;Булочки, готова страва, без добавок, приготований за рецептом, виготовлений із з низьким вмістом жиру (2%) молоко
175029;Булочки, готова страва, жито
174107;Булочки, готова страва, солодкий
175030;Булочки, готова страва, пшениця
172794;Булочки, готова страва, цільнозерновий пшеничний
172795;Булочки, французький
171861;Булочки, без глютену, білий, виготовлений із бурий рис борошно, тапіока крохмаль, і картопля крохмаль
171863;Булочки, без глютену, білий, виготовлений із бурий рис борошно, тапіока крохмаль, і сорго борошно
171862;Булочки, без глютену, білий, виготовлений із рис борошно, рис крохмаль, і кукурудза крохмаль
171864;Булочки, без глютену, цілий зерно, виготовлений із тапіока крохмаль і бурий рис борошно
174089;Булочки, гамбургер або сосиска для хот-дога, пшениця/кракед пшениця
174090;Булочки, гамбургер або сосиска для хот-дога, цільнозерновий пшеничний
172797;Булочки, гамбургер або хотдог, змішаний-зерно
172796;Булочки, гамбургер або хотдог, без добавок
174094;Булочки, гамбургер, цілий зерно білий, кальцій-збагачений
175031;Булочки, твердий (включає кейсер)
168126;Булочки, пумпернікел
168171;Рожеві яблука, у сирому вигляді
168170;Роселле, у сирому вигляді
173473;Розмарин, свіжий
167783;Роуал, у сирому вигляді
167805;Руби Червоний грейпфрут суміш соків (грейпфрут, виноград, яблуко), OCEAN SPRAY, бутильований, з доданий вітамін К
167597;Руді’с, Без глютену Бакери, Оригінальний Сендвіч Хліб
172831;Руффед Граусе, грудка м’ясо, без шкіри, у сирому вигляді
170528;Бруква, після приготування, відварений, відціджений, із сіллю
168455;Бруква, після приготування, відварений, відціджений, без солі
168454;Бруква, у сирому вигляді
168885;Житнє борошно, темний
168887;Житнє борошно, легкий
168886;Житнє борошно, середній
168884;Жито зерно
167946;SCHIFF, TIGER'S Молоко Батончик
175230;SILK Банан-Полуниця сой йогурт
173780;SILK Чорний Вишня або черешня сой йогурт
173781;SILK Чорниця або лохина сой йогурт
173776;SILK Чей, соєве молоко
173770;SILK Шоколад, соєве молоко
175224;SILK Кава, соєве молоко
175232;SILK Французький Ванільний Вершки для кави
173782;SILK Хазелнут Вершки для кави
175229;SILK Кі Лайм сой йогурт
173773;SILK Легкий Шоколад, соєве молоко
173771;SILK Легкий Без добавок, соєве молоко
173772;SILK Легкий Ванільний, соєве молоко
173777;SILK Моча, соєве молоко
173775;SILK Ног, соєве молоко
175231;SILK Оригінальний Вершки для кави
173779;SILK Персик сой йогурт
175227;SILK Без добавок сой йогурт
175218;SILK Без добавок, соєве молоко
175222;SILK Плюс Клітковина, соєве молоко
175220;SILK Плюс Омега-3 DHA, соєве молоко
175221;SILK Плюс для Кістка Хілт, соєве молоко
173778;SILK Малина сой йогурт
175228;SILK Полуниця сой йогурт
175223;SILK Без підсолоджувачів, соєве молоко
175225;SILK Ванільний сой йогурт (фаміли розмір)
175226;SILK Ванільний сой йогурт (сінгле сервінг розмір)
175219;SILK Ванільний, соєве молоко
173774;SILK Вери Ванільний, соєве молоко
171577;SMART SOUP, Французький Лентіл
171578;SMART SOUP, Грецький Мінестроне
171181;SMART SOUP, Індійський Квасоля Масала
171182;SMART SOUP, Мороккан Чік Горох
171576;SMART SOUP, Санта Фе Кукурудза Чаудер
171183;SMART SOUP, Тайський Кокос Курри
171184;SMART SOUP, Вітнамесе Морква Лемонграсс
168007;Шавлія Валлі, Без глютену Ванільний Сендвіч Печиво
168109;Заправка для салату, колесло, зі зниженим вмістом жиру
171037;Заправка для салату, майонез, легкий, SMART BALANCE, Омега Плюс легкий
167700;Заправка для салату, майонез-ліке, знежирений
171004;Заправка для салату, KRAFT MIRACLE WHIP Без Знежирений Заправка
171003;Заправка для салату, KRAFT Мейо Знежирений Майонез Заправка
171002;Заправка для салату, KRAFT Мейо Легкий Майонез
167704;Заправка для салату, бекон і помідор
173562;Заправка для салату, блакитний або рокфор сир заправка, категорія Промисловий, звичайний
167699;Заправка для салату, блакитний або рокфор сир заправка, знежирений
167692;Заправка для салату, блакитний або рокфор сир заправка, легкий
169876;Заправка для салату, блакитний або рокфор сир, низькокалорійний
169895;Заправка для салату, маслянка, легкий
169055;Заправка для салату, каесар заправка, звичайний
171045;Заправка для салату, каесар, знежирений
169877;Заправка для салату, каесар, низькокалорійний
169056;Заправка для салату, колесло
171414;Заправка для салату, французький заправка, категорія Промисловий, звичайний
171020;Заправка для салату, французький заправка, категорія Промисловий, звичайний, без солі
171420;Заправка для салату, французький заправка, знежирений
167693;Заправка для салату, французький заправка, зі зниженою калорійністю
171404;Заправка для салату, французький заправка, зі зниженим вмістом жиру
171021;Заправка для салату, французький заправка, зі зниженим вмістом жиру, без солі
171419;Заправка для салату, французький, бавовняне насіння, олія, домашній рецепт
171416;Заправка для салату, французький, домашній рецепт
169057;Заправка для салату, зелений годдесс, звичайний
171417;Заправка для салату, домашній рецепт, оцет і олія
171034;Заправка для салату, мед гірчиця заправка, зі зниженою калорійністю
171043;Заправка для салату, мед гірчиця, звичайний
171405;Заправка для салату, італійський заправка, категорія Промисловий, зі зниженим вмістом жиру
171019;Заправка для салату, італійський заправка, категорія Промисловий, звичайний
174067;Соус, коктейль, готовий до подавання
171022;Заправка для салату, італійський заправка, категорія Промисловий, звичайний, без солі
173590;Заправка для салату, італійський заправка, знежирений
168096;Заправка для салату, італійський заправка, зі зниженою калорійністю
171023;Заправка для салату, італійський заправка, зі зниженим вмістом жиру, без солі
168112;Заправка для салату, майонез і майонез-тип, низькокалорійний
171403;Заправка для салату, майонез тип, звичайний, із сіллю
171407;Заправка для салату, майонез, імітація, молоко вершки
171406;Заправка для салату, майонез, імітація, соєвий біб
171408;Заправка для салату, майонез, імітація, соєвий біб без чолестерол
173594;Заправка для салату, майонез, легкий
171009;Заправка для салату, майонез, звичайний
171010;Заправка для салату, майонез, соєвий біб і сафлорова олія, із сіллю
171418;Заправка для салату, майонез, соєва олія, без солі
171444;Заправка для салату, майонез-тип, легкий
168093;Заправка для салату, пепперкорн заправка, категорія Промисловий, звичайний
171044;Заправка для салату, попписід, кремовий
173591;Заправка для салату, ранч заправка, знежирений
173593;Заправка для салату, ранч заправка, зі зниженим вмістом жиру
173592;Заправка для салату, ранч заправка, звичайний
171005;Заправка для салату, російський заправка
171007;Заправка для салату, російський заправка, низькокалорійний
171006;Заправка для салату, кунжут насіння заправка, звичайний
171036;Заправка для салату, спрей-стиль заправка, ассортед смаки
169875;Заправка для салату, солодкий і кислий
172356;Заправка для салату, таусанд острівний заправка, знежирений
171008;Заправка для салату, таусанд острівний заправка, зі зниженим вмістом жиру
171402;Заправка для салату, таусанд острівний, категорія Промисловий, звичайний
174603;Салямі, Італійський, свинина
172966;Салямі, Італійський, свинина і яловичина, сухий, нарізаний скибками, 50% менше натрій
172935;Салямі, після приготування, яловичина
172936;Салямі, після приготування, яловичина і свинина
172937;Салямі, після приготування, індичатина
172938;Салямі, сухий або твердий, свинина
174582;Салямі, сухий або твердий, свинина, яловичина
174598;Салямі, свинина, яловичина, менше натрій
168965;Салісбури стейк з підливою, заморожений
173721;Лосось нуггетс, у паніровці, заморожений, підігрітий
173722;Лосось нуггетс, після приготування у придбаному вигляді, без підігрівання
173723;Лосось, сокіе, консервований, відціджена тверда частина, без шкірки і кістки
175174;Лосось, сокіе, консервований, тотал кан контентс
169277;Козелець, (овочевий устриця), у сирому вигляді
170529;Козелець, після приготування, відварений, відціджений, із сіллю
169278;Козелець, після приготування, відварений, відціджений, без солі
173468;Сіль, столове
169069;Паста для бутербродів, без м’яса
174583;Паста для бутербродів, свинина, яловичина
171409;Паста для бутербродів, з подрібнений пікле, звичайний, не уточнено ойлс
167759;Саподила, у сирому вигляді
167760;Сапоте, мамі, у сирому вигляді
171603;Соус, алфредо суміш, сухий
174523;Соус, барбекю
171828;Соус, барбекю, BULL'S-Оковиток, оригінальний
171829;Соус, барбекю, KC MASTERPIECE, оригінальний
174544;Соус, барбекю, KRAFT, оригінальний
171830;Соус, барбекю, OPEN PIT, оригінальний
171827;Соус, барбекю, Солодкий Молодий або малий RAY'S, оригінальний
171584;Соус, сир соус суміш, сухий
171191;Соус, сир, готовий до подавання
171605;Соус, чилі, перець, гострий, незрілий зелений, консервований
171823;Соус, качка, готовий до подавання
174074;Соус, енчілада, червоний, м’який, готовий до подавання
174531;Соус, риба, готовий до подавання
172886;Соус, хойсін, готовий до подавання
174525;Соус, домашній, білий, середній
174526;Соус, домашній, білий, товстий
171833;Соус, хорсерадіш
171186;Соус, гострий чіле, срірача
171187;Соус, гострий чіле, срірача, CHA! За TEXAS PETE
171188;Соус, гострий чіле, срірача, TUONG OT SRIRACHA
174529;Соус, устриця, готовий до подавання
171192;Соус, макаронні вироби, спагеті/марінара, готовий до подавання
171597;Соус, макаронні вироби, спагеті/марінара, готовий до подавання, зі зниженим вмістом натрію
171575;Соус, арахіс, виготовлений з кокос, вода, цукор, арахіс
174070;Соус, арахіс, виготовлений з арахісова паста, вода, соєвий соус
171604;Соус, перець, гострий, чилі, зрілий червоний, консервований
171581;Соус, песто, BUITONI, песто з базилік, готовий до подавання, охолоджений
171582;Соус, песто, CLASSICO, базилік песто, готовий до подавання
171185;Соус, песто, MEZZETTA, NAPA VALLEY BISTRO, базилік песто, готовий до подавання
171579;Соус, песто, готовий до подавання, охолоджений
171580;Соус, песто, готовий до подавання, шелф стабле
172880;Соус, пізза, консервований, готовий до подавання
172879;Соус, слива, готовий до подавання
174527;Соус, готовий до подавання, перець або гострий
174528;Соус, готовий до подавання, перець, TABASCO
174524;Соус, салса, готовий до подавання
171824;Соус, салса, верде, готовий до подавання
171174;Соус, софріто, приготований за рецептом
171825;Соус, стейк, помідор на основі
174543;Соус, солодкий і кислий, приготований за рецептом
174066;Соус, солодкий і кислий, готовий до подавання
171826;Соус, тартар, готовий до подавання
171167;Соус, теріиакі, готовий до подавання
172890;Соус, теріиакі, готовий до подавання, зі зниженим вмістом натрію
171595;Соус, помідор чилі соус, бутильований, із сіллю
174542;Соус, білий, тонкий, приготований за рецептом, з вершкове масло
171610;Соус, воркестершіре
169279;Соеркрот, консервований, тверда частина та рідина
171617;Ковбаса, Берлінер, свинина, яловичина
174586;Ковбаса, Італійський, свинина, м’який, після приготування, смажений на пательні
171631;Ковбаса, Італійський, свинина, м’який, у сирому вигляді
172952;Ковбаса, Італійський, солодкий, лінкс
174604;Ковбаса, Італійський, індичатина, копчений
174588;Ковбаса, Новий Англія торгова марка, свинина, яловичина
172953;Ковбаса, Поліш, яловичина з курятиною, гострий
172954;Ковбаса, Поліш, свинина і яловичина, копчений
172942;Ковбаса, Вінна, консервований, курятина, яловичина, свинина
170606;Ковбаса, яловичина, солений або в’ялений, після приготування, копчений
174618;Ковбаса, яловичина, свіжий, після приготування
174616;Ковбаса, ковбаса для сніданку, яловичина, попередньо приготовлений, не приготовлений
173880;Ковбаса, курятина або індичатина, Італійський стиль, зі зниженим вмістом натрію
174605;Ковбаса, курятина, яловичина, свинина, без шкіри, копчений
169781;Ковбаса, яйце і сир сніданок американська булочка
174269;Ковбаса, без м’яса
174579;Ковбаса, свинина і яловичина, свіжий, після приготування
172955;Ковбаса, свинина і яловичина, з чедер сир, копчений
171632;Ковбаса, свинина і індичатина, попередньо приготовлений
173859;Ковбаса, свинина, чорізо, ковбаска або мелений, у сирому вигляді
173883;Ковбаса, свинина, індичатина, і яловичина, зі зниженим вмістом натрію
174584;Ковбаса, копчена ковбаска, свинина
174585;Ковбаса, копчена ковбаска, свинина і яловичина
172939;Ковбаса, копчена ковбаска, свинина і яловичина (сухе знежирене молоко доданий)
174599;Ковбаса, літній, свинина і яловичина, палички, з чедер сир
167694;Ковбаса, індичатина і свинина, свіжий, булк, котлета або ковбаска, після приготування
174600;Ковбаса, індичатина, сніданок лінкс, м’який, у сирому вигляді
173871;Ковбаса, індичатина, свіжий, після приготування
174617;Ковбаса, індичатина, свіжий, у сирому вигляді
174606;Ковбаса, індичатина, гострий, копчений
172948;Ковбаса, індичатина, свинина, і яловичина, з низьким вмістом жиру, копчений
174580;Ковбаса, індичатина, зі зниженим вмістом жиру, коричневий і подавання, після приготування
168008;Шар, Без глютену, Класичний Білий Булочки
168009;Шар, Без глютену, Пшениця-Без, Класичний Білий Хліб
172969;Скраппле, свинина
173476;Суміш приправ, сухий, чилі, оригінальний
172242;Суміш приправ, сухий, сазон, коріандер & аннатто
172243;Суміш приправ, сухий, тако, оригінальний
167602;Морські водорості, Канадіан Культивований EMI-TSUNOMATA, сухий
167603;Морські водорості, Канадіан Культивований EMI-TSUNOMATA, відновлений водою
170090;Морські водорості, агар, сушений
169280;Морські водорості, агар, у сирому вигляді
168456;Морські водорості, ірішмосс, у сирому вигляді
168457;Морські водорості, ламінарія, у сирому вигляді
168458;Морські водорості, лавер, у сирому вигляді
170495;Морські водорості, спіруліна, сушений
170091;Морські водорості, спіруліна, у сирому вигляді
170496;Морські водорості, вакаме, у сирому вигляді
170145;Насіння, хлібне дерево, плід насіння, відварений
170144;Насіння, хлібне дерево, плід насіння, у сирому вигляді
170595;Насіння, хлібне дерево, плід насіння, запечений
170553;Насіння, бріднут трі насіння, сушений
170552;Насіння, бріднут трі насіння, у сирому вигляді
170554;Насіння, насіння чіа, сушений
170146;Насіння, бавовняне насіння борошно, з низьким вмістом жиру (гландлесс)
170555;Насіння, бавовняне насіння борошно, партіалли знежирений (гландлесс)
170596;Насіння, бавовняне насіння зерна, запечений (гландлесс)
170147;Насіння, бавовняне насіння страва або борошно грубого помелу, партіалли знежирений (гландлесс)
169414;Насіння, насіння льону
170148;Насіння, хемп насіння, хуллед
170149;Насіння, лотус насіння, сушений
168591;Насіння, лотус насіння, у сирому вигляді
170556;Насіння, гарбуз і гарбузові насіння зерна, сушений
169415;Насіння, гарбуз і гарбузові насіння зерна, запечений, з додаванням солі
170557;Насіння, гарбуз і гарбузові насіння зерна, запечений, без солі
168601;Насіння, гарбуз і гарбузові насіння, цілий, запечений, з додаванням солі
170188;Насіння, гарбуз і гарбузові насіння, цілий, запечений, без солі
170558;Насіння, саффлоуер насіння зерна, сушений
170559;Насіння, саффлоуер насіння страва або борошно грубого помелу, партіалли знежирений
170191;Насіння, кунжут вершкове масло, паста
169410;Насіння, кунжут вершкове масло, тахіні, з у сирому вигляді і кам’яного помелу зерна
170189;Насіння, кунжут вершкове масло, тахіні, з запечений і підсмажений зерна (мост звичайний тип)
169406;Насіння, кунжут вершкове масло, тахіні, з унроастед зерна (без-чемікалли ремовед насіння коат)
168604;Насіння, кунжут вершкове масло, тахіні, тип з зерна не уточнено
170192;Насіння, кунжут борошно, високий-жир
170560;Насіння, кунжут борошно, з низьким вмістом жиру
170153;Насіння, кунжут борошно, партіалли знежирений
170561;Насіння, кунжут страва або борошно грубого помелу, партіалли знежирений
169412;Насіння, кунжут насіння зерна, сушений (декортікатед)
169416;Насіння, кунжут насіння зерна, підсмажений, з додаванням солі (декортікатед)
170152;Насіння, кунжут насіння зерна, підсмажений, без солі доданий (декортікатед)
170150;Насіння, насіння кунжуту, цілий, сушений
170151;Насіння, насіння кунжуту, цілий, запечений і підсмажений
168587;Насіння, сісимбріум сп. насіння, цілий, сушений
168595;Насіння, соняшник насіння вершкове масло, з додаванням солі (Включає харчові продукти для USDA'с Харчовий продукт Розподіл Програма)
170155;Насіння, соняшник насіння вершкове масло, без солі
170156;Насіння, соняшник насіння борошно, партіалли знежирений
169417;Насіння, соняшник насіння зерна з шелл, обсмажений без олії, з додаванням солі
170562;Насіння, соняшник насіння зерна, сушений
169418;Насіння, соняшник насіння зерна, обсмажений без олії, з додаванням солі
170563;Насіння, соняшник насіння зерна, обсмажений без олії, без солі
168593;Насіння, соняшник насіння зерна, обсмажений в олії, з додаванням солі
170564;Насіння, соняшник насіння зерна, обсмажений в олії, без солі
168594;Насіння, соняшник насіння зерна, підсмажений, з додаванням солі
170154;Насіння, соняшник насіння зерна, підсмажений, без солі
169407;Насіння, кавун насіння зерна, сушений
169715;Семоліна, збагачений
168933;Семоліна, незбагачений
169368;Квіти сесбанії, після приготування, приготований на парі, із сіллю
169281;Квіти сесбанії, після приготування, приготований на парі, без солі
168459;Квіти сесбанії, у сирому вигляді
173226;Шейк, фастфуд, ванільний
170082;Шалот, сублімовано висушений
170499;Шалот, у сирому вигляді
167577;Шербет, помаранчевий
172329;Кондитерський жир хліб, соєвий біб (гідрогенізований) і бавовняне насіння
172330;Кондитерський жир торт або кекс суміш, соєвий біб (гідрогенізований) і бавовняне насіння (гідрогенізований)
173568;Кондитерський жир конфекшнери, кокос (гідрогенізований) і або пальма зерно (гідрогенізований)
173567;Кондитерський жир для смаження (високої жирності дути), яловичина таллоу і бавовняне насіння
172331;Кондитерський жир для смаження (високої жирності дути), пальма (гідрогенізований)
172333;Кондитерський жир для смаження (високої жирності дути), соєвий біб (гідрогенізований), лінолеік (менше ніж 1%)
172332;Кондитерський жир хаусехолд соєвий біб (гідрогенізований) і пальма
173566;Кондитерський жир промисловий, свинячий жир і рослинна олія
173569;Кондитерський жир промисловий, соєвий біб (гідрогенізований) і бавовняне насіння
172334;Кондитерський жир, конфекшнери, фракшнатед пальма
172327;Кондитерський жир, хаусехолд, свинячий жир і рослинна олія
171011;Кондитерський жир, хаусехолд, соєвий біб (частково гідрогенізований)-бавовняне насіння (частково гідрогенізований)
173606;Кондитерський жир, промисловий, сой (частково гідрогенізований) і кукурудза для для смаження
173607;Кондитерський жир, промисловий, сой (частково гідрогенізований) для для випічки і конфекшнс
173597;Кондитерський жир, промисловий, сой (частково гідрогенізований), паурабле рідкий смаження кондитерський жир
173579;Кондитерський жир, мултіпурпосе, соєвий біб (гідрогенізований) і пальма (гідрогенізований)
173575;Кондитерський жир, спекіал призначення для для випічки, соєвий біб (гідрогенізований) пальма і бавовняне насіння
173574;Кондитерський жир, спекіал призначення для торти або кекси і глазурі, соєвий біб (гідрогенізований)
173584;Кондитерський жир, овочевий, хаусехолд, суміш
173159;Перекус, BALANCE, оригінальний батончик
174803;Перекус, Змішаний Ягідний Батончик
173156;Перекус, Претзел, твердий шоколад у покритті
168853;Перекус, картопля чипси, виготовлений з сушений картопля, без добавок
174799;Снеки, CLIF Батончик, змішаний смаки
168811;Снеки, FARLEY Цукерка, FARLEY Фрукти Снеки, з вітаміни A, К, і Е
174789;Снеки, FRITOLAY, SUNCHIPS, Багатозерновий Перекус, Харвест Чедер смак
174784;Снеки, FRITOLAY, SUNCHIPS, Багатозерновий Перекус, оригінальний смак
174788;Снеки, FRITOLAY, SUNCHIPS, багатозерновий, Французький цибуля смак
169676;Снеки, гранола батончики, м’який, ункоатед, горіх і родзинки
168808;Снеки, GENERAL MILLS, BETTY CROCKER Фрукти Булочка Упс, ягідний ароматизований, з вітамін К
169688;Снеки, KELLOGG, KELLOGG'S З низьким вмістом жиру Батончик гранола, Хрусткий Мигдаль/Коричневий цукор
169687;Снеки, KELLOGG, KELLOGG'S Рис KRISPIES TREATS Квадратики
168862;Снеки, KELLOGG, KELLOGG'S, NUTRI-Зерно Каша або зерновий продукт Батончики, фрукти
167950;Снеки, KRAFT, CORNNUTS, без добавок
167964;Снеки, М&М MARS, COMBOS Снеки Чедер Сир Претзел
173135;Снеки, М&М MARS, KUDOS Цілий Зерно Батончик, М&М’с молочний шоколад
169689;Снеки, М&М MARS, KUDOS Цілий Зерно Батончик, шоколад чипс
173133;Снеки, М&М MARS, KUDOS Цілий Зерно Батончики, арахісова паста
173151;Снеки, NUTRI-Зерно Фрукти І Горіх Батончик
174806;Снеки, Прецелі, глутен- без виготовлений із корнстарч і картопля борошно
169635;Снеки, SUNKIST, SUNKIST Фрукти Булочка, полуниця, з вітаміни A, К, і Е
173150;Снеки, бейгл чипси, без добавок
168849;Снеки, банан чипси
167536;Снеки, яловичина джерки, подрібнений і формед
168850;Снеки, яловичина палички, копчений
173155;Снеки, бурий рис чипси
174798;Снеки, цукерка бітс, вкритий йогуртовою глазур’ю з вітамін К
174779;Снеки, цукерка булочки, йогурт-вкритий, із фруктовим смаком з високий вітамін К
168857;Снеки, кукурудза торти або кекси
170647;Снеки, кукурудза торти або кекси, із дуже низьким вмістом натрію
167538;Снеки, кукурудза-на основі, екструзійний, чипси, барбекю-смак
170245;Снеки, кукурудза-на основі, екструзійний, чипси, барбекю-смак, виготовлений із збагачений маса борошно
167537;Снеки, кукурудза-на основі, екструзійний, чипси, без добавок
168127;Снеки, кукурудза-на основі, екструзійний, чипси, несолоний
167539;Снеки, кукурудза-на основі, екструзійний, конес, без добавок
167948;Снеки, кукурудза-на основі, екструзійний, цибуля-смак
167949;Снеки, кукурудза-на основі, екструзійний, повітряні снеки або твістс, сир-смак
170244;Снеки, кукурудза-на основі, екструзійний, повітряні снеки або твістс, сир-смак, незбагачений
169672;Снеки, корннутс, барбекю-смак
169673;Снеки, кріспед рис батончик, мигдаль
167951;Снеки, кріспед рис батончик, шоколад чипс
167540;Снеки, фрукти літер, шматочки
169636;Снеки, фрукти літер, шматочки, з вітамін К
167541;Снеки, фрукти літер, булочки
174801;Снеки, батончик гранола, GENERAL MILLS NATURE VALLEY, Солодкий&SALTY Горіх, арахіс
173153;Снеки, батончик гранола, GENERAL MILLS, NATURE VALLEY, Жувальний TRAIL Суміш
174802;Снеки, батончик гранола, GENERAL MILLS, NATURE VALLEY, з йогурт покриття
174793;Снеки, батончик гранола, KASHI GOLEAN, жувальний, змішаний смаки
173144;Снеки, батончик гранола, KASHI GOLEAN, хрусткий, змішаний смаки
174794;Снеки, батончик гранола, KASHI TLC Батончик, жувальний, змішаний смаки
174797;Снеки, батончик гранола, KASHI TLC Батончик, хрусткий, змішаний смаки
173154;Снеки, батончик гранола, QUAKER, DIPPS, усі смаки
174800;Снеки, батончик гранола, QUAKER, жувальний, 90 Калорійність Батончик
173145;Снеки, батончик гранола, жувальний, зі зниженим вмістом цукру, усі смаки
168861;Снеки, батончик гранола, фрукти-з начинкою, знежирений
169863;Снеки, батончик гранола, з кокос, шоколад у покритті
174795;Снеки, гранола батончики, QUAKER Вівсяна каша До GO, усі смаки
167543;Снеки, гранола батончики, твердий, мигдаль
167952;Снеки, гранола батончики, твердий, шоколад чипс
169681;Снеки, гранола батончики, твердий, арахісова паста
167542;Снеки, гранола батончики, твердий, без добавок
173148;Снеки, гранола батончики, м’який, мигдаль, конфекшнерс покриття
167545;Снеки, гранола батончики, м’який, у покритті, молочний шоколад покриття, шоколад чипс
167547;Снеки, гранола батончики, м’який, у покритті, молочний шоколад покриття, арахісова паста
169674;Снеки, гранола батончики, м’який, ункоатед, шоколад чипс
169675;Снеки, гранола батончики, м’який, ункоатед, шоколад чипс, із борошна Ґрема і маршмелоу
167955;Снеки, гранола батончики, м’який, ункоатед, арахісова паста
167548;Снеки, гранола батончики, м’який, ункоатед, арахісова паста і шоколад чипс
167954;Снеки, гранола батончики, м’який, ункоатед, без добавок
167544;Снеки, гранола батончики, м’який, ункоатед, родзинки
173146;Снеки, гранола шматочки, змішаний смаки
167958;Снеки, східноазійський суміш, рис-на основі
173157;Снеки, горох, запечений, васабі-ароматизований
173147;Снеки, піта чипси, солоний
173142;Снеки, плантейн чипси, солоний
167959;Снеки, попкорн, ейр-поппед
170246;Снеки, попкорн, ейр-поппед (Несолоний)
167550;Снеки, попкорн, торти або кекси
167551;Снеки, попкорн, карамель-у покритті, з арахісом
167552;Снеки, попкорн, карамель-у покритті, без арахіс
167960;Снеки, попкорн, сир-смак
169861;Снеки, попкорн, домашній-приготований, олія-поппед, несолоний
173131;Снеки, попкорн, для мікрохвильової печі, 94% знежирений
174778;Снеки, попкорн, для мікрохвильової печі, з низьким вмістом жиру
174785;Снеки, попкорн, для мікрохвильової печі, звичайний (вершкове масло) смак, виготовлений із частково гідрогенізований олія
167549;Снеки, попкорн, олія-поппед, для мікрохвильової печі, звичайний смак, без транс жир
170247;Снеки, попкорн, олія-поппед, білий попкорн, сіль доданий
168851;Снеки, свинина скінс, барбекю-смак
167961;Снеки, свинина скінс, без добавок
167962;Снеки, картопля чипси, барбекю-смак
169682;Снеки, картопля чипси, сир-смак
169686;Снеки, картопля чипси, знежирений, солоний
169684;Снеки, картопля чипси, знежирений, виготовлений із олестра
174805;Снеки, картопля чипси, лайтли солоний
174804;Снеки, картопля чипси, виготовлений з сушений картопля (преформед), багатозерновий
169678;Снеки, картопля чипси, виготовлений з сушений картопля, сир-смак
168864;Снеки, картопля чипси, виготовлений з сушений картопля, знежирений, виготовлений із олестра
167553;Снеки, картопля чипси, виготовлений з сушений картопля, зі зниженим вмістом жиру
167554;Снеки, картопля чипси, виготовлений з сушений картопля, кислий-вершки і цибуля-смак
170248;Снеки, картопля чипси, без добавок, виготовлений із частково гідрогенізований соєва олія, солоний
170648;Снеки, картопля чипси, без добавок, виготовлений із частково гідрогенізований соєва олія, несолоний
169677;Снеки, картопля чипси, без добавок, солоний
170649;Снеки, картопля чипси, без добавок, несолоний
169683;Снеки, картопля чипси, зі зниженим вмістом жиру
167963;Снеки, картопля чипси, кислий-вершки-і-цибуля-смак
169046;Снеки, картопля чипси, білий, реструктуред, печений
168854;Снеки, картопля палички
167556;Снеки, прецелі, твердий, конфекшнер’с покриття, шоколад-смак
170249;Снеки, прецелі, твердий, без добавок, виготовлений із збагачений борошно, несолоний
170650;Снеки, прецелі, твердий, без добавок, виготовлений із незбагачений борошно, солоний
170651;Снеки, прецелі, твердий, без добавок, виготовлений із незбагачений борошно, несолоний
167555;Снеки, прецелі, твердий, без добавок, солоний
167965;Снеки, прецелі, твердий, цільнозерновий пшеничний інклудінг бот солоний і несолоний
167967;Снеки, рис торти або кекси, бурий рис, гречка
170251;Снеки, рис торти або кекси, бурий рис, гречка, несолоний
169679;Снеки, рис торти або кекси, бурий рис, кукурудза
169680;Снеки, рис торти або кекси, бурий рис, багатозерновий
170252;Снеки, рис торти або кекси, бурий рис, багатозерновий, несолоний
170250;Снеки, рис торти або кекси, бурий рис, без добавок, несолоний
168855;Снеки, рис торти або кекси, бурий рис, жито
167557;Снеки, рис торти або кекси, бурий рис, кунжут насіння
170652;Снеки, рис торти або кекси, бурий рис, кунжут насіння, несолоний
167966;Снеки, рис крекер бурий рис, без добавок
168856;Снеки, кунжут палички, на пшеничній основі, солоний
170653;Снеки, кунжут палички, на пшеничній основі, несолоний
173160;Снеки, креветка крекер
173140;Снеки, сой чипси або кріспс, солоний
174783;Снеки, батат чипси, несолоний
168865;Снеки, таро чипси
168137;Снеки, тортилья чипси, легкий (печений з менше олія)
168863;Снеки, тортилья чипси, з низьким вмістом жиру, виготовлений із олестра, начо сир
170254;Снеки, тортилья чипси, з низьким вмістом жиру, несолоний
167559;Снеки, тортилья чипси, начо сир
170256;Снеки, тортилья чипси, начо-смак, виготовлений із збагачений маса борошно
168858;Снеки, тортилья чипси, начо-смак, зі зниженим вмістом жиру
167558;Снеки, тортилья чипси, без добавок, білий кукурудза, солоний
167560;Снеки, тортилья чипси, ранч-смак
167970;Снеки, тортилья чипси, тако-смак
168116;Снеки, тортилья чипси, несолоний, білий кукурудза
167561;Снеки, трейл суміш, звичайний
170654;Снеки, трейл суміш, звичайний, несолоний
167969;Снеки, трейл суміш, звичайний, з шоколад чипси, солоний горіхи і насіння
170655;Снеки, трейл суміш, звичайний, з шоколад чипси, несолоний горіхи і насіння
167968;Снеки, трейл суміш, тропічний
174791;Снеки, овочевий чипси, HAIN CELESTIAL GROUP, TERRA Чипси
174796;Снеки, овочевий чипси, виготовлений з гарден овочі
173152;Снеки, иукка (маніок) чипси, солоний
173262;Сорго борошно, рефінед, незбагачений
168943;Сорго борошно, цілий-зерно
169716;Сорго зерно
174545;Суп, HEALTHY Категорія Choice Курячий суп із локшиною, консервований
172899;Суп, HEALTHY Категорія Choice Курятина і Рис Суп, консервований
172900;Суп, HEALTHY Категорія Choice Гарден Овочевий Суп, консервований
171179;Суп, SWANSON, яловичина бульйон, зі зниженим вмістом натрію
171180;Суп, SWANSON, овочевий бульйон
174533;Суп, квасоля & шинка, консервований, зі зниженим вмістом натрію, приготований з водою або готовий до подавання
171586;Суп, квасоля з бекон, згущений, сінгле торгова марка
171143;Суп, квасоля з франкфуртерс, консервований, згущений
172905;Суп, квасоля з франкфуртерс, консервований, приготований з рівним об’ємом води
171144;Суп, квасоля з шинка, консервований, із великими шматочками, готовий до подавання
171142;Суп, квасоля зі свининою, консервований, згущений
172904;Суп, квасоля зі свининою, консервований, приготований з рівним об’ємом води
171611;Суп, яловичина і гриб, зі зниженим вмістом натрію, шматок стиль
171190;Суп, яловичина і овочі, консервований, готовий до подавання
174065;Суп, яловичина і овочі, зі зниженим вмістом натрію, консервований, готовий до подавання
174073;Суп, яловичина ячмінь, готовий до подавання
171548;Суп, яловичина бульйон бульйонний концентрат і консомме, консервований, згущений
171538;Суп, яловичина бульйон або бульйонний концентрат консервований, готовий до подавання
171560;Суп, яловичина бульйон або бульйонний концентрат, порошок, сухий
172922;Суп, яловичина бульйон або бульйонний концентрат, порошок, приготований з водою
174557;Суп, яловичина бульйон, бульйонний концентрат, консомме, приготований з рівним об’ємом води
171561;Суп, яловичина бульйон, нарізаний кубиками, сухий
172923;Суп, яловичина бульйон, нарізаний кубиками, приготований з водою
172889;Суп, яловичина бульйон, менше/зі зниженим вмістом натрію, готовий до подавання
171175;Суп, яловичина гриб, консервований, згущений
171572;Суп, яловичина гриб, консервований, приготований з рівним об’ємом води
171539;Суп, яловичина локшина, консервований, згущений
172906;Суп, яловичина локшина, консервований, приготований з рівним об’ємом води
171612;Суп, яловичина строганофф, консервований, із великими шматочками стиль, готовий до подавання
171141;Суп, чорний квасоля, консервований, згущений
172903;Суп, чорний квасоля, консервований, приготований з рівним об’ємом води
171613;Суп, бульйонний концентрат кубес і гранули, зі зниженим вмістом натрію, сухий
171178;Суп, броколі сир, консервований, згущений, категорія Промисловий
171541;Суп, сир, консервований, згущений
172894;Суп, сир, консервований, приготований з рівним об’ємом молока
174550;Суп, сир, консервований, приготований з рівним об’ємом води
171546;Суп, курятина і овочевий, консервований, готовий до подавання
171563;Суп, курятина бульйон кубес, сухий
174566;Суп, курятина бульйон кубес, сухий, приготований з водою
171562;Суп, курятина бульйон або бульйонний концентрат, сухий
172924;Суп, курятина бульйон або бульйонний концентрат, сухий, приготований з водою
171542;Суп, курятина бульйон, консервований, згущений
174551;Суп, курятина бульйон, консервований, приготований з рівним об’ємом води
172888;Суп, курятина бульйон, менше/зі зниженим вмістом натрію, готовий до подавання
171609;Суп, курятина бульйон, зі зниженим вмістом натрію, консервований
174536;Суп, курятина бульйон, готовий до подавання
171585;Суп, курятина кукурудза чаудер, із великими шматочками, готовий до подавання, сінгле торгова марка
171147;Суп, курятина гумбо, консервований, згущений
172908;Суп, курятина гумбо, консервований, приготований з рівним об’ємом води
174522;Суп, курятина гриб, консервований, згущений
171573;Суп, курятина гриб, консервований, приготований з рівним об’ємом води
171543;Суп, курятина локшина, консервований, згущений
172909;Суп, курятина локшина, консервований, приготований з рівним об’ємом води
171571;Суп, курятина локшина, сухий, суміш
172925;Суп, курятина локшина, сухий, суміш, приготований з водою
171593;Суп, курятина локшина, зі зниженим вмістом натрію, консервований, приготований з рівним об’ємом води
174064;Суп, курятина локшина, зі зниженим вмістом натрію, консервований, готовий до подавання
171544;Суп, курятина рис, консервований, із великими шматочками, готовий до подавання
172892;Суп, курятина овочевий з картопля і сир, із великими шматочками, готовий до подавання
171149;Суп, курятина овочевий, консервований, згущений
171545;Суп, курятина з рисом, консервований, згущений
172910;Суп, курятина з рисом, консервований, приготований з рівним об’ємом води
171145;Суп, курятина, консервований, із великими шматочками, готовий до подавання
171150;Суп, чилі яловичина, консервований, згущений
172911;Суп, чилі яловичина, консервований, приготований з рівним об’ємом води
171162;Суп, із великими шматочками яловичина, консервований, готовий до подавання
171148;Суп, із великими шматочками курятина локшина, консервований, готовий до подавання
171559;Суп, із великими шматочками овочевий, консервований, готовий до подавання
174071;Суп, із великими шматочками овочевий, зі зниженим вмістом натрію, консервований, готовий до подавання
171151;Суп, чаудер із молюсків, манхаттан стиль, консервований, із великими шматочками, готовий до подавання
171152;Суп, чаудер із молюсків, манхаттан, консервований, згущений
174554;Суп, чаудер із молюсків, манхаттан, консервований, приготований з рівним об’ємом води
171547;Суп, чаудер із молюсків, новий Англія, консервований, згущений
174539;Суп, чаудер із молюсків, новий Англія, консервований, приготований з рівний об’єм з низьким вмістом жиру (2%) молоко
174555;Суп, чаудер із молюсків, новий Англія, консервований, приготований з рівним об’ємом води
174062;Суп, чаудер із молюсків, новий Англія, консервований, готовий до подавання
174063;Суп, чаудер із молюсків, новий Англія, зі зниженим вмістом натрію, консервований, готовий до подавання
171537;Суп, вершки з спаржа, консервований, згущений
172891;Суп, вершки з спаржа, консервований, приготований з рівним об’ємом молока
174549;Суп, вершки з спаржа, консервований, приготований з рівним об’ємом води
171540;Суп, крем-суп із селери, консервований, згущений
172893;Суп, крем-суп із селери, консервований, приготований з рівним об’ємом молока
172907;Суп, крем-суп із селери, консервований, приготований з рівним об’ємом води
171146;Суп, крем-суп із курятини, консервований, згущений
171602;Суп, крем-суп із курятини, консервований, згущений, зі зниженим вмістом натрію
174537;Суп, крем-суп із курятини, консервований, приготований з рівним об’ємом молока
174553;Суп, крем-суп із курятини, консервований, приготований з рівним об’ємом води
174567;Суп, крем-суп із курятини, сухий, суміш, приготований з водою
171155;Суп, крем-суп із грибів, консервований, згущений
172887;Суп, крем-суп із грибів, консервований, згущений, зі зниженим вмістом натрію
174540;Суп, крем-суп із грибів, консервований, приготований з рівний об’єм з низьким вмістом жиру (2%) молоко
172915;Суп, крем-суп із грибів, консервований, приготований з рівним об’ємом води
171607;Суп, крем-суп із грибів, зі зниженим вмістом натрію, готовий до подавання, консервований
171552;Суп, вершки з цибуля, консервований, згущений
174541;Суп, вершки з цибуля, консервований, приготований з рівним об’ємом молока
174559;Суп, вершки з цибуля, консервований, приготований з рівним об’ємом води
171158;Суп, вершки з картопля, консервований, згущений
172897;Суп, вершки з картопля, консервований, приготований з рівним об’ємом молока
172917;Суп, вершки з картопля, консервований, приготований з рівним об’ємом води
171159;Суп, крем-суп із креветок, консервований, згущений
172898;Суп, крем-суп із креветок, консервований, приготований з рівний об’єм з низьким вмістом жиру (2%) молоко
172918;Суп, крем-суп із креветок, консервований, приготований з рівним об’ємом води
171166;Суп, вершки з овочевий, сухий, порошок
174807;Суп, яйце дроп, Китайський ресторанний
174808;Суп, гострий і кислий, Китайський ресторанний
171549;Суп, лентіл з шинка, консервований, готовий до подавання
171550;Суп, мінестроне, консервований, із великими шматочками, готовий до подавання
171153;Суп, мінестроне, консервований, згущений
172913;Суп, мінестроне, консервований, приготований з рівним об’ємом води
174530;Суп, мінестроне, консервований, зі зниженим вмістом натрію, готовий до подавання
171154;Суп, гриб ячмінь, консервований, згущений
172914;Суп, гриб ячмінь, консервований, приготований з рівним об’ємом води
171156;Суп, гриб з яловичиною бульйон, консервований, згущений
174558;Суп, гриб з яловичиною бульйон, консервований, приготований з рівним об’ємом води
171551;Суп, цибуля, консервований, згущений
171165;Суп, цибуля, сухий, суміш
174568;Суп, цибуля, сухий, суміш, приготований з водою
171553;Суп, устриця рагу, консервований, згущений
172895;Суп, устриця рагу, консервований, приготований з рівним об’ємом молока
174560;Суп, устриця рагу, консервований, приготований з рівним об’ємом води
171554;Суп, горох, зелений, консервований, згущений
172896;Суп, горох, зелений, консервований, приготований з рівним об’ємом молока
174561;Суп, горох, зелений, консервований, приготований з рівним об’ємом води
171592;Суп, горох, зі зниженим вмістом натрію, приготований з рівним об’ємом води
171555;Суп, горох, колотий з шинка, консервований, із великими шматочками, готовий до подавання
171157;Суп, горох, колотий з шинка, консервований, згущений
172916;Суп, горох, колотий з шинка, консервований, приготований з рівним об’ємом води
171177;Суп, рамен локшина, ани смак, сухий
171614;Суп, рамен локшина, яловичина смак, сухий
171615;Суп, рамен локшина, курятина смак, сухий
171822;Суп, рамен локшина, сухий, ани смак, зі зниженим вмістом жиру, зі зниженим вмістом натрію
174532;Суп, акула фін, ресторанний-приготований
172883;Суп, бульйон, яловичина, домашній-приготований
172884;Суп, бульйон, курятина, домашній-приготований
172885;Суп, бульйон, риба, домашній-приготований
171160;Суп, помідор яловичина з локшина, консервований, згущений
172919;Суп, помідор яловичина з локшина, консервований, приготований з рівним об’ємом води
172881;Суп, помідор біскве, консервований, згущений
172902;Суп, помідор біскве, консервований, приготований з рівним об’ємом молока
171574;Суп, помідор біскве, консервований, приготований з рівним об’ємом води
171557;Суп, помідор рис, консервований, згущений
172920;Суп, помідор рис, консервований, приготований з рівним об’ємом води
172882;Суп, помідор, консервований, згущений
171587;Суп, помідор, консервований, згущений, зі зниженим вмістом натрію
174546;Суп, помідор, консервований, приготований з рівний об’єм з низьким вмістом жиру (2%) молоко
171176;Суп, помідор, консервований, приготований з рівним об’ємом води, категорія Промисловий
174569;Суп, помідор, сухий, суміш, приготований з водою
171591;Суп, помідор, зі зниженим вмістом натрію, з вода
174562;Суп, індичатина локшина, консервований, приготований з рівним об’ємом води
174563;Суп, індичатина овочевий, консервований, приготований з рівним об’ємом води
171558;Суп, індичатина, із великими шматочками, консервований, готовий до подавання
171163;Суп, овочевий яловичина, консервований, згущений
174565;Суп, овочевий яловичина, консервований, приготований з рівним об’ємом води
171189;Суп, овочевий яловичина, мікроуавабле, готовий до подавання, сінгле торгова марка
171583;Суп, овочевий бульйон, готовий до подавання
171596;Суп, овочевий курятина, консервований, приготований з водою, зі зниженим вмістом натрію
171594;Суп, овочевий суп, згущений, зі зниженим вмістом натрію, приготований з рівним об’ємом води
171164;Суп, овочевий з яловичиною бульйон, консервований, згущений
172921;Суп, овочевий з яловичиною бульйон, консервований, приготований з рівним об’ємом води
174538;Суп, овочевий, консервований, зі зниженим вмістом натрію, згущений
171161;Суп, вегетаріанський овочевий, консервований, згущений
174564;Суп, вегетаріанський овочевий, консервований, приготований з рівним об’ємом води
171821;Суп, вонтон, Китайський ресторанний
173444;Сметана, знежирений
170869;Сметана, імітація, културед
173443;Сметана, легкий
173442;Сметана, зі зниженим вмістом жиру
171259;Кислий заправка, без-буттерфат, културед, з начинкою вершки-тип
167761;Гуанабана, у сирому вигляді
174275;Соєве борошно, знежирений
174273;Соєве борошно, повний-жир, у сирому вигляді
174274;Соєве борошно, повний-жир, запечений
172444;Соєве борошно, з низьким вмістом жиру
172445;Сой страва або борошно грубого помелу, знежирений, у сирому вигляді
174301;Соєвий білок концентрат, продукед за кислота ваш
172447;Соєвий білок концентрат, продукед за алкохол екстракшн
174276;Соєвий білок ісолате
174302;Соєвий білок ісолате, потассіум тип
174279;Соєвий соус виготовлений з хидролизед овочевий білок
174278;Соєвий соус виготовлений з сой (тамарі)
174277;Соєвий соус виготовлений з сой і пшениця (шойу)
172473;Соєвий соус виготовлений з сой і пшениця (шойу), зі зниженим вмістом натрію
172474;Соєвий соус, зі зниженим вмістом натрію, виготовлений з хидролизед овочевий білок
169083;Соєвий біб, курд сир
170530;Соєві боби, зелений, після приготування, відварений, відціджений, із сіллю
169283;Соєві боби, зелений, після приготування, відварений, відціджений, без солі
169282;Соєві боби, зелений, у сирому вигляді
174271;Соєві боби, зрілий після приготування, відварений, без солі
174299;Соєві боби, зріле насіння, після приготування, відварений, із сіллю
172441;Соєві боби, зріле насіння, обсмажений без олії
174270;Соєві боби, зріле насіння, у сирому вигляді
174300;Соєві боби, зріле насіння, запечений, без додавання солі
172440;Соєві боби, зріле насіння, запечений, солоний
168460;Соєві боби, зріле насіння, пророщений, після приготування, приготований на парі
169369;Соєві боби, зріле насіння, пророщений, після приготування, приготований на парі, із сіллю
168461;Соєві боби, зріле насіння, пророщений, після приготування, швидко обсмажений
169370;Соєві боби, зріле насіння, пророщений, після приготування, швидко обсмажений, із сіллю
169284;Соєві боби, зріле насіння, пророщений, у сирому вигляді
173765;Соєве молоко (Усі смаки), енханкед
173769;Соєве молоко (Усі смаки), з низьким вмістом жиру, з доданим кальцієм, вітаміни A і Д
175216;Соєве молоко (усі смаки), знежирений, з доданим кальцієм, вітаміни A і Д
175215;Соєве молоко (усі смаки), без підсолоджувачів, з доданим кальцієм, вітаміни A і Д
173767;Соєве молоко, шоколад і інші смаки, легкий, з доданим кальцієм, вітаміни A і Д
175217;Соєве молоко, шоколад, знежирений, з доданим кальцієм, вітаміни A і Д
174293;Соєве молоко, шоколад, унфортіфід
174295;Соєве молоко, шоколад, з доданим кальцієм, вітаміни A і Д
173768;Соєве молоко, оригінальний і ванільний, легкий, без підсолоджувачів, з доданим кальцієм, вітаміни A і Д
173766;Соєве молоко, оригінальний і ванільний, легкий, з доданим кальцієм, вітаміни A і Д
172446;Соєве молоко, оригінальний і ванільний, унфортіфід
172456;Соєве молоко, оригінальний і ванільний, з доданим кальцієм, вітаміни A і Д
172089;Спагеті з м’ясом соус, заморожений основна готова страва
168934;Спагеті, білок-збагачений, після приготування, збагачений (н кс 6.25)
168937;Спагеті, білок-збагачений, сухий, збагачений (н кс 6.25)
168912;Спагеті, шпинат, після приготування
168911;Спагеті, шпинат, сухий
172099;Спагеті, з мітбаллс у томатний соус, консервований
169777;Іспанський рис суміш, суха суміш, приготований (з ріпак/рослинна олія суміш або нарізаний кубиками помідори і маргарин)
168959;Іспанський рис суміш, суха суміш, не приготовлена
172239;Спірмінт, сушений
173475;Спірмінт, свіжий
169746;Спелт, після приготування
169745;Спелт, не приготовлений
171315;Спеції, духмяний перець, мелений
171316;Спеції, насіння анісу
171317;Спеції, базилік, сушений
170917;Спеції, лавровий лист
170918;Спеції, насіння кмину
170919;Спеції, кардамон
170920;Спеції, насіння селери
171318;Спеції, червіл, сушений
171319;Спеції, порошок чилі
171320;Спеції, кориця, мелений
171321;Спеції, гвоздика, мелений
170921;Спеції, коріандер лист, сушений
170922;Спеції, насіння коріандру
170923;Спеції, насіння зіри
170924;Спеції, порошок карі
170925;Спеції, насіння кропу
171322;Спеції, зелень кропу, сушений
171323;Спеції, насіння фенхелю
171324;Спеції, насіння пажитнику
171325;Спеції, часниковий порошок
170926;Спеції, імбир, мелений
170927;Спеції, мацис, мелений
170928;Спеції, майоран, сушений
170929;Спеції, насіння гірчиці, мелений
171326;Спеції, мускатний горіх, мелений
171327;Спеції, цибулевий порошок
171328;Спеції, орегано, сушений
171329;Спеції, паприка
170930;Спеції, петрушка, сушений
170931;Спеції, чорний перець
170932;Спеції, перець, червоний або кейенне
170933;Спеції, перець, білий
171330;Спеції, насіння маку
171331;Спеції, приправа для птиці
171332;Спеції, гарбуз пиріг спеція
171333;Спеції, розмарин, сушений
170934;Спеції, саффрон
170935;Спеції, шавлія, мелений
170936;Спеції, чабер, мелений
170937;Спеції, естрагон, сушений
170938;Спеції, чебрець, сушений
172231;Спеції, куркума, мелений
170494;Шпинат сауффле
170123;Шпинат, консервований, без додавання солі, тверда частина та рідина
169286;Шпинат, консервований, стандартне консервування, відціджена тверда частина
169285;Шпинат, консервований, стандартне консервування, тверда частина та рідина
170531;Шпинат, після приготування, відварений, відціджений, із сіллю
168463;Шпинат, після приготування, відварений, відціджений, без солі
170124;Шпинат, заморожений, подрібнений або лист, після приготування, відварений, відціджений, із сіллю
169288;Шпинат, заморожений, подрібнений або лист, після приготування, відварений, відціджений, без солі
169287;Шпинат, заморожений, подрібнений або лист, не приготовлений (Включає харчові продукти для USDA'с Харчовий продукт Розподіл Програма)
168462;Шпинат, у сирому вигляді
174534;Колотий горох суп, консервований, зі зниженим вмістом натрію, приготований з водою або готовий-до подавання
174535;Колотий горох з шинка суп, консервований, зі зниженим вмістом натрію, приготований з водою або готовий до подавання
171080;Молодий голуб, (пігеон), світле м’ясо без шкірки, у сирому вигляді
174475;Молодий голуб, (пігеон), м’ясо зі шкірою, у сирому вигляді
171079;Молодий голуб, (пігеон), лише м’ясо, у сирому вигляді
170125;Гарбузові, літній, усі різновиди, після приготування, відварений, відціджений, із сіллю
170488;Гарбузові, літній, усі різновиди, після приготування, відварений, відціджений, без солі
170487;Гарбузові, літній, усі різновиди, у сирому вигляді
168466;Гарбузові, літній, крукнек і стрейгхтнек, консервований, відціджений, солід, без солі
170126;Гарбузові, літній, крукнек і стрейгхтнек, після приготування, відварений, відціджений, із сіллю
168465;Гарбузові, літній, крукнек і стрейгхтнек, після приготування, відварений, відціджений, без солі
170532;Гарбузові, літній, крукнек і стрейгхтнек, заморожений, після приготування, відварений, відціджений, із сіллю
168468;Гарбузові, літній, крукнек і стрейгхтнек, заморожений, після приготування, відварений, відціджений, без солі
168467;Гарбузові, літній, крукнек і стрейгхтнек, заморожений, не приготовлений
168464;Гарбузові, літній, крукнек і стрейгхтнек, у сирому вигляді
170533;Гарбузові, літній, морський гребінець, після приготування, відварений, відціджений, із сіллю
169290;Гарбузові, літній, морський гребінець, після приготування, відварений, відціджений, без солі
169289;Гарбузові, літній, морський гребінець, у сирому вигляді
170534;Гарбузові, літній, цукіні, разом зі шкірою, після приготування, відварений, відціджений, із сіллю
169292;Гарбузові, літній, цукіні, разом зі шкірою, після приготування, відварений, відціджений, без солі
170535;Гарбузові, літній, цукіні, разом зі шкірою, заморожений, після приготування, відварений, відціджений, із сіллю
168470;Гарбузові, літній, цукіні, разом зі шкірою, заморожений, після приготування, відварений, відціджений, без солі
168469;Гарбузові, літній, цукіні, разом зі шкірою, заморожений, не приготовлений
169291;Гарбузові, літній, цукіні, разом зі шкірою, у сирому вигляді
168471;Гарбузові, літній, цукіні, італійський стиль, консервований
170128;Гарбузові, зимовий, жолудь, після приготування, печений, із сіллю
169293;Гарбузові, зимовий, жолудь, після приготування, печений, без солі
170129;Гарбузові, зимовий, жолудь, після приготування, відварений, пюреподібний, із сіллю
169294;Гарбузові, зимовий, жолудь, після приготування, відварений, пюреподібний, без солі
168472;Гарбузові, зимовий, жолудь, у сирому вигляді
170127;Гарбузові, зимовий, усі різновиди, після приготування, печений, із сіллю
170490;Гарбузові, зимовий, усі різновиди, після приготування, печений, без солі
170489;Гарбузові, зимовий, усі різновиди, у сирому вигляді
170130;Гарбузові, зимовий, мускатний гарбуз, після приготування, печений, із сіллю
169296;Гарбузові, зимовий, мускатний гарбуз, після приготування, печений, без солі
170536;Гарбузові, зимовий, мускатний гарбуз, заморожений, після приготування, відварений, із сіллю
168474;Гарбузові, зимовий, мускатний гарбуз, заморожений, після приготування, відварений, без солі
168473;Гарбузові, зимовий, мускатний гарбуз, заморожений, не приготовлений
169295;Гарбузові, зимовий, мускатний гарбуз, у сирому вигляді
170537;Гарбузові, зимовий, хуббард, печений, із сіллю
168476;Гарбузові, зимовий, хуббард, печений, без солі
170538;Гарбузові, зимовий, хуббард, після приготування, відварений, пюреподібний, із сіллю
169297;Гарбузові, зимовий, хуббард, після приготування, відварений, пюреподібний, без солі
168475;Гарбузові, зимовий, хуббард, у сирому вигляді
169072;Підсолоджувачі, таблетоп, сахарин (натрій сахарин)
170539;Гарбузові, зимовий, спагеті, після приготування, відварений, відціджений, або печений, із сіллю
169299;Гарбузові, зимовий, спагеті, після приготування, відварений, відціджений, або печений, без солі
169298;Гарбузові, зимовий, спагеті, у сирому вигляді
168565;Гарбузові, цукіні, молодий або малий, у сирому вигляді
168172;Полуниця, консервований, у густому сиропі, тверда частина та рідина
168174;Полуниця, заморожений, підсолоджений, нарізаний скибками
168173;Полуниця, заморожений, без підсолоджувачів (Включає харчові продукти для USDA'с Харчовий продукт Розподіл Програма)
167762;Полуниця, у сирому вигляді
174869;Полуниця-смак напій суміш, порошок
175032;Струдел, яблуко
168478;Сукоташ, (кукурудза і лімська квасоля), консервований, з вершки стиль кукурудза
168479;Сукоташ, (кукурудза і лімська квасоля), консервований, з цілий зерно кукурудза, тверда частина та рідина
170540;Сукоташ, (кукурудза і лімська квасоля), після приготування, відварений, відціджений, із сіллю
168477;Сукоташ, (кукурудза і лімська квасоля), після приготування, відварений, відціджений, без солі
170131;Сукоташ, (кукурудза і лімська квасоля), заморожений, після приготування, відварений, відціджений, із сіллю
168481;Сукоташ, (кукурудза і лімська квасоля), заморожений, після приготування, відварений, відціджений, без солі
168480;Сукоташ, (кукурудза і лімська квасоля), заморожений, не приготовлений
169300;Сукоташ, (кукурудза і лімська квасоля), у сирому вигляді
170674;Цукор, турбінадо
168175;Цукор-яблука, (світсоп), у сирому вигляді
168833;Цукри, коричневий
169655;Цукри, гранульований
169658;Цукри, кленовий
169656;Цукри, порошкоподібний
168016;Батат повітряні снеки, заморожений, не приготовлений
168015;Батат, смажений у фритюрі, кросскут, заморожений, не приготовлений
167606;Батат, смажений у фритюрі, заморожений як фасований, сіль доданий у оброблення
170133;Листя батату, після приготування, приготований на парі, із сіллю
169304;Листя батату, після приготування, приготований на парі, без солі
169303;Листя батату, у сирому вигляді
169305;Батат, консервований, пюреподібний
170084;Батат, консервований, сироп пакування, відціджена тверда частина
170083;Батат, консервований, сироп пакування, тверда частина та рідина
168485;Батат, консервований, у вакуумному пакуванні
170134;Батат, після приготування, печений у шкіра, м’якоть, із сіллю
168483;Батат, після приготування, печений у шкіра, м’якоть, без солі
168484;Батат, після приготування, відварений, без шкірки
170541;Батат, після приготування, відварений, без шкірки, із сіллю
170088;Батат, після приготування, кандід, домашній-приготований
170542;Батат, заморожений, після приготування, печений, із сіллю
169307;Батат, заморожений, після приготування, печений, без солі
169306;Батат, заморожений, не приготовлений (Включає харчові продукти для USDA'с Харчовий продукт Розподіл Програма)
168482;Батат, у сирому вигляді, не приготовлений (Включає харчові продукти для USDA'с Харчовий продукт Розподіл Програма)
175033;Солодкі булочки, сир
175034;Солодкі булочки, кориця, промислового приготування з родзинками
172798;Солодкі булочки, кориця, охолоджене тісто з глазур’ю
172799;Солодкі булочки, кориця, охолоджене тісто з глазур’ю, печений
170679;Підсолоджувач, хербал екстракт порошок з Стевіа лист
170277;Підсолоджувач, сироп, агаве
170672;Підсолоджувачі, для для випічки, коричневий, містить цукор і сукралосе
170673;Підсолоджувачі, для для випічки, містить цукор і сукралосе
170675;Підсолоджувачі, цукор замінник, гранульований, коричневий
169657;Підсолоджувачі, таблетоп, аспартам, Рівний, пакетс
169896;Підсолоджувачі, таблетоп, фруктосе, сухий, порошок
168142;Підсолоджувачі, таблетоп, фруктосе, рідкий
170257;Підсолоджувачі, таблетоп, сукралосе, SPLENDA пакетс
174601;Свіссвурст, свинина і яловичина, з швейцарський сир сир, копчений
167743;Сироп, Кане
170681;Сироп, NESTLE, шоколад
167957;Сироп, із фруктовим смаком
170276;Сироп, кленовий, Канадіан
168834;Сиропи, шоколад, HERSHEY'S Генуіне Із шоколадним смаком Легкий Сироп
170677;Сиропи, шоколад, HERSHEY'S Без цукру, Генуіне Із шоколадним смаком, Легкий Сироп
168835;Сиропи, шоколад, фадж-тип
168836;Сиропи, кукурудза, темний
169659;Сиропи, кукурудза, високий-фруктосе
168837;Сиропи, кукурудза, легкий
168088;Сиропи, гренадіне
169660;Сиропи, малт
169661;Сиропи, кленовий
169662;Сиропи, сорго
169878;Сиропи, без цукру
168839;Сиропи, столове блендс, кукурудза, рефінер, і цукор
169578;Сиропи, столове блендс, панкаке
169577;Сиропи, столове блендс, панкаке, знижений-калорійність
168838;Сиропи, столове блендс, панкаке, з 2% кленовий
170646;Сиропи, столове блендс, панкаке, з 2% кленовий, з доданий потассіум
167584;Сиропи, столове блендс, панкаке, з вершкове масло
172800;Тако шеллс, печений
175067;Тако шеллс, печений, без додавання солі
167786;Тамарінд нектар, консервований
167763;Тамаріндс, у сирому вигляді
169925;Мандарин сік, у сирому вигляді
169106;Мандарини, (мандарин апельсини), консервований, у фруктовому соку
168184;Мандарини, (мандарин апельсини), консервований, у фруктовому соку, відціджений
169924;Мандарини, (мандарин апельсини), консервований, у легкому сиропі
169105;Мандарини, (мандарин апельсини), у сирому вигляді
169717;Тапіока, пірл, сухий
169772;Таквітос, заморожений, яловичина і сир, духовка-підігрітий
169771;Таквітос, заморожений, курятина і сир, духовка-підігрітий
168488;Таро листя, після приготування, приготований на парі, без солі
168487;Таро листя, у сирому вигляді
169309;Таро шутс, після приготування, без солі
168489;Таро шутс, у сирому вигляді
170543;Таро, після приготування, із сіллю
168486;Таро, після приготування, без солі
170544;Таро, листя, після приготування, приготований на парі, із сіллю
169308;Таро, у сирому вигляді
170135;Таро, шутс, після приготування, із сіллю
170136;Таро, таїтянський, після приготування, із сіллю
170455;Таро, таїтянський, після приготування, без солі
169310;Таро, таїтянський, у сирому вигляді
175069;Тарт, сніданок, з низьким вмістом жиру
168918;Теф, після приготування
169747;Теф, не приготовлений
174272;Темпе
172467;Темпе, після приготування
172940;Турінгер, кервелат, літній ковбаса, яловичина, свинина
173470;Чебрець, свіжий
167927;Випічка для тостера, фрукти, у глазурі (включає яблука, чорниця або лохина, вишня або черешня, полуниця)
172801;Випічка для тостера, коричневий-цукор-кориця
175035;Випічка для тостера, фрукти (включає яблуко, чорниця або лохина, вишня або черешня, полуниця)
167928;Випічка для тостера, фрукти, підсмажений (включає яблуко, чорниця або лохина, вишня або черешня, полуниця)
172294;Для дітей раннього віку напій, MEAD JOHNSON, Пураміно Для дітей раннього віку Порошок, з ARA і DHA, нерозведений
170993;Суміш для дітей раннього віку, MEAD JOHNSON, ENFAGROW Преміальний (формерли ENFAMIL, LIPIL, NEXT STEP), готовий до годування
170992;Суміш для дітей раннього віку, MEAD JOHNSON, ENFAGROW, Для дітей раннього віку Трансішнс, з ARA і DHA, порошок
173526;Суміш для дітей раннього віку, MEAD JOHNSON, Нутраміген Для дітей раннього віку з LGG Порошок, з ARA і DHA, нерозведений
167722;Тофу йогурт
172450;Тофу, сушений-заморожений (койадофу)
174303;Тофу, сушений-заморожений (койадофу), приготований з кальцій сульфат
174290;Тофу, додатковий щільний, приготований з нігарі
172448;Тофу, щільний, приготований з кальцій сульфат і магнесіум члоріде (нігарі)
172451;Тофу, смажений
174304;Тофу, смажений, приготований з кальцій сульфат
174291;Тофу, твердий, приготований з нігарі
172475;Тофу, у сирому вигляді, щільний, приготований з кальцій сульфат
172476;Тофу, у сирому вигляді, звичайний, приготований з кальцій сульфат
174280;Тофу, солоний і ферментований (фуиу)
174305;Тофу, солоний і ферментований (фуиу), приготований з кальцій сульфат
172449;Тофу, м’який, приготований з кальцій сульфат і магнесіум члоріде (нігарі)
168566;Томатіллос, у сирому вигляді
167708;Помідор і овочевий сік, зі зниженим вмістом натрію
170458;Помідор сік, консервований, з додаванням солі
170545;Помідор сік, консервований, без солі доданий
170461;Помідор порошок
170459;Томатні продукти, консервований, паста, без солі доданий (Включає харчові продукти для USDA'с Харчовий продукт Розподіл Програма)
170546;Томатні продукти, консервований, пюре, з додаванням солі
170460;Томатні продукти, консервований, пюре, без солі доданий
170054;Томатні продукти, консервований, соус
170085;Томатні продукти, консервований, соус, іспанський стиль
170057;Томатні продукти, консервований, соус, з хербс і сир
170055;Томатні продукти, консервований, соус, з грибами
170056;Томатні продукти, консервований, соус, з цибулею
170462;Томатні продукти, консервований, соус, з цибулею, зелений перець, і селера
170463;Томатні продукти, консервований, соус, з помідор тідбітс
169074;Томатний соус, консервований, без додавання солі
170501;Помідори, подрібнений, консервований
170456;Помідори, зелений, у сирому вигляді
170502;Помідори, помаранчевий, у сирому вигляді
170051;Помідори, червоний, стиглий, консервований, пакед у помідор сік
170138;Помідори, червоний, стиглий, консервований, пакед у помідор сік, без додавання солі
170052;Помідори, червоний, стиглий, консервований, тушкований
170053;Помідори, червоний, стиглий, консервований, з зелений чіліс
170050;Помідори, червоний, стиглий, після приготування
170089;Помідори, червоний, стиглий, після приготування, тушкований
170137;Помідори, червоний, стиглий, після приготування, із сіллю
170457;Помідори, червоний, стиглий, у сирому вигляді, иір тазостегнова частина авераге
168567;Помідори, сун-сушений
169384;Помідори, сун-сушений, в олії, відціджений
170096;Помідори, жовтий, у сирому вигляді
167956;Топінг, SMUCKER'S MAGIC SHELL
168841;Топінги, буттерскоч або карамель
169664;Топінги, маршмелоу вершки
169666;Топінги, горіхи у сироп
169665;Топінги, ананас
168758;Топінги, полуниця
172094;Тортелліні, макаронні вироби із сиром начинка, свіжий-охолоджений, у придбаному вигляді
168859;Тортилья чипси, з низьким вмістом жиру, печений без жир
173143;Тортилья чипси, жовтий, без добавок, солоний
175036;Тортильї, готовий-до-випікання або -смаження, кукурудза
173241;Тортильї, готовий-до-випікання або -смаження, кукурудза, без додавання солі
175037;Тортильї, готовий-до-випікання або -смаження, борошно, охолоджений
167535;Тортильї, готовий-до-випікання або -смаження, борошно, шелф стабле
173242;Тортильї, готовий-до-випікання або -смаження, борошно, без доданий кальцій
174081;Тортильї, готовий-до-випікання або -смаження, цільнозерновий пшеничний
167525;Тостада шеллс, кукурудза
168553;Трі ферн, після приготування, із сіллю
170464;Трі ферн, після приготування, без солі
169718;Трітікале
168888;Трітікале борошно, цілий-зерно
172092;Індичатина Для тушкування Пиріг, заморожений основна готова страва
171500;Індичатина і підлива, заморожений
174572;Індичатина грудка, низький сіль, препакагед або делі, м’ясні консерви для бутербродів
171501;Індичатина грудка, пре-бастед, м’ясо зі шкірою, після приготування, запечений
172941;Індичатина грудка, нарізаний скибками, препакагед
174512;Індичатина з цілий, світле м’ясо, м’ясо зі шкірою, з доданим розчином, після приготування, запечений
174511;Індичатина з цілий, світле м’ясо, м’ясо зі шкірою, з доданим розчином, у сирому вигляді
172865;Індичатина з цілий, світле м’ясо, лише м’ясо, з доданим розчином, після приготування, запечений
172864;Індичатина з цілий, світле м’ясо, лише м’ясо, з доданим розчином, у сирому вигляді
171503;Індичатина ростбіф або запечений відруб, без кістки, заморожений, приправлений, легкий і темне м’ясо, у сирому вигляді
171103;Індичатина палички, у паніровці, у клярі, смажений
171502;Індичатина стегно, пре-бастед, м’ясо зі шкірою, після приготування, запечений
171506;Індичатина, Мелений, після приготування
171505;Індичатина, Мелений, у сирому вигляді
171092;Індичатина, усі класи, спинка, м’ясо зі шкірою, після приготування, запечений
171492;Індичатина, усі класи, грудка, м’ясо зі шкірою, після приготування, запечений
171093;Індичатина, усі класи, грудка, м’ясо зі шкірою, у сирому вигляді
171483;Індичатина, усі класи, м’язовий шлунок, після приготування, томлений
171485;Індичатина, усі класи, серце, після приготування, томлений
171484;Індичатина, усі класи, серце, у сирому вигляді
171494;Індичатина, усі класи, ніжка, м’ясо зі шкірою, після приготування, запечений
171493;Індичатина, усі класи, ніжка, м’ясо зі шкірою, у сирому вигляді
171491;Індичатина, усі класи, світле м’ясо, після приготування, запечений
171487;Індичатина, усі класи, печінка, після приготування, томлений
171486;Індичатина, усі класи, печінка, у сирому вигляді
171094;Індичатина, усі класи, крило, м’ясо зі шкірою, після приготування, запечений
171495;Індичатина, усі класи, крило, м’ясо зі шкірою, у сирому вигляді
171138;Індичатина, спинка, з ціла тушка, м’ясо зі шкірою, з доданим розчином, у сирому вигляді
171139;Індичатина, спинка, з ціла тушка, м’ясо зі шкірою, з доданим розчином, запечений
174520;Індичатина, спинка, з ціла тушка, лише м’ясо, з доданим розчином, у сирому вигляді
174521;Індичатина, спинка, з ціла тушка, лише м’ясо, з доданим розчином, запечений
172876;Індичатина, грудка, з ціла тушка, лише м’ясо, з доданим розчином, у сирому вигляді
174519;Індичатина, грудка, з ціла тушка, лише м’ясо, з доданим розчином, запечений
174612;Індичатина, грудка, копчений, лимон перець смак, 97% знежирений
171101;Індичатина, консервований, лише м’ясо, з бульйоном
174510;Індичатина, темне м’ясо з цілий, м’ясо зі шкірою, з доданим розчином, після приготування, запечений
174509;Індичатина, темне м’ясо з цілий, м’ясо зі шкірою, з доданим розчином, у сирому вигляді
174507;Індичатина, темне м’ясо з цілий, лише м’ясо, з доданим розчином, у сирому вигляді
171488;Індичатина, темне м’ясо, м’ясо зі шкірою, у сирому вигляді
174508;Індичатина, темне м’ясо, лише м’ясо, з доданим розчином, після приготування, запечений
171102;Індичатина, нарізаний кубиками, легкий і темне м’ясо, приправлений
171136;Індичатина, гомілка, з ціла тушка, лише м’ясо, у сирому вигляді
171530;Індичатина, гомілка, з ціла тушка, лише м’ясо, запечений
171525;Індичатина, гомілка, з ціла тушка, лише м’ясо, з доданим розчином, у сирому вигляді
171128;Індичатина, гомілка, з ціла тушка, лише м’ясо, з доданим розчином, запечений
167710;Індичатина, гомілка, копчений, після приготування, зі шкіркою, кістка ремовед
171095;Індичатина, фриер-роастерс, м’ясо зі шкірою, після приготування, запечений
171085;Індичатина, м’язовий шлунок, усі класи, у сирому вигляді
174494;Індичатина, мелений, 85% пісний, 15% жир, підсмажений на сухій пательні крихта
174495;Індичатина, мелений, 85% пісний, 15% жир, котлети, підсмажений під грилем
174493;Індичатина, мелений, 85% пісний, 15% жир, у сирому вигляді
172851;Індичатина, мелений, 93% пісний, 7% жир, підсмажений на сухій пательні крихта
174492;Індичатина, мелений, 93% пісний, 7% жир, котлети, підсмажений під грилем
172850;Індичатина, мелений, 93% пісний, 7% жир, у сирому вигляді
172848;Індичатина, мелений, знежирений, підсмажений на сухій пательні крихта
172849;Індичатина, мелений, знежирений, котлети, підсмажений під грилем
172847;Індичатина, мелений, знежирений, у сирому вигляді
167713;Індичатина, легкий або темне м’ясо, копчений, після приготування, шкіра і кістка ремовед
168120;Індичатина, легкий або темне м’ясо, копчений, після приготування, зі шкіркою, кістка ремовед
171504;Індичатина, механічно обвалений, з індичатина фрамес, у сирому вигляді
171529;Індичатина, роздрібні частини туші, грудка, м’ясо зі шкірою, після приготування, запечений
171528;Індичатина, роздрібні частини туші, грудка, м’ясо зі шкірою, у сирому вигляді
171130;Індичатина, роздрібні частини туші, грудка, м’ясо зі шкірою, з доданим розчином, у сирому вигляді
174516;Індичатина, роздрібні частини туші, грудка, лише м’ясо, після приготування, запечений
174515;Індичатина, роздрібні частини туші, грудка, лише м’ясо, у сирому вигляді
174514;Індичатина, роздрібні частини туші, грудка, лише м’ясо, з доданим розчином, після приготування, запечений
174513;Індичатина, роздрібні частини туші, грудка, лише м’ясо, з доданим розчином, у сирому вигляді
171135;Індичатина, роздрібні частини туші, гомілка, м’ясо зі шкірою, після приготування, запечений
171134;Індичатина, роздрібні частини туші, гомілка, м’ясо зі шкірою, у сирому вигляді
172878;Індичатина, роздрібні частини туші, гомілка, лише м’ясо, після приготування, запечений
172875;Індичатина, роздрібні частини туші, гомілка, лише м’ясо, у сирому вигляді
171137;Індичатина, роздрібні частини туші, стегно, м’ясо зі шкірою, після приготування, запечений
171533;Індичатина, роздрібні частини туші, стегно, м’ясо зі шкірою, у сирому вигляді
172877;Індичатина, роздрібні частини туші, стегно, лише м’ясо, після приготування, запечений
174518;Індичатина, роздрібні частини туші, стегно, лише м’ясо, у сирому вигляді
171133;Індичатина, роздрібні частини туші, крило, м’ясо зі шкірою, після приготування, запечений
171132;Індичатина, роздрібні частини туші, крило, м’ясо зі шкірою, у сирому вигляді
172872;Індичатина, роздрібні частини туші, крило, лише м’ясо, після приготування, запечений
174517;Індичатина, роздрібні частини туші, крило, лише м’ясо, у сирому вигляді
172866;Індичатина, шкіра з цілий (легкий і темний), з доданим розчином, у сирому вигляді
172867;Індичатина, шкіра з цілий, (легкий і темний), з доданим розчином, запечений
172874;Індичатина, шкіра, з роздрібні частини туші, з темне м’ясо, після приготування, запечений
172873;Індичатина, шкіра, з роздрібні частини туші, з темне м’ясо, у сирому вигляді
173338;Індичатина, начинка, пюреподібний картопля в/підлива, ассортед овочі, заморожений, приготований у мікрохвильовій печі
171531;Індичатина, стегно, з ціла тушка, лише м’ясо, у сирому вигляді
171532;Індичатина, стегно, з ціла тушка, лише м’ясо, запечений
171129;Індичатина, стегно, з ціла тушка, лише м’ясо, з доданим розчином, у сирому вигляді
171131;Індичатина, стегно, з ціла тушка, лише м’ясо, з доданим розчином, запечений
174613;Індичатина, білий, приготований на рожні, делі відруб
171097;Індичатина, цілий, спинка, лише м’ясо, після приготування, запечений
171096;Індичатина, цілий, спинка, лише м’ясо, у сирому вигляді
171496;Індичатина, цілий, грудка, лише м’ясо, після приготування, запечений
171098;Індичатина, цілий, грудка, лише м’ясо, у сирому вигляді
171091;Індичатина, цілий, темне м’ясо, після приготування, запечений
171489;Індичатина, цілий, темне м’ясо, м’ясо зі шкірою, після приготування, запечений
171090;Індичатина, цілий, темне м’ясо, лише м’ясо, у сирому вигляді
171084;Індичатина, цілий, потрухи, після приготування, томлений
171083;Індичатина, цілий, потрухи, у сирому вигляді
171089;Індичатина, цілий, світле м’ясо, м’ясо зі шкірою, після приготування, запечений
171088;Індичатина, цілий, світле м’ясо, м’ясо зі шкірою, у сирому вигляді
171490;Індичатина, цілий, світле м’ясо, у сирому вигляді
171479;Індичатина, цілий, м’ясо зі шкірою, після приготування, запечений
171081;Індичатина, цілий, м’ясо зі шкірою, у сирому вигляді
172870;Індичатина, цілий, м’ясо зі шкірою, з доданим розчином, у сирому вигляді
172871;Індичатина, цілий, м’ясо зі шкірою, з доданим розчином, запечений
171481;Індичатина, цілий, лише м’ясо, після приготування, запечений
171480;Індичатина, цілий, лише м’ясо, у сирому вигляді
172868;Індичатина, цілий, лише м’ясо, з доданим розчином, у сирому вигляді
172869;Індичатина, цілий, лише м’ясо, з доданим розчином, запечений
171087;Індичатина, цілий, шия, лише м’ясо, після приготування, томлений
171086;Індичатина, цілий, шия, лише м’ясо, у сирому вигляді
171482;Індичатина, цілий, шкіра (легкий і темний), у сирому вигляді
171082;Індичатина, цілий, шкіра (легкий і темний), запечений
171498;Індичатина, цілий, крило, лише м’ясо, після приготування, запечений
171497;Індичатина, цілий, крило, лише м’ясо, у сирому вигляді
171526;Індичатина, крило, з ціла тушка, лише м’ясо, з доданим розчином, у сирому вигляді
171527;Індичатина, крило, з ціла тушка, лише м’ясо, з доданим розчином, запечений
167709;Індичатина, крило, копчений, після приготування, зі шкіркою, кістка ремовед
171499;Індичатина, молода курка, лише шкіра, після приготування, запечений
170141;Листя ріпи та ріпа, заморожений, після приготування, відварений, відціджений, із сіллю
170062;Листя ріпи та ріпа, заморожений, після приготування, відварений, відціджений, без солі
170470;Листя ріпи та ріпа, заморожений, не приготовлений
168119;Листя ріпи, консервований, без додавання солі
170467;Листя ріпи, консервований, тверда частина та рідина
170139;Листя ріпи, після приготування, відварений, відціджений, із сіллю
170466;Листя ріпи, після приготування, відварений, відціджений, без солі
170140;Листя ріпи, заморожений, після приготування, відварений, відціджений, із сіллю
170469;Листя ріпи, заморожений, після приготування, відварений, відціджений, без солі
170468;Листя ріпи, заморожений, не приготовлений
170061;Листя ріпи, у сирому вигляді
170547;Ріпа, після приготування, відварений, відціджений, із сіллю
170058;Ріпа, після приготування, відварений, відціджений, без солі
170548;Ріпа, заморожений, після приготування, відварений, відціджений, із сіллю
170060;Ріпа, заморожений, після приготування, відварений, відціджений, без солі
170059;Ріпа, заморожений, не приготовлений
170465;Ріпа, у сирому вигляді
169775;Листковий пиріжок, сир-з начинкою, помідор-на основі соус, заморожений, не приготовлений
169780;Листковий пиріжок, курятина- або індичатина-, і овочевий-з начинкою, зі зниженим вмістом жиру, заморожений
168963;Листковий пиріжок, з начинкою з яйце, м’ясо і сир, заморожений
168962;Листковий пиріжок, м’ясо- і сир-з начинкою, помідор-на основі соус, зі зниженим вмістом жиру, заморожений
167745;Туртле, зелений, у сирому вигляді
168010;UDI'S, Без глютену, Класичний Французький Готова страва Булочки
167598;UDI'S, Без глютену, М’який & Делікіаус Білий Сендвіч Хліб
167599;UDI'S, Без глютену, М’який & Хірти Цілий Зерно Хліб
167600;UDI'S, Без глютену, Цілий Зерно Готова страва Булочки
167601;VAN'S, Без глютену, Тоталли Оригінальний Млинці
168011;VAN'S, Без глютену, Тоталли Оригінальний Вафлі
168012;VAN'S, Перфект 10, Хрусткий Сікс Цілий Зерно + Фаур Насіння Печений Крекери, Без глютену
173471;Екстракт ванілі
172235;Екстракт ванілі, імітація, алкохол
172236;Екстракт ванілі, імітація, без алкохол
173850;Телятина, Австралійський, реберна частина, реберний відруб для запікання, відокремлювані пісне м’ясо та жир, у сирому вигляді
172478;Телятина, Австралійський, реберна частина, реберний відруб для запікання, лише відокремлюване пісне м’ясо, у сирому вигляді
173849;Телятина, Австралійський, відокремлюваний жир, у сирому вигляді
174433;Телятина, Австралійський, голяшка, передній, на кістці, відокремлювані пісне м’ясо та жир, у сирому вигляді
174432;Телятина, Австралійський, голяшка, передній, на кістці, лише відокремлюване пісне м’ясо, у сирому вигляді
172607;Телятина, Австралійський, голяшка, задній, на кістці, відокремлювані пісне м’ясо та жир, у сирому вигляді
172606;Телятина, Австралійський, голяшка, задній, на кістці, лише відокремлюване пісне м’ясо, у сирому вигляді
174394;Телятина, грудка, підчеревна частина половина, без кістки, відокремлювані пісне м’ясо та жир, після приготування, тушкований
174395;Телятина, грудка, гостра половина, без кістки, відокремлювані пісне м’ясо та жир, після приготування, тушкований
172567;Телятина, грудка, відокремлюваний жир, після приготування
174393;Телятина, грудка, цілий, без кістки, відокремлювані пісне м’ясо та жир, після приготування, тушкований
174392;Телятина, грудка, цілий, без кістки, відокремлювані пісне м’ясо та жир, у сирому вигляді
174396;Телятина, грудка, цілий, без кістки, лише відокремлюване пісне м’ясо, після приготування, тушкований
175267;Телятина, суміш обрізаних роздрібних відрубів, відокремлюваний жир, після приготування
175266;Телятина, суміш обрізаних роздрібних відрубів, відокремлюваний жир, у сирому вигляді
173816;Телятина, суміш обрізаних роздрібних відрубів, відокремлювані пісне м’ясо та жир, після приготування
173815;Телятина, суміш обрізаних роздрібних відрубів, відокремлювані пісне м’ясо та жир, у сирому вигляді
175265;Телятина, суміш обрізаних роздрібних відрубів, лише відокремлюване пісне м’ясо, після приготування
173817;Телятина, суміш обрізаних роздрібних відрубів, лише відокремлюване пісне м’ясо, у сирому вигляді
175289;Телятина, нарізаний кубиками для рагу (ніжка і плечова частина), лише відокремлюване пісне м’ясо, після приготування, тушкований
173843;Телятина, нарізаний кубиками для рагу (ніжка і плечова частина), лише відокремлюване пісне м’ясо, у сирому вигляді
174883;Телятина, зовнішній жир лише, після приготування
174882;Телятина, зовнішній жир лише, у сирому вигляді
172649;Телятина, передня голяшка, оссо буко, відокремлювані пісне м’ясо та жир, після приготування, тушкований
172646;Телятина, передня голяшка, оссо буко, лише відокремлюване пісне м’ясо, після приготування, тушкований
175291;Телятина, мелений, після приготування, підсмажений під грилем
174879;Телятина, мелений, після приготування, смажений на пательні
175290;Телятина, мелений, у сирому вигляді
173818;Телятина, ніжка (верхня частина стегна), відокремлювані пісне м’ясо та жир, після приготування, тушкований
173819;Телятина, ніжка (верхня частина стегна), відокремлювані пісне м’ясо та жир, після приготування, смажений на пательні, у паніровці
173820;Телятина, ніжка (верхня частина стегна), відокремлювані пісне м’ясо та жир, після приготування, смажений на пательні, не у паніровці
173821;Телятина, ніжка (верхня частина стегна), відокремлювані пісне м’ясо та жир, після приготування, запечений
175268;Телятина, ніжка (верхня частина стегна), відокремлювані пісне м’ясо та жир, у сирому вигляді
175270;Телятина, ніжка (верхня частина стегна), лише відокремлюване пісне м’ясо, після приготування, тушкований
175271;Телятина, ніжка (верхня частина стегна), лише відокремлюване пісне м’ясо, після приготування, смажений на пательні, у паніровці
175272;Телятина, ніжка (верхня частина стегна), лише відокремлюване пісне м’ясо, після приготування, смажений на пательні, не у паніровці
173822;Телятина, ніжка (верхня частина стегна), лише відокремлюване пісне м’ясо, після приготування, запечений
175269;Телятина, ніжка (верхня частина стегна), лише відокремлюване пісне м’ясо, у сирому вигляді
174880;Телятина, ніжка, верхня частина стегна, верхня частина без, котлета або відбивна, без кістки, після приготування, приготований на грилі
172643;Телятина, ніжка, верхня частина стегна, верхня частина без, котлета або відбивна, без кістки, у сирому вигляді
172650;Телятина, корейка, відбивна, відокремлювані пісне м’ясо та жир, після приготування, приготований на грилі
172644;Телятина, корейка, відбивна, лише відокремлюване пісне м’ясо, після приготування, приготований на грилі
173824;Телятина, корейка, відокремлювані пісне м’ясо та жир, після приготування, тушкований
173825;Телятина, корейка, відокремлювані пісне м’ясо та жир, після приготування, запечений
173823;Телятина, корейка, відокремлювані пісне м’ясо та жир, у сирому вигляді
175273;Телятина, корейка, лише відокремлюване пісне м’ясо, після приготування, тушкований
175274;Телятина, корейка, лише відокремлюване пісне м’ясо, після приготування, запечений
173826;Телятина, корейка, лише відокремлюване пісне м’ясо, у сирому вигляді
175276;Телятина, реберна частина, відокремлювані пісне м’ясо та жир, після приготування, тушкований
173827;Телятина, реберна частина, відокремлювані пісне м’ясо та жир, після приготування, запечений
175275;Телятина, реберна частина, відокремлювані пісне м’ясо та жир, у сирому вигляді
173829;Телятина, реберна частина, лише відокремлюване пісне м’ясо, після приготування, тушкований
173830;Телятина, реберна частина, лише відокремлюване пісне м’ясо, після приготування, запечений
173828;Телятина, реберна частина, лише відокремлюване пісне м’ясо, у сирому вигляді
172647;Телятина, міжм’язовий жир лише, після приготування
174884;Телятина, міжм’язовий жир лише, у сирому вигляді
172569;Телятина, голяшка (передній і задній), відокремлювані пісне м’ясо та жир, після приготування, тушкований
172568;Телятина, голяшка (передній і задній), відокремлювані пісне м’ясо та жир, у сирому вигляді
172571;Телятина, голяшка (передній і задній), лише відокремлюване пісне м’ясо, після приготування, тушкований
172570;Телятина, голяшка (передній і задній), лише відокремлюване пісне м’ясо, у сирому вигляді
172648;Телятина, голяшка, відокремлювані пісне м’ясо та жир, у сирому вигляді
172645;Телятина, голяшка, лише відокремлюване пісне м’ясо, у сирому вигляді
173834;Телятина, плечова частина, плечовий відруб, відокремлювані пісне м’ясо та жир, після приготування, тушкований
175281;Телятина, плечова частина, плечовий відруб, відокремлювані пісне м’ясо та жир, після приготування, запечений
173833;Телятина, плечова частина, плечовий відруб, відокремлювані пісне м’ясо та жир, у сирому вигляді
175283;Телятина, плечова частина, плечовий відруб, лише відокремлюване пісне м’ясо, після приготування, тушкований
175284;Телятина, плечова частина, плечовий відруб, лише відокремлюване пісне м’ясо, після приготування, запечений
175282;Телятина, плечова частина, плечовий відруб, лише відокремлюване пісне м’ясо, у сирому вигляді
172651;Телятина, плечова частина, лопаткова частина відбивна, відокремлювані пісне м’ясо та жир, після приготування, приготований на грилі
173835;Телятина, плечова частина, лопаткова частина відбивна, відокремлювані пісне м’ясо та жир, у сирому вигляді
174881;Телятина, плечова частина, лопаткова частина відбивна, лише відокремлюване пісне м’ясо, після приготування, приготований на грилі
173838;Телятина, плечова частина, лопаткова частина відбивна, лише відокремлюване пісне м’ясо, у сирому вигляді
173836;Телятина, плечова частина, лопаткова частина, відокремлювані пісне м’ясо та жир, після приготування, тушкований
173837;Телятина, плечова частина, лопаткова частина, відокремлювані пісне м’ясо та жир, після приготування, запечений
173839;Телятина, плечова частина, лопаткова частина, лише відокремлюване пісне м’ясо, після приготування, тушкований
175285;Телятина, плечова частина, лопаткова частина, лише відокремлюване пісне м’ясо, після приготування, запечений
175278;Телятина, плечова частина, цілий відруб (плечова частина та лопатка), відокремлювані пісне м’ясо та жир, після приготування, тушкований
175279;Телятина, плечова частина, цілий відруб (плечова частина та лопатка), відокремлювані пісне м’ясо та жир, після приготування, запечений
175277;Телятина, плечова частина, цілий відруб (плечова частина та лопатка), відокремлювані пісне м’ясо та жир, у сирому вигляді
173831;Телятина, плечова частина, цілий відруб (плечова частина та лопатка), лише відокремлюване пісне м’ясо, після приготування, тушкований
173832;Телятина, плечова частина, цілий відруб (плечова частина та лопатка), лише відокремлюване пісне м’ясо, після приготування, запечений
175280;Телятина, плечова частина, цілий відруб (плечова частина та лопатка), лише відокремлюване пісне м’ясо, у сирому вигляді
175287;Телятина, філейна частина, відокремлювані пісне м’ясо та жир, після приготування, тушкований
175288;Телятина, філейна частина, відокремлювані пісне м’ясо та жир, після приготування, запечений
175286;Телятина, філейна частина, відокремлювані пісне м’ясо та жир, у сирому вигляді
173841;Телятина, філейна частина, лише відокремлюване пісне м’ясо, після приготування, тушкований
173842;Телятина, філейна частина, лише відокремлюване пісне м’ясо, після приготування, запечений
173840;Телятина, філейна частина, лише відокремлюване пісне м’ясо, у сирому вигляді
174352;Телятина, субпродукти та побічні продукти, мозок, після приготування, тушкований
174353;Телятина, субпродукти та побічні продукти, мозок, після приготування, смажений на пательні
174351;Телятина, субпродукти та побічні продукти, мозок, у сирому вигляді
172530;Телятина, субпродукти та побічні продукти, серце, після приготування, тушкований
172529;Телятина, субпродукти та побічні продукти, серце, у сирому вигляді
174357;Телятина, субпродукти та побічні продукти, нирки, після приготування, тушкований
174356;Телятина, субпродукти та побічні продукти, нирки, у сирому вигляді
172535;Телятина, субпродукти та побічні продукти, печінка, після приготування, тушкований
174358;Телятина, субпродукти та побічні продукти, печінка, після приготування, смажений на пательні
172534;Телятина, субпродукти та побічні продукти, печінка, у сирому вигляді
172536;Телятина, субпродукти та побічні продукти, легені, після приготування, тушкований
174361;Телятина, субпродукти та побічні продукти, легені, у сирому вигляді
174363;Телятина, субпродукти та побічні продукти, підшлункова залоза, після приготування, тушкований
174362;Телятина, субпродукти та побічні продукти, підшлункова залоза, у сирому вигляді
172541;Телятина, субпродукти та побічні продукти, селезінка, після приготування, тушкований
172540;Телятина, субпродукти та побічні продукти, селезінка, у сирому вигляді
172543;Телятина, субпродукти та побічні продукти, вилочкова залоза, після приготування, тушкований
172542;Телятина, субпродукти та побічні продукти, вилочкова залоза, у сирому вигляді
174369;Телятина, субпродукти та побічні продукти, язик, після приготування, тушкований
174368;Телятина, субпродукти та побічні продукти, язик, у сирому вигляді
170063;Овочевий сік коктейль, консервований
170473;Овочевий сік коктейль, зі зниженим вмістом натрію, консервований
169767;Овочевий сік, BOLTHOUSE FARMS, DAILY GREENS
171422;Рослинна олія, пальма зерно
167691;Рослинна олія-вершкове масло спред, зі зниженою калорійністю
169085;Овочі, змішаний (кукурудза, лімська квасоля, горох, зелений квасоля, морква) консервований, без додавання солі
170065;Овочі, змішаний, консервований, відціджена тверда частина
170064;Овочі, змішаний, консервований, тверда частина та рідина
170142;Овочі, змішаний, заморожений, після приготування, відварений, відціджений, із сіллю
170472;Овочі, змішаний, заморожений, після приготування, відварений, відціджений, без солі
170471;Овочі, змішаний, заморожений, не приготовлений
169068;Вегетаріанський філе
169888;Вегетаріанський мітлоаф або котлети
174287;Веггі бургерс або сойбургерс, не приготовлений
169884;Вермішель, виготовлений з сой
172241;Оцет, балсамік
173469;Оцет, кідер
172237;Оцет, дистильований
172240;Оцет, червоний вино
170474;Вінеспінач, (баселла), у сирому вигляді
168147;Вітал пшениця глутен
175235;VITASOY USA Азумейа, Додатковий Щільний Тофу
175236;VITASOY USA Азумейа, Щільний Тофу
173786;VITASOY USA Азумейа, Шовковистий Тофу
173784;VITASOY USA NASOYA, Легкий Шовковистий Тофу
175234;VITASOY USA Органічний NASOYA Пророщений, Тофу Плюс Супер Щільний
173783;VITASOY USA Органічний NASOYA, М’який Тофу
173785;VITASOY USA Органічний NASOYA, Тофу Плюс Додатковий Щільний
175233;VITASOY USA Органічний NASOYA, Тофу Плюс Щільний
172468;VITASOY USA, NASOYA Легкий Щільний Тофу
173762;VITASOY USA, Органічний NASOYA Додатковий Щільний Тофу
173763;VITASOY USA, Органічний NASOYA Щільний Тофу
173764;VITASOY USA, Органічний NASOYA Шовковистий Тофу
174297;VITASOY USA, Органічний NASOYA Супер Щільний Нарізаний кубиками Тофу
175214;VITASOY USA, Вітасой Легкий Ванільний Соєве молоко
175213;VITASOY USA, Вітасой Органічний Класичний Оригінальний Соєве молоко
175212;VITASOY USA, Вітасой Органічний Кремовий Оригінальний Соєве молоко
167518;Вафля, маслянка, заморожений, готовий-до-нагрівання, приготований у мікрохвильовій печі
167517;Вафля, маслянка, заморожений, готовий-до-нагрівання, підсмажений
167519;Вафля, без добавок, заморожений, готовий-до-нагрівання, для мікрохвильової печі
167516;Вафлі, маслянка, заморожений, готовий-до-нагрівання
167524;Вафлі, шоколад чипс, заморожений, готовий-до-нагрівання
174105;Вафлі, без глютену, заморожений, готовий-до-нагрівання
175048;Вафлі, без добавок, заморожений, готовий -до-нагрівання, підсмажений
175038;Вафлі, без добавок, заморожений, готовий-до-нагрівання
175039;Вафлі, без добавок, приготований за рецептом
174085;Вафлі, цільнозерновий пшеничний, з низьким вмістом жиру, заморожений, готовий-до-нагрівання
171831;Васабі
168583;Васабі, рут, у сирому вигляді
170132;Водяний шпинат, після приготування, відварений, відціджений, із сіллю
169302;Водяний шпинат, після приготування, відварений, відціджений, без солі
169301;Водяний шпинат, у сирому вигляді
174158;Вода, бутильований, без зазначення марки
173657;Вода, бутильований, негазований, NAYA
171926;Вода, негазований, боттлес, натуральний фрукти смаки, підсолоджений з низькокалорійний підсолоджувач
171940;Вода, з кукурудзяний сироп і/або цукор і низькокалорійний підсолоджувач, із фруктовим смаком
170066;Ватерчестнутс, китайський, (матей), у сирому вигляді
170067;Ватерчестнутс, китайський, консервований, тверда частина та рідина
170068;Водяний крес, у сирому вигляді
167765;Кавун, у сирому вигляді
170549;Ваксгаурд, (китайський пресервінг диня), після приготування, відварений, відціджений, із сіллю
170475;Ваксгаурд, (китайський пресервінг диня), після приготування, відварений, відціджений, без солі
170069;Ваксгаурд, (китайський пресервінг диня), у сирому вигляді
169722;Пшениця висівки, круде
172018;Пшеничне борошно, білий (промисловий), 10% білок, вибілений, збагачений
172019;Пшеничне борошно, білий (промисловий), 10% білок, вибілений, незбагачений
168938;Пшеничне борошно, білий (промисловий), 10% білок, невибілений, збагачений
168939;Пшеничне борошно, білий (промисловий), 11.5% білок, вибілений, збагачений
168940;Пшеничне борошно, білий (промисловий), 11.5% білок, вибілений, незбагачений
168941;Пшеничне борошно, білий (промисловий), 11.5% білок, невибілений, збагачений
168942;Пшеничне борошно, білий (промисловий), 13% білок, вибілений, збагачений
172020;Пшеничне борошно, білий (промисловий), 13% білок, вибілений, незбагачений
172021;Пшеничне борошно, білий (промисловий), 15% білок, вибілений, збагачений
172022;Пшеничне борошно, білий (промисловий), 15% білок, вибілений, незбагачений
172016;Пшеничне борошно, білий (промисловий), 9% білок, вибілений, збагачений
172017;Пшеничне борошно, білий (промисловий), 9% білок, вибілений, незбагачений
168894;Пшеничне борошно, білий, універсальний, збагачений, вибілений
169754;Пшеничне борошно, білий, універсальний, збагачений, кальцій-збагачений
168936;Пшеничне борошно, білий, універсальний, збагачений, невибілений
168895;Пшеничне борошно, білий, універсальний, самопіднімальний, збагачений
169761;Пшеничне борошно, білий, універсальний, незбагачений
168896;Пшеничне борошно, білий, хліб, збагачений
169723;Пшеничне борошно, білий, торт або кекс, збагачений
169724;Пшеничне борошно, білий, тортилья суміш, збагачений
168893;Пшеничне борошно, цілий-зерно (Включає харчові продукти для USDA'с Харчовий продукт Розподіл Програма)
168944;Пшеничне борошно, цілий-зерно, м’який пшениця
168913;Пшениця флаурс, хліб, незбагачений
168892;Пшениця зародки зерна, круде
169744;Пшениця, KAMUT хорасан, після приготування
169743;Пшениця, KAMUT хорасан, не приготовлений
169721;Пшениця, дурум
168889;Пшениця, твердий червоний спрінг
168890;Пшениця, твердий червоний зимовий
169719;Пшениця, твердий білий
168891;Пшениця, м’який червоний зимовий
169720;Пшениця, м’який білий
169725;Пшениця, пророщений
171281;Сироватка, кислота, сушений
170885;Сироватка, кислота, рідкий
171283;Сироватка, солодкий, сушений
171282;Сироватка, солодкий, рідкий
169899;Збитий вершки замінник, дітетік, виготовлений з порошкоподібний суміш
167687;Збитий топінг, заморожений, з низьким вмістом жиру
173661;Віскі кислий суміш, бутильований, з доданий потассіум і натрій
168897;Дикий рис, після приготування
169726;Дикий рис, у сирому вигляді
170478;Вінгед квасоля листя, у сирому вигляді
170070;Вінгед квасоля тубер, у сирому вигляді
170550;Вінгед квасоля, незріле насіння, після приготування, відварений, відціджений, із сіллю
170477;Крилаті боби, незріле насіння, після приготування, відварений, відціджений, без солі
170476;Крилаті боби, незріле насіння, у сирому вигляді
172477;Крилаті боби, зріле насіння, після приготування, відварений, із сіллю
172453;Крилаті боби, зріле насіння, після приготування, відварений, без солі
174283;Крилаті боби, зріле насіння, у сирому вигляді
172802;Вонтон врапперс (включає яйце булочка врапперс)
172960;Иачтвурст, з пістачіо горіхи, після приготування
170551;Ямс, після приготування, відварений, відціджений, або печений, із сіллю
170072;Ямс, після приготування, відварений, відціджений, або печений, без солі
170071;Ямс, у сирому вигляді
169358;Иамбін (джікама), після приготування, відварений, відціджений, із сіллю
170074;Иамбін (джікама), після приготування, відварений, відціджений, без солі
170073;Иамбін (джікама), у сирому вигляді
169359;Иардлонг квасоля, після приготування, відварений, відціджений, із сіллю
169223;Иардлонг квасоля, після приготування, відварений, відціджений, без солі
169222;Иардлонг квасоля, у сирому вигляді
174306;Иардлонг квасоля, зріле насіння, після приготування, відварений, із сіллю
174282;Иардлонг квасоля, зріле насіння, після приготування, відварений, без солі
174281;Иардлонг квасоля, зріле насіння, у сирому вигляді
169401;Иотіа (таннір), у сирому вигляді
167717;Дріжджі екстракт спред
168956;Жовтий рис з приправа, сухий пакет суміш, не приготовлений
170864;Йогурт, Грецький, 2% жир, абрикос, CHOBANI
173434;Йогурт, Грецький, 2% жир, кі лайм суміш, CHOBANI
172199;Йогурт, Грецький, 2% жир, манго, CHOBANI
170909;Йогурт, Грецький, 2% жир, ананас, CHOBANI
170912;Йогурт, Грецький, 2% жир, полуниця банан, CHOBANI
170891;Йогурт, Грецький, 2% жир, змішаний ягідний суміш, CHOBANI
171260;Йогурт, Грецький, 2%жир, кокос суміш, CHOBANI
170914;Йогурт, Грецький, Чорниця або лохина, CHOBANI
170905;Йогурт, Грецький, фрукти, із незбираного молока
170916;Йогурт, Грецький, знежирений, Фрукти з Нижній, Ожина, CHOBANI
170913;Йогурт, Грецький, знежирений, Фрукти з Нижній, Гранат, CHOBANI
170915;Йогурт, Грецький, знежирений, Фрукти з Нижній, Полуниця, CHOBANI
171310;Йогурт, Грецький, знежирений, лимон суміш, CHOBANI
171311;Йогурт, Грецький, знежирений, персик, CHOBANI
171312;Йогурт, Грецький, знежирений, без добавок, CHOBANI
171313;Йогурт, Грецький, знежирений, малина, CHOBANI
171299;Йогурт, Грецький, знежирений, полуниця, DANNON OIKOS
171296;Йогурт, Грецький, знежирений, ванільний, CHOBANI
171298;Йогурт, Грецький, знежирений, ванільний, DANNON OIKOS
170903;Йогурт, Грецький, без добавок, з низьким вмістом жиру
170894;Йогурт, Грецький, без добавок, знежирений (Включає харчові продукти для USDA'с Харчовий продукт Розподіл Програма)
171304;Йогурт, Грецький, без добавок, із незбираного молока
171297;Йогурт, Грецький, полуниця, DANNON OIKOS
171300;Йогурт, Грецький, полуниця, з низьким вмістом жиру
170901;Йогурт, Грецький, полуниця, знежирений
170907;Йогурт, Грецький, ванільний, з низьким вмістом жиру
170902;Йогурт, Грецький, ванільний, знежирений
171309;Йогурт, Грецький, цілий, без добавок, CHOBANI
172208;Йогурт, шоколад, знежирений молоко
172221;Йогурт, шоколад, знежирений молоко, збагачений вітаміном Д
173464;Йогурт, заморожений, смаки не шоколад, знежирений молоко, з низький-калорійність підсолоджувач
170908;Йогурт, заморожений, смаки інші ніж шоколад, з низьким вмістом жиру
169898;Йогурт, фрукти варіти, знежирений
173458;Йогурт, фрукти варіти, знежирений, збагачений вітаміном Д
171285;Йогурт, фрукти, з низьким вмістом жиру, 10 грамс білок на 8 аунке
173457;Йогурт, фрукти, з низьким вмістом жиру, 10 грамс білок на 8 аунке, збагачений вітаміном Д
171286;Йогурт, фрукти, з низьким вмістом жиру, 11г білок/8 оз
173456;Йогурт, фрукти, з низьким вмістом жиру, 9 грамс білок на 8 аунке, збагачений вітаміном Д
170889;Йогурт, фрукти, з низьким вмістом жиру, 9 г білок/8 оз
173451;Йогурт, фрукти, з низьким вмістом жиру, з низькокалорійний підсолоджувач
172218;Йогурт, фрукти, з низьким вмістом жиру, з низькокалорійний підсолоджувач, збагачений вітаміном Д
170886;Йогурт, без добавок, з низьким вмістом жиру
170887;Йогурт, без добавок, зі знежиреного молока
171284;Йогурт, без добавок, із незбираного молока
173463;Йогурт, ванільний смак, з низьким вмістом жиру молоко, підсолоджений з низькокалорійний підсолоджувач
173445;Йогурт, ванільний або лимон смак, знежирений молоко, підсолоджений з низький-калорійність підсолоджувач
172220;Йогурт, ванільний або лимон смак, знежирений молоко, підсолоджений з низький-калорійність підсолоджувач, збагачений вітаміном Д
172219;Йогурт, ванільний, з низьким вмістом жиру, збагачений вітаміном Д
170888;Йогурт, ванільний, з низьким вмістом жиру.
170906;Йогурт, ванільний, знежирений
173730;Йокан, приготований з квасоля адзукі і цукор
171372;Цвібак
